# Crimson page-watch change log — one line per baseline/change/error/flap.
2026-08-27T17:20:45.669730+00:00  BASELINE https://docs.google.com/document/d/1upqE9BA2fnDPZqtfLzWLDiO4rYdPpSas7nnbMZg5N3Y/edit  ch=sandbox
2026-08-27T17:40:48.991766+00:00  CHANGED  https://docs.google.com/document/d/1upqE9BA2fnDPZqtfLzWLDiO4rYdPpSas7nnbMZg5N3Y/edit  by=dhruv.patel  ch=sandbox  via=DM->dhruv.patel
2026-08-28T15:11:32.599605+00:00  ERROR    https://docs.google.com/document/d/1upqE9BA2fnDPZqtfLzWLDiO4rYdPpSas7nnbMZg5N3Y/edit  The read operation timed out
2026-09-01T02:39:15.277122+00:00  BASELINE https://thecrimson.com  ch=directmessage
2026-09-01T04:46:31.834948+00:00  CHANGED  https://thecrimson.com  by=dhruv.patel  ch=directmessage  via=DM->dhruv.patel
2026-09-01T05:31:26.774372+00:00  CHANGED  https://thecrimson.com  by=dhruv.patel  ch=directmessage  via=DM->dhruv.patel
2026-09-01T05:36:28.010556+00:00  CHANGED  https://thecrimson.com  by=dhruv.patel  ch=directmessage  via=DM->dhruv.patel
2026-09-01T06:11:39.648549+00:00  CHANGED  https://thecrimson.com  by=dhruv.patel  ch=directmessage  via=DM->dhruv.patel
2026-09-01T12:06:38.037353+00:00  CHANGED  https://thecrimson.com  by=dhruv.patel  ch=directmessage  via=DM->dhruv.patel
2026-09-01T12:11:39.187950+00:00  CHANGED  https://thecrimson.com  by=dhruv.patel  ch=directmessage  via=DM->dhruv.patel
2026-09-01T13:02:44.287641+00:00  CHANGED  https://thecrimson.com  by=dhruv.patel  ch=directmessage  via=DM->dhruv.patel
2026-09-01T13:54:13.387967+00:00  CHANGED  https://thecrimson.com  by=dhruv.patel  ch=directmessage  via=DM->dhruv.patel
2026-09-01T14:14:18.709546+00:00  CHANGED  https://thecrimson.com  by=dhruv.patel  ch=directmessage  via=DM->dhruv.patel
2026-09-01T15:11:37.690284+00:00  CHANGED  https://thecrimson.com  by=dhruv.patel  ch=directmessage  via=DM->dhruv.patel
2026-09-01T15:26:41.524455+00:00  CHANGED  https://thecrimson.com  by=dhruv.patel  ch=directmessage  via=DM->dhruv.patel
2026-09-01T16:06:45.346280+00:00  CHANGED  https://thecrimson.com  by=dhruv.patel  ch=directmessage  via=DM->dhruv.patel
2026-09-01T20:32:46.061213+00:00  CHANGED  https://thecrimson.com  by=dhruv.patel  ch=directmessage  via=DM->dhruv.patel
2026-09-01T22:06:32.614203+00:00  CHANGED  https://thecrimson.com  by=dhruv.patel  ch=directmessage  via=DM->dhruv.patel
2026-09-01T22:11:34.340772+00:00  CHANGED  https://thecrimson.com  by=dhruv.patel  ch=directmessage  via=DM->dhruv.patel
2026-09-02T00:11:55.971473+00:00  CHANGED  https://thecrimson.com  by=dhruv.patel  ch=directmessage  via=DM->dhruv.patel
2026-09-02T00:16:57.429581+00:00  CHANGED  https://thecrimson.com  by=dhruv.patel  ch=directmessage  via=DM->dhruv.patel
2026-09-02T00:21:58.775592+00:00  CHANGED  https://thecrimson.com  by=dhruv.patel  ch=directmessage  via=DM->dhruv.patel
2026-09-02T00:56:29.744058+00:00  CHANGED  https://thecrimson.com  by=dhruv.patel  ch=directmessage  via=DM->dhruv.patel
2026-09-02T01:48:15.409004+00:00  CHANGED  https://thecrimson.com  by=dhruv.patel  ch=directmessage  via=DM->dhruv.patel
2026-09-02T02:19:39.513345+00:00  CHANGED  https://thecrimson.com  by=dhruv.patel  ch=directmessage  via=DM->dhruv.patel
2026-09-02T02:24:41.006591+00:00  CHANGED  https://thecrimson.com  by=dhruv.patel  ch=directmessage  via=DM->dhruv.patel
2026-09-02T03:46:40.675730+00:00  CHANGED  https://thecrimson.com  by=dhruv.patel  ch=directmessage  via=DM->dhruv.patel
2026-09-02T04:01:32.670783+00:00  CHANGED  https://thecrimson.com  by=dhruv.patel  ch=directmessage  via=DM->dhruv.patel
2026-09-02T05:26:27.825759+00:00  BASELINE https://www.thecrimson.com/article/2026/9/1/live-results-2026-primary/  ch=directmessage
2026-09-02T06:16:25.543812+00:00  CHANGED  https://thecrimson.com  by=dhruv.patel  ch=directmessage  via=DM->dhruv.patel
2026-09-02T06:31:41.955227+00:00  CHANGED  https://thecrimson.com  by=dhruv.patel  ch=directmessage  via=DM->dhruv.patel
2026-09-02T06:56:48.158615+00:00  CHANGED  https://thecrimson.com  by=dhruv.patel  ch=directmessage  via=DM->dhruv.patel
2026-09-02T12:01:05.630732+00:00  CHANGED  https://thecrimson.com  by=dhruv.patel  ch=directmessage  via=DM->dhruv.patel
2026-09-02T12:11:08.034971+00:00  CHANGED  https://thecrimson.com  by=dhruv.patel  ch=directmessage  via=DM->dhruv.patel
2026-09-02T15:01:15.941737+00:00  CHANGED  https://thecrimson.com  by=dhruv.patel  ch=directmessage  via=DM->dhruv.patel
2026-09-02T15:06:17.638045+00:00  CHANGED  https://thecrimson.com  by=dhruv.patel  ch=directmessage  via=DM->dhruv.patel
2026-09-02T16:13:43.796672+00:00  CHANGED  https://thecrimson.com  by=dhruv.patel  ch=directmessage  via=DM->dhruv.patel
2026-09-02T18:21:04.912824+00:00  CHANGED  https://thecrimson.com  by=dhruv.patel  ch=directmessage  via=DM->dhruv.patel
2026-09-02T21:20:09.526791+00:00  CHANGED  https://thecrimson.com  by=dhruv.patel  ch=directmessage  via=DM->dhruv.patel
2026-09-03T01:16:51.269168+00:00  CHANGED  https://thecrimson.com  by=dhruv.patel  ch=directmessage  via=DM->dhruv.patel
2026-09-03T04:01:03.097174+00:00  CHANGED  https://thecrimson.com  by=dhruv.patel  ch=directmessage  via=DM->dhruv.patel
2026-09-03T04:06:04.140379+00:00  CHANGED  https://thecrimson.com  by=dhruv.patel  ch=directmessage  via=DM->dhruv.patel
2026-09-03T04:06:04.140379+00:00  CHANGED  https://www.thecrimson.com/article/2026/9/1/live-results-2026-primary/  by=dhruv.patel  ch=directmessage  via=DM->dhruv.patel
2026-09-03T06:35:58.381685+00:00  CHANGED  https://thecrimson.com  by=dhruv.patel  ch=directmessage  via=DM->dhruv.patel
2026-09-03T12:01:45.535466+00:00  CHANGED  https://thecrimson.com  by=dhruv.patel  ch=directmessage  via=DM->dhruv.patel
2026-09-03T12:16:49.596578+00:00  CHANGED  https://thecrimson.com  by=dhruv.patel  ch=directmessage  via=DM->dhruv.patel
2026-09-03T14:12:56.757472+00:00  CHANGED  https://thecrimson.com  by=dhruv.patel  ch=directmessage  via=DM->dhruv.patel
2026-09-03T15:47:06.770154+00:00  CHANGED  https://thecrimson.com  by=dhruv.patel  ch=directmessage  via=DM->dhruv.patel
2026-09-03T21:29:52.422066+00:00  CHANGED  https://thecrimson.com  by=dhruv.patel  ch=directmessage  via=DM->dhruv.patel
2026-09-03T21:56:22.055686+00:00  CHANGED  https://thecrimson.com  by=dhruv.patel  ch=directmessage  via=DM->dhruv.patel
2026-09-03T22:06:18.581120+00:00  CHANGED  https://thecrimson.com  by=dhruv.patel  ch=directmessage  via=DM->dhruv.patel
2026-09-04T01:37:49.054966+00:00  CHANGED  https://thecrimson.com  by=dhruv.patel  ch=directmessage  via=DM->dhruv.patel
2026-09-04T03:41:20.032994+00:00  CHANGED  https://thecrimson.com  by=dhruv.patel  ch=directmessage  via=DM->dhruv.patel
2026-09-04T10:56:33.483586+00:00  CHANGED  https://thecrimson.com  by=dhruv.patel  ch=directmessage  via=DM->dhruv.patel
2026-09-04T11:21:17.541208+00:00  CHANGED  https://thecrimson.com  by=dhruv.patel  ch=directmessage  via=DM->dhruv.patel
2026-09-04T12:01:12.141968+00:00  CHANGED  https://thecrimson.com  by=dhruv.patel  ch=directmessage  via=DM->dhruv.patel
2026-09-04T14:29:09.586182+00:00  CHANGED  https://thecrimson.com  by=dhruv.patel  ch=directmessage  via=DM->dhruv.patel
2026-09-04T16:11:13.412175+00:00  CHANGED  https://thecrimson.com  by=dhruv.patel  ch=directmessage  via=DM->dhruv.patel
2026-09-04T19:03:25.191078+00:00  CHANGED  https://thecrimson.com  by=dhruv.patel  ch=directmessage  via=DM->dhruv.patel
2026-09-05T02:57:18.980924+00:00  BASELINE https://docs.google.com/document/d/1upqE9BA2fnDPZqtfLzWLDiO4rYdPpSas7nnbMZg5N3Y/edit  ch=sandbox
2026-09-05T02:57:18.980924+00:00  BASELINE https://thecrimson.com  ch=directmessage
2026-09-05T02:57:18.980924+00:00  BASELINE https://thecrimson.com  ch=matteo-internal
2026-09-05T02:57:18.980924+00:00  BASELINE https://thecrimson.com  ch=directmessage
2026-09-05T02:57:18.980924+00:00  BASELINE https://www.thecrimson.com/article/2026/9/1/live-results-2026-primary/  ch=directmessage
2026-09-05T02:57:18.980924+00:00  BASELINE https://thecrimson.com  ch=directmessage
2026-09-05T16:30:40.198735+00:00  ERROR    https://www.fas.harvard.edu/initiatives  HTTP Error 403: Forbidden
2026-09-05T16:30:40.198735+00:00  BASELINE https://www.harvard.edu/federal-lawsuits/  ch=directmessage
2026-09-05T16:30:40.198735+00:00  BASELINE https://www.hks.harvard.edu  ch=directmessage
2026-09-05T16:30:40.198735+00:00  BASELINE https://www.thecrimson.com/widget/2026/9/1/live-results-2026/  ch=directmessage
2026-09-05T16:30:40.198735+00:00  BASELINE https://gocrimson.com  ch=directmessage
2026-09-05T16:30:40.198735+00:00  BASELINE https://gocrimson.com/  ch=directmessage
2026-09-05T16:30:40.198735+00:00  BASELINE https://hls.harvard.edu  ch=directmessage
2026-09-05T16:30:40.198735+00:00  ERROR    https://dso.college.harvard.edu/office-culture-community/about-culture-community  HTTP Error 403: Forbidden
2026-09-05T16:30:40.198735+00:00  BASELINE https://www.gse.harvard.edu/ideas/news  ch=directmessage
2026-09-05T16:30:40.198735+00:00  BASELINE https://seas.harvard.edu/  ch=directmessage
2026-09-05T16:30:40.198735+00:00  BASELINE https://college.harvard.edu/about/dean-deming/deans-office-staff  ch=directmessage
2026-09-05T16:30:40.198735+00:00  BASELINE https://allstonbrightoncdc.org  ch=directmessage
2026-09-05T16:30:40.198735+00:00  ERROR    https://forklightning.substack.com/  HTTP Error 403: Forbidden
2026-09-05T16:30:40.198735+00:00  BASELINE https://hls.harvard.edu/today/  ch=directmessage
2026-09-05T16:35:41.323876+00:00  ERROR    https://www.fas.harvard.edu/initiatives  HTTP Error 403: Forbidden
2026-09-05T16:35:41.323876+00:00  BASELINE https://seas.harvard.edu/faculty  ch=directmessage
2026-09-05T16:35:41.323876+00:00  ERROR    https://dso.college.harvard.edu/office-culture-community/about-harvard-foundation  HTTP Error 403: Forbidden
2026-09-05T16:35:41.323876+00:00  ERROR    https://titleix.college.harvard.edu/resources  HTTP Error 403: Forbidden
2026-09-05T16:35:41.323876+00:00  BASELINE https://progressivecambridge.org/  ch=directmessage
2026-09-05T16:35:41.323876+00:00  BASELINE https://13f.info/manager/0001082621-harvard-management-co-inc  ch=directmessage
2026-09-05T16:35:41.323876+00:00  ERROR    https://www.hupd.harvard.edu/campus-hazing-transparency-report  HTTP Error 403: Forbidden
2026-09-05T16:35:41.323876+00:00  BASELINE https://college.harvard.edu/admissions  ch=directmessage
2026-09-05T16:35:41.323876+00:00  BASELINE https://www.cambridgema.gov/departments/transportation/news  ch=directmessage
2026-09-05T16:35:41.323876+00:00  BASELINE https://www.cambridgema.gov/news  ch=directmessage
2026-09-05T16:35:41.323876+00:00  BASELINE https://www.cambridgema.gov/departments/citymanagersoffice  ch=directmessage
2026-09-05T16:35:41.323876+00:00  BASELINE https://gsas.harvard.edu/programs/life-sciences  ch=directmessage
2026-09-05T16:35:41.323876+00:00  BASELINE https://hls.harvard.edu/academics/curriculum/2026-2027-course-and-schedule-updates/  ch=directmessage
2026-09-05T16:35:41.323876+00:00  BASELINE https://college.harvard.edu/admissions  ch=directmessage
2026-09-05T16:40:43.051075+00:00  ERROR    https://www.fas.harvard.edu/initiatives  HTTP Error 403: Forbidden
2026-09-05T16:40:43.051075+00:00  ERROR    https://dso.college.harvard.edu/office-culture-community/about-harvard-foundation  HTTP Error 403: Forbidden
2026-09-05T16:40:43.051075+00:00  BASELINE https://www.justice.gov/opa/pr/justice-department-launches-investigation-determine-whether-harvards-china-based-financial  ch=directmessage
2026-09-05T16:40:43.051075+00:00  BASELINE https://studentsforfairadmissions.org/  ch=directmessage
2026-09-05T16:40:43.051075+00:00  BASELINE https://college.harvard.edu/financial-aid  ch=directmessage
2026-09-05T16:45:44.022952+00:00  ERROR    https://www.fas.harvard.edu/initiatives  HTTP Error 403: Forbidden
2026-09-05T16:45:44.022952+00:00  ERROR    https://dso.college.harvard.edu/office-culture-community/about-harvard-foundation  HTTP Error 403: Forbidden
2026-09-05T16:45:44.022952+00:00  BASELINE https://www.courtlistener.com/docket/72090192/president-and-fellows-of-harvard-college-v-us-department-of-health-and/?order_by=desc  ch=directmessage
2026-09-05T16:45:44.022952+00:00  BASELINE https://www.courtlistener.com/docket/72520538/united-states-v-president-and-fellows-of-harvard-college/?order_by=desc  ch=directmessage
2026-09-05T16:45:44.022952+00:00  BASELINE https://www.courtlistener.com/docket/72275604/united-states-v-president-and-fellows-of-harvard-college-harvard/?order_by=desc  ch=directmessage
2026-09-05T16:50:45.296697+00:00  ERROR    https://www.fas.harvard.edu/initiatives  HTTP Error 403: Forbidden
2026-09-05T16:50:45.296697+00:00  ERROR    https://dso.college.harvard.edu/office-culture-community/about-harvard-foundation  HTTP Error 403: Forbidden
2026-09-05T16:50:45.296697+00:00  BASELINE https://academicpositions.harvard.edu/postings/search?utf8=%E2%9C%93&query=&query_v0_posted_at_date=day&388%5B%5D=10&commit=Search  ch=directmessage
2026-09-05T16:50:45.296697+00:00  BASELINE https://academicpositions.harvard.edu/postings/search?utf8=%E2%9C%93&query=&query_v0_posted_at_date=day&388%5B%5D=15&commit=Search  ch=directmessage
2026-09-05T16:55:46.989492+00:00  ERROR    https://www.fas.harvard.edu/initiatives  HTTP Error 403: Forbidden
2026-09-05T16:55:46.989492+00:00  ERROR    https://dso.college.harvard.edu/office-culture-community/about-harvard-foundation  HTTP Error 403: Forbidden
2026-09-05T17:00:43.724200+00:00  ERROR    https://www.fas.harvard.edu/initiatives  HTTP Error 403: Forbidden
2026-09-05T17:00:43.724200+00:00  ERROR    https://dso.college.harvard.edu/office-culture-community/about-harvard-foundation  HTTP Error 403: Forbidden
2026-09-05T17:05:45.882639+00:00  ERROR    https://www.fas.harvard.edu/initiatives  HTTP Error 403: Forbidden
2026-09-05T17:05:45.882639+00:00  ERROR    https://dso.college.harvard.edu/office-culture-community/about-harvard-foundation  HTTP Error 403: Forbidden
2026-09-05T17:05:45.882639+00:00  ERROR    https://www.hupd.harvard.edu/campus-hazing-transparency-report  HTTP Error 403: Forbidden
2026-09-05T17:05:45.882639+00:00  ERROR    https://www.war.gov/News/releases/  HTTP Error 403: Forbidden
2026-09-05T17:05:45.882639+00:00  BASELINE https://www.ed.gov/about/news/press-release  ch=directmessage
2026-09-05T17:05:45.882639+00:00  BASELINE https://www.justice.gov/news  ch=directmessage
2026-09-05T17:10:48.102974+00:00  ERROR    https://www.fas.harvard.edu/initiatives  HTTP Error 403: Forbidden
2026-09-05T17:10:48.102974+00:00  ERROR    https://dso.college.harvard.edu/office-culture-community/about-harvard-foundation  HTTP Error 403: Forbidden
2026-09-05T17:10:48.102974+00:00  ERROR    https://www.war.gov/News/releases/  HTTP Error 403: Forbidden
2026-09-05T17:15:50.055367+00:00  ERROR    https://www.fas.harvard.edu/initiatives  HTTP Error 403: Forbidden
2026-09-05T17:15:50.055367+00:00  ERROR    https://dso.college.harvard.edu/office-culture-community/about-harvard-foundation  HTTP Error 403: Forbidden
2026-09-05T17:15:50.055367+00:00  ERROR    https://www.war.gov/News/releases/  HTTP Error 403: Forbidden
2026-09-05T17:15:50.055367+00:00  ERROR    https://www.hhs.gov/press-room/index.html  HTTP Error 403: Forbidden
2026-09-05T17:20:52.426057+00:00  ERROR    https://www.fas.harvard.edu/initiatives  HTTP Error 403: Forbidden
2026-09-05T17:20:52.426057+00:00  ERROR    https://dso.college.harvard.edu/office-culture-community/about-harvard-foundation  HTTP Error 403: Forbidden
2026-09-05T17:20:52.426057+00:00  ERROR    https://www.war.gov/News/releases/  HTTP Error 403: Forbidden
2026-09-05T17:20:52.426057+00:00  ERROR    https://www.hhs.gov/press-room/index.html  HTTP Error 403: Forbidden
2026-09-05T17:20:52.426057+00:00  BASELINE https://www.harvard.edu/media-relations/category/press-releases/  ch=directmessage
2026-09-05T17:20:52.426057+00:00  BASELINE https://www.radcliffe.harvard.edu/press-releases-2  ch=directmessage
2026-09-05T17:25:54.130232+00:00  ERROR    https://www.fas.harvard.edu/initiatives  HTTP Error 403: Forbidden
2026-09-05T17:25:54.130232+00:00  ERROR    https://dso.college.harvard.edu/office-culture-community/about-harvard-foundation  HTTP Error 403: Forbidden
2026-09-05T17:25:54.130232+00:00  ERROR    https://www.war.gov/News/releases/  HTTP Error 403: Forbidden
2026-09-05T17:25:54.130232+00:00  ERROR    https://www.hhs.gov/press-room/index.html  HTTP Error 403: Forbidden
2026-09-05T17:30:40.470420+00:00  ERROR    https://www.fas.harvard.edu/initiatives  HTTP Error 403: Forbidden
2026-09-05T17:30:40.470420+00:00  ERROR    https://dso.college.harvard.edu/office-culture-community/about-culture-community  HTTP Error 403: Forbidden
2026-09-05T17:30:40.470420+00:00  ERROR    https://forklightning.substack.com/  HTTP Error 403: Forbidden
2026-09-05T17:30:40.470420+00:00  ERROR    https://dso.college.harvard.edu/office-culture-community/about-harvard-foundation  HTTP Error 403: Forbidden
2026-09-05T17:30:40.470420+00:00  ERROR    https://www.war.gov/News/releases/  HTTP Error 403: Forbidden
2026-09-05T17:30:40.470420+00:00  ERROR    https://www.hhs.gov/press-room/index.html  HTTP Error 403: Forbidden
2026-09-05T17:30:40.470420+00:00  BASELINE https://secretary.college.harvard.edu/data/  ch=directmessage
2026-09-05T17:35:42.049163+00:00  ERROR    https://www.fas.harvard.edu/initiatives  HTTP Error 403: Forbidden
2026-09-05T17:35:42.049163+00:00  ERROR    https://dso.college.harvard.edu/office-culture-community/about-harvard-foundation  HTTP Error 403: Forbidden
2026-09-05T17:35:42.049163+00:00  ERROR    https://titleix.college.harvard.edu/resources  HTTP Error 403: Forbidden
2026-09-05T17:35:42.049163+00:00  ERROR    https://www.hupd.harvard.edu/campus-hazing-transparency-report  HTTP Error 403: Forbidden
2026-09-05T17:35:42.049163+00:00  ERROR    https://www.war.gov/News/releases/  HTTP Error 403: Forbidden
2026-09-05T17:35:42.049163+00:00  ERROR    https://www.hhs.gov/press-room/index.html  HTTP Error 403: Forbidden
2026-09-05T17:40:44.338368+00:00  ERROR    https://www.fas.harvard.edu/initiatives  HTTP Error 403: Forbidden
2026-09-05T17:40:44.338368+00:00  ERROR    https://dso.college.harvard.edu/office-culture-community/about-harvard-foundation  HTTP Error 403: Forbidden
2026-09-05T17:40:44.338368+00:00  ERROR    https://www.war.gov/News/releases/  HTTP Error 403: Forbidden
2026-09-05T17:40:44.338368+00:00  ERROR    https://www.hhs.gov/press-room/index.html  HTTP Error 403: Forbidden
2026-09-05T17:45:46.396705+00:00  ERROR    https://www.fas.harvard.edu/initiatives  HTTP Error 403: Forbidden
2026-09-05T17:45:46.396705+00:00  ERROR    https://dso.college.harvard.edu/office-culture-community/about-harvard-foundation  HTTP Error 403: Forbidden
2026-09-05T17:45:46.396705+00:00  ERROR    https://www.war.gov/News/releases/  HTTP Error 403: Forbidden
2026-09-05T17:45:46.396705+00:00  ERROR    https://www.hhs.gov/press-room/index.html  HTTP Error 403: Forbidden
2026-09-05T17:50:48.107287+00:00  ERROR    https://www.fas.harvard.edu/initiatives  HTTP Error 403: Forbidden
2026-09-05T17:50:48.107287+00:00  ERROR    https://dso.college.harvard.edu/office-culture-community/about-harvard-foundation  HTTP Error 403: Forbidden
2026-09-05T17:50:48.107287+00:00  ERROR    https://www.war.gov/News/releases/  HTTP Error 403: Forbidden
2026-09-05T17:50:48.107287+00:00  ERROR    https://www.hhs.gov/press-room/index.html  HTTP Error 403: Forbidden
2026-09-05T17:55:49.366683+00:00  ERROR    https://www.fas.harvard.edu/initiatives  HTTP Error 403: Forbidden
2026-09-05T17:55:49.366683+00:00  ERROR    https://dso.college.harvard.edu/office-culture-community/about-harvard-foundation  HTTP Error 403: Forbidden
2026-09-05T17:55:49.366683+00:00  CHANGED  https://www.courtlistener.com/docket/72520538/united-states-v-president-and-fellows-of-harvard-college/?order_by=desc  by=hugo.chiasson  ch=directmessage  via=DM->hugo.chiasson
2026-09-05T17:55:49.366683+00:00  ERROR    https://www.war.gov/News/releases/  HTTP Error 403: Forbidden
2026-09-05T17:55:49.366683+00:00  ERROR    https://www.hhs.gov/press-room/index.html  HTTP Error 403: Forbidden
2026-09-05T18:00:44.885706+00:00  ERROR    https://www.fas.harvard.edu/initiatives  HTTP Error 403: Forbidden
2026-09-05T18:00:44.885706+00:00  ERROR    https://dso.college.harvard.edu/office-culture-community/about-harvard-foundation  HTTP Error 403: Forbidden
2026-09-05T18:00:44.885706+00:00  CHANGED  https://www.courtlistener.com/docket/72520538/united-states-v-president-and-fellows-of-harvard-college/?order_by=desc  by=hugo.chiasson  ch=directmessage  via=DM->hugo.chiasson
2026-09-05T18:00:44.885706+00:00  ERROR    https://www.war.gov/News/releases/  HTTP Error 403: Forbidden
2026-09-05T18:00:44.885706+00:00  ERROR    https://www.hhs.gov/press-room/index.html  HTTP Error 403: Forbidden
2026-09-05T18:05:47.400020+00:00  ERROR    https://www.fas.harvard.edu/initiatives  HTTP Error 403: Forbidden
2026-09-05T18:05:47.400020+00:00  ERROR    https://dso.college.harvard.edu/office-culture-community/about-harvard-foundation  HTTP Error 403: Forbidden
2026-09-05T18:05:47.400020+00:00  ERROR    https://www.hupd.harvard.edu/campus-hazing-transparency-report  HTTP Error 403: Forbidden
2026-09-05T18:05:47.400020+00:00  ERROR    https://www.war.gov/News/releases/  HTTP Error 403: Forbidden
2026-09-05T18:05:47.400020+00:00  ERROR    https://www.hhs.gov/press-room/index.html  HTTP Error 403: Forbidden
2026-09-05T18:10:49.760943+00:00  ERROR    https://www.fas.harvard.edu/initiatives  HTTP Error 403: Forbidden
2026-09-05T18:10:49.760943+00:00  ERROR    https://dso.college.harvard.edu/office-culture-community/about-harvard-foundation  HTTP Error 403: Forbidden
2026-09-05T18:10:49.760943+00:00  ERROR    https://www.war.gov/News/releases/  HTTP Error 403: Forbidden
2026-09-05T18:10:49.760943+00:00  ERROR    https://www.hhs.gov/press-room/index.html  HTTP Error 403: Forbidden
2026-09-05T18:15:51.749275+00:00  ERROR    https://www.fas.harvard.edu/initiatives  HTTP Error 403: Forbidden
2026-09-05T18:15:51.749275+00:00  ERROR    https://dso.college.harvard.edu/office-culture-community/about-harvard-foundation  HTTP Error 403: Forbidden
2026-09-05T18:15:51.749275+00:00  ERROR    https://www.war.gov/News/releases/  HTTP Error 403: Forbidden
2026-09-05T18:15:51.749275+00:00  ERROR    https://www.hhs.gov/press-room/index.html  HTTP Error 403: Forbidden
2026-09-05T18:20:53.840339+00:00  ERROR    https://www.fas.harvard.edu/initiatives  HTTP Error 403: Forbidden
2026-09-05T18:20:53.840339+00:00  ERROR    https://dso.college.harvard.edu/office-culture-community/about-harvard-foundation  HTTP Error 403: Forbidden
2026-09-05T18:20:53.840339+00:00  ERROR    https://www.war.gov/News/releases/  HTTP Error 403: Forbidden
2026-09-05T18:20:53.840339+00:00  ERROR    https://www.hhs.gov/press-room/index.html  HTTP Error 403: Forbidden
2026-09-05T18:25:56.014496+00:00  ERROR    https://www.fas.harvard.edu/initiatives  HTTP Error 403: Forbidden
2026-09-05T18:25:56.014496+00:00  ERROR    https://dso.college.harvard.edu/office-culture-community/about-harvard-foundation  HTTP Error 403: Forbidden
2026-09-05T18:25:56.014496+00:00  ERROR    https://www.war.gov/News/releases/  HTTP Error 403: Forbidden
2026-09-05T18:25:56.014496+00:00  ERROR    https://www.hhs.gov/press-room/index.html  HTTP Error 403: Forbidden
2026-09-05T18:31:45.704371+00:00  ERROR    https://www.fas.harvard.edu/initiatives  HTTP Error 403: Forbidden
2026-09-05T18:31:45.704371+00:00  ERROR    https://dso.college.harvard.edu/office-culture-community/about-culture-community  HTTP Error 403: Forbidden
2026-09-05T18:31:45.704371+00:00  ERROR    https://forklightning.substack.com/  HTTP Error 403: Forbidden
2026-09-05T18:31:45.704371+00:00  ERROR    https://dso.college.harvard.edu/office-culture-community/about-harvard-foundation  HTTP Error 403: Forbidden
2026-09-05T18:31:45.704371+00:00  ERROR    https://www.war.gov/News/releases/  HTTP Error 403: Forbidden
2026-09-05T18:31:45.704371+00:00  ERROR    https://www.hhs.gov/press-room/index.html  HTTP Error 403: Forbidden
2026-09-05T18:36:47.402365+00:00  ERROR    https://www.fas.harvard.edu/initiatives  HTTP Error 403: Forbidden
2026-09-05T18:36:47.402365+00:00  ERROR    https://dso.college.harvard.edu/office-culture-community/about-harvard-foundation  HTTP Error 403: Forbidden
2026-09-05T18:36:47.402365+00:00  ERROR    https://titleix.college.harvard.edu/resources  HTTP Error 403: Forbidden
2026-09-05T18:36:47.402365+00:00  ERROR    https://www.hupd.harvard.edu/campus-hazing-transparency-report  HTTP Error 403: Forbidden
2026-09-05T18:36:47.402365+00:00  ERROR    https://www.war.gov/News/releases/  HTTP Error 403: Forbidden
2026-09-05T18:36:47.402365+00:00  ERROR    https://www.hhs.gov/press-room/index.html  HTTP Error 403: Forbidden
2026-09-05T18:41:49.726332+00:00  ERROR    https://www.fas.harvard.edu/initiatives  HTTP Error 403: Forbidden
2026-09-05T18:41:49.726332+00:00  ERROR    https://dso.college.harvard.edu/office-culture-community/about-harvard-foundation  HTTP Error 403: Forbidden
2026-09-05T18:41:49.726332+00:00  ERROR    https://www.war.gov/News/releases/  HTTP Error 403: Forbidden
2026-09-05T18:41:49.726332+00:00  ERROR    https://www.hhs.gov/press-room/index.html  HTTP Error 403: Forbidden
2026-09-05T18:46:51.453575+00:00  ERROR    https://www.fas.harvard.edu/initiatives  HTTP Error 403: Forbidden
2026-09-05T18:46:51.453575+00:00  ERROR    https://dso.college.harvard.edu/office-culture-community/about-harvard-foundation  HTTP Error 403: Forbidden
2026-09-05T18:46:51.453575+00:00  ERROR    https://www.war.gov/News/releases/  HTTP Error 403: Forbidden
2026-09-05T18:46:51.453575+00:00  ERROR    https://www.hhs.gov/press-room/index.html  HTTP Error 403: Forbidden
2026-09-05T18:51:53.282862+00:00  ERROR    https://www.fas.harvard.edu/initiatives  HTTP Error 403: Forbidden
2026-09-05T18:51:53.282862+00:00  ERROR    https://dso.college.harvard.edu/office-culture-community/about-harvard-foundation  HTTP Error 403: Forbidden
2026-09-05T18:51:53.282862+00:00  ERROR    https://www.war.gov/News/releases/  HTTP Error 403: Forbidden
2026-09-05T18:51:53.282862+00:00  ERROR    https://www.hhs.gov/press-room/index.html  HTTP Error 403: Forbidden
2026-09-05T19:23:07.616456+00:00  BLOCKED  https://www.fas.harvard.edu/initiatives
2026-09-05T19:23:07.616456+00:00  BLOCKED  https://dso.college.harvard.edu/office-culture-community/about-harvard-foundation
2026-09-05T19:28:12.395896+00:00  BLOCKED  https://www.fas.harvard.edu/initiatives
2026-09-05T19:28:12.395896+00:00  BLOCKED  https://dso.college.harvard.edu/office-culture-community/about-harvard-foundation
2026-09-05T19:33:16.120943+00:00  BLOCKED  https://www.fas.harvard.edu/initiatives
2026-09-05T19:33:16.120943+00:00  BLOCKED  https://dso.college.harvard.edu/office-culture-community/about-culture-community
2026-09-05T19:33:16.120943+00:00  ERROR    https://forklightning.substack.com/  blocked (bot-wall) + headless render failed: Page.goto: Timeout 35000ms exceeded.
Call log
2026-09-05T19:33:16.120943+00:00  BLOCKED  https://dso.college.harvard.edu/office-culture-community/about-harvard-foundation
2026-09-05T19:38:56.853985+00:00  BLOCKED  https://www.fas.harvard.edu/initiatives
2026-09-05T19:38:56.853985+00:00  BLOCKED  https://dso.college.harvard.edu/office-culture-community/about-harvard-foundation
2026-09-05T19:38:56.853985+00:00  BLOCKED  https://titleix.college.harvard.edu/resources
2026-09-05T19:38:56.853985+00:00  BLOCKED  https://www.hupd.harvard.edu/campus-hazing-transparency-report
2026-09-05T19:44:02.937476+00:00  BLOCKED  https://www.fas.harvard.edu/initiatives
2026-09-05T19:44:02.937476+00:00  BLOCKED  https://dso.college.harvard.edu/office-culture-community/about-harvard-foundation
2026-09-05T20:15:34.340068+00:00  BLOCKED  https://www.fas.harvard.edu/initiatives
2026-09-05T20:15:34.340068+00:00  BLOCKED  https://dso.college.harvard.edu/office-culture-community/about-harvard-foundation
2026-09-05T20:25:43.059386+00:00  BLOCKED  https://www.fas.harvard.edu/initiatives
2026-09-05T20:25:43.059386+00:00  BLOCKED  https://dso.college.harvard.edu/office-culture-community/about-harvard-foundation
2026-09-05T20:35:49.137093+00:00  BLOCKED  https://dso.college.harvard.edu/office-culture-community/about-culture-community
2026-09-05T20:35:49.137093+00:00  ERROR    https://forklightning.substack.com/  blocked (bot-wall) + headless render failed: Page.goto: Timeout 35000ms exceeded.
Call log
2026-09-05T21:28:43.044385+00:00  BLOCKED  https://dso.college.harvard.edu/office-culture-community/about-harvard-foundation
2026-09-05T21:36:26.021990+00:00  CHANGED  https://www.hks.harvard.edu  by=jen.phan  ch=directmessage  via=DM->jen.phan
2026-09-05T21:41:28.226274+00:00  BLOCKED  https://www.hupd.harvard.edu/campus-hazing-transparency-report
2026-09-05T22:31:22.404494+00:00  BLOCKED  https://dso.college.harvard.edu/office-culture-community/about-harvard-foundation
2026-09-05T22:36:26.808386+00:00  BLOCKED  https://dso.college.harvard.edu/office-culture-community/about-culture-community
2026-09-05T22:36:26.808386+00:00  ERROR    https://forklightning.substack.com/  blocked (bot-wall) + headless render failed: Page.goto: Timeout 35000ms exceeded.
Call log
2026-09-05T22:42:05.123314+00:00  BLOCKED  https://titleix.college.harvard.edu/resources
2026-09-05T23:31:23.815586+00:00  BLOCKED  https://dso.college.harvard.edu/office-culture-community/about-harvard-foundation
2026-09-05T23:41:30.240328+00:00  BLOCKED  https://www.hupd.harvard.edu/campus-hazing-transparency-report
2026-09-06T00:31:24.532125+00:00  BLOCKED  https://dso.college.harvard.edu/office-culture-community/about-harvard-foundation
2026-09-06T00:36:27.439600+00:00  CHANGED  https://www.hks.harvard.edu  by=jen.phan  ch=directmessage  via=DM->jen.phan
2026-09-06T01:28:24.096085+00:00  FLAPPED  https://www.ed.gov/about/news/press-release
2026-09-06T01:33:30.011766+00:00  BLOCKED  https://dso.college.harvard.edu/office-culture-community/about-harvard-foundation
2026-09-06T01:33:30.011766+00:00  FLAPPED  https://www.ed.gov/about/news/press-release
2026-09-06T01:38:34.908359+00:00  FLAPPED  https://www.ed.gov/about/news/press-release
2026-09-06T01:43:39.070991+00:00  FLAPPED  https://www.ed.gov/about/news/press-release
2026-09-06T01:48:43.035169+00:00  FLAPPED  https://www.ed.gov/about/news/press-release
2026-09-06T02:25:12.291352+00:00  CHANGED  https://news.google.com/rss/search?q=harvard&hl=en-US&gl=US&ceid=US:en  by=dhruv.patel  ch=directmessage  via=DM->dhruv.patel
2026-09-06T03:29:24.907177+00:00  CHANGED  https://news.google.com/rss/search?q=harvard&hl=en-US&gl=US&ceid=US:en  by=dhruv.patel  ch=directmessage  via=DM->dhruv.patel
2026-09-06T04:12:57.506839+00:00  ERROR    https://www.courtlistener.com/docket/72090192/president-and-fellows-of-harvard-college-v-us-department-of-health-and/?order_by=desc  HTTP Error 502: Bad Gateway
2026-09-06T04:31:23.030253+00:00  CHANGED  https://news.google.com/rss/search?q=harvard&hl=en-US&gl=US&ceid=US:en  by=dhruv.patel  ch=directmessage  via=DM->dhruv.patel
2026-09-06T04:41:45.222713+00:00  BLOCKED  https://titleix.college.harvard.edu/resources
2026-09-06T05:01:25.901029+00:00  CHANGED  https://news.google.com/rss/search?q=harvard&hl=en-US&gl=US&ceid=US:en  by=dhruv.patel  ch=directmessage  via=DM->dhruv.patel
2026-09-06T05:16:59.815088+00:00  ERROR    https://www.gse.harvard.edu/ideas/news  Remote end closed connection without response
2026-09-06T05:27:24.007501+00:00  ERROR    https://www.gse.harvard.edu/ideas/news  Remote end closed connection without response
2026-09-06T05:31:30.662924+00:00  CHANGED  https://news.google.com/rss/search?q=harvard&hl=en-US&gl=US&ceid=US:en  by=dhruv.patel  ch=directmessage  via=DM->dhruv.patel
2026-09-06T05:36:44.879445+00:00  FLAPPED  https://dso.college.harvard.edu/office-culture-community/about-culture-community
2026-09-06T06:01:31.480794+00:00  CHANGED  https://news.google.com/rss/search?q=harvard&hl=en-US&gl=US&ceid=US:en  by=dhruv.patel  ch=directmessage  via=DM->dhruv.patel
2026-09-06T06:30:03.860573+00:00  CHANGED  https://news.google.com/rss/search?q=harvard&hl=en-US&gl=US&ceid=US:en  by=dhruv.patel  ch=directmessage  via=DM->dhruv.patel
2026-09-06T06:46:12.949588+00:00  CHANGED  https://www.hks.harvard.edu  by=jen.phan  ch=directmessage  via=DM->jen.phan
2026-09-06T07:33:59.594175+00:00  CHANGED  https://news.google.com/rss/search?q=harvard&hl=en-US&gl=US&ceid=US:en  by=dhruv.patel  ch=directmessage  via=DM->dhruv.patel
2026-09-06T08:39:30.539304+00:00  FLAPPED  https://dso.college.harvard.edu/office-culture-community/about-culture-community
2026-09-06T08:39:30.539304+00:00  FLAPPED  https://forklightning.substack.com/
2026-09-06T08:39:30.539304+00:00  FLAPPED  https://news.google.com/rss/search?q=harvard&hl=en-US&gl=US&ceid=US:en
2026-09-06T09:09:01.810718+00:00  CHANGED  https://news.google.com/rss/search?q=harvard&hl=en-US&gl=US&ceid=US:en  by=dhruv.patel  ch=directmessage  via=DM->dhruv.patel
2026-09-06T10:13:20.092571+00:00  CHANGED  https://news.google.com/rss/search?q=harvard&hl=en-US&gl=US&ceid=US:en  by=dhruv.patel  ch=directmessage  via=DM->dhruv.patel
2026-09-06T10:47:33.429379+00:00  CHANGED  https://news.google.com/rss/search?q=harvard&hl=en-US&gl=US&ceid=US:en  by=dhruv.patel  ch=directmessage  via=DM->dhruv.patel
2026-09-06T11:16:57.224263+00:00  STALE    https://news.google.com/rss/search?q=harvard&hl=en-US&gl=US&ceid=US:en  (only items older than WATCH_RECENT_DAYS changed)
2026-09-06T11:47:25.704743+00:00  CHANGED  https://news.google.com/rss/search?q=harvard&hl=en-US&gl=US&ceid=US:en  by=dhruv.patel  ch=directmessage  via=DM->dhruv.patel
2026-09-06T12:17:07.562376+00:00  CHANGED  https://news.google.com/rss/search?q=harvard&hl=en-US&gl=US&ceid=US:en  by=dhruv.patel  ch=directmessage  via=DM->dhruv.patel
2026-09-06T12:34:42.940491+00:00  BLOCKED  https://dso.college.harvard.edu/office-culture-community/about-harvard-foundation
2026-09-06T12:44:47.469649+00:00  BLOCKED  https://dso.college.harvard.edu/office-culture-community/about-culture-community
2026-09-06T12:44:47.469649+00:00  ERROR    https://forklightning.substack.com/  headless render failed: Page.goto: Timeout 35000ms exceeded.
Call log:
  - navigating to "
2026-09-06T12:44:47.469649+00:00  BLOCKED  https://dso.college.harvard.edu/office-culture-community/about-harvard-foundation
2026-09-06T12:44:47.469649+00:00  BLOCKED  https://titleix.college.harvard.edu/resources
2026-09-06T12:50:28.691793+00:00  CHANGED  https://www.hks.harvard.edu  by=jen.phan  ch=directmessage  via=DM->jen.phan
2026-09-06T12:50:28.691793+00:00  CHANGED  https://news.google.com/rss/search?q=harvard&hl=en-US&gl=US&ceid=US:en  by=dhruv.patel  ch=directmessage  via=DM->dhruv.patel
2026-09-06T12:55:31.352882+00:00  BLOCKED  https://www.hupd.harvard.edu/campus-hazing-transparency-report
2026-09-06T13:47:35.522682+00:00  BLOCKED  https://dso.college.harvard.edu/office-culture-community/about-harvard-foundation
2026-09-06T13:47:35.522682+00:00  CHANGED  https://www.courtlistener.com/docket/72275604/united-states-v-president-and-fellows-of-harvard-college-harvard/?order_by=desc  by=hugo.chiasson  ch=directmessage  via=DM->hugo.chiasson
2026-09-06T14:24:15.626713+00:00  CHANGED  https://news.google.com/rss/search?q=harvard&hl=en-US&gl=US&ceid=US:en  by=dhruv.patel  ch=directmessage  via=DM->dhruv.patel
2026-09-06T14:29:17.640384+00:00  BASELINE https://news.google.com/rss/search?q=Harvard%20Management%20Company&hl=en-US&gl=US&ceid=US:en  ch=directmessage
2026-09-06T14:29:17.640384+00:00  BASELINE https://news.google.com/rss/search?q=Harvard&hl=en-US&gl=US&ceid=US:en  ch=directmessage
2026-09-06T14:29:17.640384+00:00  BASELINE https://news.google.com/rss/search?q=N.P.%20Narvekar&hl=en-US&gl=US&ceid=US:en  ch=directmessage
2026-09-06T14:29:17.640384+00:00  BASELINE https://news.google.com/rss/search?q=HMC&hl=en-US&gl=US&ceid=US:en  ch=directmessage
2026-09-06T14:29:17.640384+00:00  BASELINE https://news.google.com/rss/search?q=Rick%20Slocum&hl=en-US&gl=US&ceid=US:en  ch=directmessage
2026-09-06T14:34:19.226492+00:00  BASELINE https://news.google.com/rss/search?q=Sanjeev%20Daga&hl=en-US&gl=US&ceid=US:en  ch=directmessage
2026-09-06T14:34:19.226492+00:00  BASELINE https://news.google.com/rss/search?q=Tim%20Barakett&hl=en-US&gl=US&ceid=US:en  ch=directmessage
2026-09-06T14:34:19.226492+00:00  BASELINE https://news.google.com/rss/search?q=Alan%20Garber&hl=en-US&gl=US&ceid=US:en  ch=directmessage
2026-09-06T14:34:19.226492+00:00  BASELINE https://news.google.com/rss/search?q=Tricia%20Glynn&hl=en-US&gl=US&ceid=US:en  ch=directmessage
2026-09-06T14:34:19.226492+00:00  BASELINE https://news.google.com/rss/search?q=*Eric%20Doppstadt*&hl=en-US&gl=US&ceid=US:en  ch=directmessage
2026-09-06T14:34:19.226492+00:00  BASELINE https://news.google.com/rss/search?q=Paul%20Edgerley&hl=en-US&gl=US&ceid=US:en  ch=directmessage
2026-09-06T14:34:19.226492+00:00  BASELINE https://news.google.com/rss/search?q=Patrick%20Healy&hl=en-US&gl=US&ceid=US:en  ch=directmessage
2026-09-06T14:34:19.226492+00:00  BASELINE https://news.google.com/rss/search?q=Mary%20Erdoes&hl=en-US&gl=US&ceid=US:en  ch=directmessage
2026-09-06T14:34:19.226492+00:00  BASELINE https://news.google.com/rss/search?q=*Robert%20Jain*&hl=en-US&gl=US&ceid=US:en  ch=directmessage
2026-09-06T14:34:19.226492+00:00  BASELINE https://news.google.com/rss/search?q=*Mart%C3%ADn%20Escobari*&hl=en-US&gl=US&ceid=US:en  ch=directmessage
2026-09-06T14:34:19.226492+00:00  BASELINE https://news.google.com/rss/search?q=*Ritu%20Kalra*&hl=en-US&gl=US&ceid=US:en  ch=directmessage
2026-09-06T14:34:19.226492+00:00  BASELINE https://news.google.com/rss/search?q=Paul%20Finnegan&hl=en-US&gl=US&ceid=US:en  ch=directmessage
2026-09-06T14:34:19.226492+00:00  BASELINE https://news.google.com/rss/search?q=*Raymond%20McGuire*&hl=en-US&gl=US&ceid=US:en  ch=directmessage
2026-09-06T14:34:19.226492+00:00  BASELINE https://news.google.com/rss/search?q=Joshua%20Friedman&hl=en-US&gl=US&ceid=US:en  ch=directmessage
2026-09-06T14:39:20.991472+00:00  BASELINE https://www.hmc.harvard.edu/net-zero/  ch=directmessage
2026-09-06T15:16:28.984899+00:00  STALE    https://news.google.com/rss/search?q=*600%20Atlantic%20Avenue%20Boston*&hl=en-US&gl=US&ceid=US:en  (only items older than WATCH_RECENT_DAYS changed)
2026-09-06T15:16:28.984899+00:00  STALE    https://news.google.com/rss/search?q=Harvard%20investment&hl=en-US&gl=US&ceid=US:en  (only items older than WATCH_RECENT_DAYS changed)
2026-09-06T15:16:28.984899+00:00  STALE    https://news.google.com/rss/search?q=Harvard%20Singapore&hl=en-US&gl=US&ceid=US:en  (only items older than WATCH_RECENT_DAYS changed)
2026-09-06T15:16:28.984899+00:00  STALE    https://news.google.com/rss/search?q=HMC%20San%20Francisco&hl=en-US&gl=US&ceid=US:en  (only items older than WATCH_RECENT_DAYS changed)
2026-09-06T15:26:32.332228+00:00  CHANGED  https://news.google.com/rss/search?q=harvard&hl=en-US&gl=US&ceid=US:en  by=dhruv.patel  ch=directmessage  via=DM->dhruv.patel
2026-09-06T15:31:34.215440+00:00  STALE    https://news.google.com/rss/search?q=Harvard%20Management%20Company&hl=en-US&gl=US&ceid=US:en  (only items older than WATCH_RECENT_DAYS changed)
2026-09-06T15:31:34.215440+00:00  CHANGED  https://news.google.com/rss/search?q=Harvard&hl=en-US&gl=US&ceid=US:en  by=megan.blonigen  ch=directmessage  via=DM->megan.blonigen
2026-09-06T15:31:34.215440+00:00  STALE    https://news.google.com/rss/search?q=N.P.%20Narvekar&hl=en-US&gl=US&ceid=US:en  (only items older than WATCH_RECENT_DAYS changed)
2026-09-06T15:31:34.215440+00:00  STALE    https://news.google.com/rss/search?q=HMC&hl=en-US&gl=US&ceid=US:en  (only items older than WATCH_RECENT_DAYS changed)
2026-09-06T15:31:34.215440+00:00  STALE    https://news.google.com/rss/search?q=Rick%20Slocum&hl=en-US&gl=US&ceid=US:en  (only items older than WATCH_RECENT_DAYS changed)
2026-09-06T16:01:41.820586+00:00  STALE    https://news.google.com/rss/search?q=Harvard%20Management%20Company&hl=en-US&gl=US&ceid=US:en  (no just-published item; only older items resurfaced)
2026-09-06T16:01:41.820586+00:00  CHANGED  https://news.google.com/rss/search?q=Harvard&hl=en-US&gl=US&ceid=US:en  by=megan.blonigen  ch=directmessage  via=DM->megan.blonigen
2026-09-06T16:01:41.820586+00:00  STALE    https://news.google.com/rss/search?q=N.P.%20Narvekar&hl=en-US&gl=US&ceid=US:en  (no just-published item; only older items resurfaced)
2026-09-06T16:01:41.820586+00:00  CHANGED  https://news.google.com/rss/search?q=HMC&hl=en-US&gl=US&ceid=US:en  by=megan.blonigen  ch=directmessage  via=DM->megan.blonigen
2026-09-06T16:01:41.820586+00:00  STALE    https://news.google.com/rss/search?q=Rick%20Slocum&hl=en-US&gl=US&ceid=US:en  (no just-published item; only older items resurfaced)
2026-09-06T16:06:45.675792+00:00  STALE    https://news.google.com/rss/search?q=Sanjeev%20Daga&hl=en-US&gl=US&ceid=US:en  (no just-published item; only older items resurfaced)
2026-09-06T16:06:45.675792+00:00  STALE    https://news.google.com/rss/search?q=Tim%20Barakett&hl=en-US&gl=US&ceid=US:en  (no just-published item; only older items resurfaced)
2026-09-06T16:06:45.675792+00:00  STALE    https://news.google.com/rss/search?q=Alan%20Garber&hl=en-US&gl=US&ceid=US:en  (no just-published item; only older items resurfaced)
2026-09-06T16:06:45.675792+00:00  STALE    https://news.google.com/rss/search?q=Tricia%20Glynn&hl=en-US&gl=US&ceid=US:en  (no just-published item; only older items resurfaced)
2026-09-06T16:06:45.675792+00:00  STALE    https://news.google.com/rss/search?q=*Eric%20Doppstadt*&hl=en-US&gl=US&ceid=US:en  (no just-published item; only older items resurfaced)
2026-09-06T16:06:45.675792+00:00  STALE    https://news.google.com/rss/search?q=Paul%20Edgerley&hl=en-US&gl=US&ceid=US:en  (no just-published item; only older items resurfaced)
2026-09-06T16:06:45.675792+00:00  STALE    https://news.google.com/rss/search?q=Patrick%20Healy&hl=en-US&gl=US&ceid=US:en  (no just-published item; only older items resurfaced)
2026-09-06T16:06:45.675792+00:00  STALE    https://news.google.com/rss/search?q=Mary%20Erdoes&hl=en-US&gl=US&ceid=US:en  (no just-published item; only older items resurfaced)
2026-09-06T16:06:45.675792+00:00  STALE    https://news.google.com/rss/search?q=*Robert%20Jain*&hl=en-US&gl=US&ceid=US:en  (no just-published item; only older items resurfaced)
2026-09-06T16:06:45.675792+00:00  STALE    https://news.google.com/rss/search?q=*Mart%C3%ADn%20Escobari*&hl=en-US&gl=US&ceid=US:en  (no just-published item; only older items resurfaced)
2026-09-06T16:06:45.675792+00:00  STALE    https://news.google.com/rss/search?q=*Ritu%20Kalra*&hl=en-US&gl=US&ceid=US:en  (no just-published item; only older items resurfaced)
2026-09-06T16:06:45.675792+00:00  STALE    https://news.google.com/rss/search?q=Paul%20Finnegan&hl=en-US&gl=US&ceid=US:en  (no just-published item; only older items resurfaced)
2026-09-06T16:06:45.675792+00:00  STALE    https://news.google.com/rss/search?q=*Raymond%20McGuire*&hl=en-US&gl=US&ceid=US:en  (no just-published item; only older items resurfaced)
2026-09-06T16:06:45.675792+00:00  STALE    https://news.google.com/rss/search?q=Joshua%20Friedman&hl=en-US&gl=US&ceid=US:en  (no just-published item; only older items resurfaced)
2026-09-06T16:16:50.356375+00:00  STALE    https://news.google.com/rss/search?q=*600%20Atlantic%20Avenue%20Boston*&hl=en-US&gl=US&ceid=US:en  (no just-published item; only older items resurfaced)
2026-09-06T16:16:50.356375+00:00  STALE    https://news.google.com/rss/search?q=Harvard%20investment&hl=en-US&gl=US&ceid=US:en  (no just-published item; only older items resurfaced)
2026-09-06T16:16:50.356375+00:00  STALE    https://news.google.com/rss/search?q=Harvard%20Singapore&hl=en-US&gl=US&ceid=US:en  (no just-published item; only older items resurfaced)
2026-09-06T16:16:50.356375+00:00  STALE    https://news.google.com/rss/search?q=HMC%20San%20Francisco&hl=en-US&gl=US&ceid=US:en  (no just-published item; only older items resurfaced)
2026-09-06T16:26:55.069305+00:00  CHANGED  https://news.google.com/rss/search?q=harvard&hl=en-US&gl=US&ceid=US:en  by=dhruv.patel  ch=directmessage  via=DM->dhruv.patel
2026-09-06T16:31:34.440213+00:00  STALE    https://news.google.com/rss/search?q=Harvard%20Management%20Company&hl=en-US&gl=US&ceid=US:en  (no just-published item; only older items resurfaced)
2026-09-06T16:31:34.440213+00:00  STALE    https://news.google.com/rss/search?q=Harvard&hl=en-US&gl=US&ceid=US:en  (no just-published item; only older items resurfaced)
2026-09-06T16:31:34.440213+00:00  STALE    https://news.google.com/rss/search?q=N.P.%20Narvekar&hl=en-US&gl=US&ceid=US:en  (no just-published item; only older items resurfaced)
2026-09-06T16:31:34.440213+00:00  STALE    https://news.google.com/rss/search?q=HMC&hl=en-US&gl=US&ceid=US:en  (no just-published item; only older items resurfaced)
2026-09-06T16:31:34.440213+00:00  STALE    https://news.google.com/rss/search?q=Rick%20Slocum&hl=en-US&gl=US&ceid=US:en  (no just-published item; only older items resurfaced)
2026-09-06T16:36:36.787752+00:00  STALE    https://news.google.com/rss/search?q=Sanjeev%20Daga&hl=en-US&gl=US&ceid=US:en  (no just-published item; only older items resurfaced)
2026-09-06T16:36:36.787752+00:00  STALE    https://news.google.com/rss/search?q=Tim%20Barakett&hl=en-US&gl=US&ceid=US:en  (no just-published item; only older items resurfaced)
2026-09-06T16:36:36.787752+00:00  STALE    https://news.google.com/rss/search?q=Alan%20Garber&hl=en-US&gl=US&ceid=US:en  (no just-published item; only older items resurfaced)
2026-09-06T16:36:36.787752+00:00  STALE    https://news.google.com/rss/search?q=Tricia%20Glynn&hl=en-US&gl=US&ceid=US:en  (no just-published item; only older items resurfaced)
2026-09-06T16:36:36.787752+00:00  STALE    https://news.google.com/rss/search?q=*Eric%20Doppstadt*&hl=en-US&gl=US&ceid=US:en  (no just-published item; only older items resurfaced)
2026-09-06T16:36:36.787752+00:00  STALE    https://news.google.com/rss/search?q=Paul%20Edgerley&hl=en-US&gl=US&ceid=US:en  (no just-published item; only older items resurfaced)
2026-09-06T16:36:36.787752+00:00  STALE    https://news.google.com/rss/search?q=Patrick%20Healy&hl=en-US&gl=US&ceid=US:en  (no just-published item; only older items resurfaced)
2026-09-06T16:36:36.787752+00:00  STALE    https://news.google.com/rss/search?q=Mary%20Erdoes&hl=en-US&gl=US&ceid=US:en  (no just-published item; only older items resurfaced)
2026-09-06T16:36:36.787752+00:00  STALE    https://news.google.com/rss/search?q=*Robert%20Jain*&hl=en-US&gl=US&ceid=US:en  (no just-published item; only older items resurfaced)
2026-09-06T16:36:36.787752+00:00  STALE    https://news.google.com/rss/search?q=*Ritu%20Kalra*&hl=en-US&gl=US&ceid=US:en  (no just-published item; only older items resurfaced)
2026-09-06T16:36:36.787752+00:00  STALE    https://news.google.com/rss/search?q=Paul%20Finnegan&hl=en-US&gl=US&ceid=US:en  (no just-published item; only older items resurfaced)
2026-09-06T16:36:36.787752+00:00  STALE    https://news.google.com/rss/search?q=*Raymond%20McGuire*&hl=en-US&gl=US&ceid=US:en  (no just-published item; only older items resurfaced)
2026-09-06T16:36:36.787752+00:00  STALE    https://news.google.com/rss/search?q=Joshua%20Friedman&hl=en-US&gl=US&ceid=US:en  (no just-published item; only older items resurfaced)
2026-09-06T16:46:41.892670+00:00  STALE    https://news.google.com/rss/search?q=*600%20Atlantic%20Avenue%20Boston*&hl=en-US&gl=US&ceid=US:en  (no just-published item; only older items resurfaced)
2026-09-06T16:46:41.892670+00:00  STALE    https://news.google.com/rss/search?q=Harvard%20investment&hl=en-US&gl=US&ceid=US:en  (no just-published item; only older items resurfaced)
2026-09-06T16:46:41.892670+00:00  STALE    https://news.google.com/rss/search?q=Harvard%20Singapore&hl=en-US&gl=US&ceid=US:en  (no just-published item; only older items resurfaced)
2026-09-06T16:46:41.892670+00:00  STALE    https://news.google.com/rss/search?q=HMC%20San%20Francisco&hl=en-US&gl=US&ceid=US:en  (no just-published item; only older items resurfaced)
2026-09-06T16:51:43.880221+00:00  BLOCKED  https://dso.college.harvard.edu/office-culture-community/about-harvard-foundation
2026-09-06T16:56:49.171782+00:00  STALE    https://news.google.com/rss/search?q=harvard&hl=en-US&gl=US&ceid=US:en  (no just-published item; only older items resurfaced)
2026-09-06T17:01:49.375319+00:00  FLAPPED  https://www.ed.gov/about/news/press-release
2026-09-06T17:01:49.375319+00:00  STALE    https://news.google.com/rss/search?q=Harvard%20Management%20Company&hl=en-US&gl=US&ceid=US:en  (no just-published item; only older items resurfaced)
2026-09-06T17:01:49.375319+00:00  STALE    https://news.google.com/rss/search?q=Harvard&hl=en-US&gl=US&ceid=US:en  (no just-published item; only older items resurfaced)
2026-09-06T17:01:49.375319+00:00  STALE    https://news.google.com/rss/search?q=N.P.%20Narvekar&hl=en-US&gl=US&ceid=US:en  (no just-published item; only older items resurfaced)
2026-09-06T17:01:49.375319+00:00  STALE    https://news.google.com/rss/search?q=HMC&hl=en-US&gl=US&ceid=US:en  (no just-published item; only older items resurfaced)
2026-09-06T17:01:49.375319+00:00  STALE    https://news.google.com/rss/search?q=Rick%20Slocum&hl=en-US&gl=US&ceid=US:en  (no just-published item; only older items resurfaced)
2026-09-06T17:06:57.371733+00:00  FLAPPED  https://www.ed.gov/about/news/press-release
2026-09-06T17:06:57.371733+00:00  STALE    https://news.google.com/rss/search?q=Sanjeev%20Daga&hl=en-US&gl=US&ceid=US:en  (no just-published item; only older items resurfaced)
2026-09-06T17:06:57.371733+00:00  STALE    https://news.google.com/rss/search?q=Tim%20Barakett&hl=en-US&gl=US&ceid=US:en  (no just-published item; only older items resurfaced)
2026-09-06T17:06:57.371733+00:00  STALE    https://news.google.com/rss/search?q=Alan%20Garber&hl=en-US&gl=US&ceid=US:en  (no just-published item; only older items resurfaced)
2026-09-06T17:06:57.371733+00:00  STALE    https://news.google.com/rss/search?q=Tricia%20Glynn&hl=en-US&gl=US&ceid=US:en  (no just-published item; only older items resurfaced)
2026-09-06T17:06:57.371733+00:00  STALE    https://news.google.com/rss/search?q=Paul%20Edgerley&hl=en-US&gl=US&ceid=US:en  (no just-published item; only older items resurfaced)
2026-09-06T17:06:57.371733+00:00  STALE    https://news.google.com/rss/search?q=Patrick%20Healy&hl=en-US&gl=US&ceid=US:en  (no just-published item; only older items resurfaced)
2026-09-06T17:06:57.371733+00:00  STALE    https://news.google.com/rss/search?q=Mary%20Erdoes&hl=en-US&gl=US&ceid=US:en  (no just-published item; only older items resurfaced)
2026-09-06T17:06:57.371733+00:00  STALE    https://news.google.com/rss/search?q=*Robert%20Jain*&hl=en-US&gl=US&ceid=US:en  (no just-published item; only older items resurfaced)
2026-09-06T17:06:57.371733+00:00  STALE    https://news.google.com/rss/search?q=*Ritu%20Kalra*&hl=en-US&gl=US&ceid=US:en  (no just-published item; only older items resurfaced)
2026-09-06T17:06:57.371733+00:00  STALE    https://news.google.com/rss/search?q=Paul%20Finnegan&hl=en-US&gl=US&ceid=US:en  (no just-published item; only older items resurfaced)
2026-09-06T17:06:57.371733+00:00  STALE    https://news.google.com/rss/search?q=*Raymond%20McGuire*&hl=en-US&gl=US&ceid=US:en  (no just-published item; only older items resurfaced)
2026-09-06T17:06:57.371733+00:00  STALE    https://news.google.com/rss/search?q=Joshua%20Friedman&hl=en-US&gl=US&ceid=US:en  (no just-published item; only older items resurfaced)
2026-09-06T17:12:02.717761+00:00  FLAPPED  https://www.ed.gov/about/news/press-release
2026-09-06T17:17:07.160054+00:00  FLAPPED  https://www.ed.gov/about/news/press-release
2026-09-06T17:17:07.160054+00:00  STALE    https://news.google.com/rss/search?q=*600%20Atlantic%20Avenue%20Boston*&hl=en-US&gl=US&ceid=US:en  (no just-published item; only older items resurfaced)
2026-09-06T17:17:07.160054+00:00  STALE    https://news.google.com/rss/search?q=Harvard%20investment&hl=en-US&gl=US&ceid=US:en  (no just-published item; only older items resurfaced)
2026-09-06T17:17:07.160054+00:00  STALE    https://news.google.com/rss/search?q=Harvard%20Singapore&hl=en-US&gl=US&ceid=US:en  (no just-published item; only older items resurfaced)
2026-09-06T17:17:07.160054+00:00  STALE    https://news.google.com/rss/search?q=HMC%20San%20Francisco&hl=en-US&gl=US&ceid=US:en  (no just-published item; only older items resurfaced)
2026-09-06T17:22:11.769010+00:00  FLAPPED  https://www.ed.gov/about/news/press-release
2026-09-06T17:27:15.834264+00:00  FLAPPED  https://www.ed.gov/about/news/press-release
2026-09-06T17:27:15.834264+00:00  STALE    https://news.google.com/rss/search?q=harvard&hl=en-US&gl=US&ceid=US:en  (no just-published item; only older items resurfaced)
2026-09-06T17:31:21.284437+00:00  STALE    https://news.google.com/rss/search?q=Harvard%20Management%20Company&hl=en-US&gl=US&ceid=US:en  (no just-published item; only older items resurfaced)
2026-09-06T17:31:21.284437+00:00  STALE    https://news.google.com/rss/search?q=Harvard&hl=en-US&gl=US&ceid=US:en  (no just-published item; only older items resurfaced)
2026-09-06T17:31:21.284437+00:00  STALE    https://news.google.com/rss/search?q=N.P.%20Narvekar&hl=en-US&gl=US&ceid=US:en  (no just-published item; only older items resurfaced)
2026-09-06T17:31:21.284437+00:00  STALE    https://news.google.com/rss/search?q=HMC&hl=en-US&gl=US&ceid=US:en  (no just-published item; only older items resurfaced)
2026-09-06T17:31:21.284437+00:00  STALE    https://news.google.com/rss/search?q=Rick%20Slocum&hl=en-US&gl=US&ceid=US:en  (no just-published item; only older items resurfaced)
2026-09-06T17:36:23.286131+00:00  STALE    https://news.google.com/rss/search?q=Sanjeev%20Daga&hl=en-US&gl=US&ceid=US:en  (no just-published item; only older items resurfaced)
2026-09-06T17:36:23.286131+00:00  STALE    https://news.google.com/rss/search?q=Tim%20Barakett&hl=en-US&gl=US&ceid=US:en  (no just-published item; only older items resurfaced)
2026-09-06T17:36:23.286131+00:00  STALE    https://news.google.com/rss/search?q=Alan%20Garber&hl=en-US&gl=US&ceid=US:en  (no just-published item; only older items resurfaced)
2026-09-06T17:36:23.286131+00:00  STALE    https://news.google.com/rss/search?q=Tricia%20Glynn&hl=en-US&gl=US&ceid=US:en  (no just-published item; only older items resurfaced)
2026-09-06T17:36:23.286131+00:00  STALE    https://news.google.com/rss/search?q=*Eric%20Doppstadt*&hl=en-US&gl=US&ceid=US:en  (no just-published item; only older items resurfaced)
2026-09-06T17:36:23.286131+00:00  STALE    https://news.google.com/rss/search?q=Paul%20Edgerley&hl=en-US&gl=US&ceid=US:en  (no just-published item; only older items resurfaced)
2026-09-06T17:36:23.286131+00:00  STALE    https://news.google.com/rss/search?q=Patrick%20Healy&hl=en-US&gl=US&ceid=US:en  (no just-published item; only older items resurfaced)
2026-09-06T17:36:23.286131+00:00  STALE    https://news.google.com/rss/search?q=Mary%20Erdoes&hl=en-US&gl=US&ceid=US:en  (no just-published item; only older items resurfaced)
2026-09-06T17:36:23.286131+00:00  STALE    https://news.google.com/rss/search?q=*Robert%20Jain*&hl=en-US&gl=US&ceid=US:en  (no just-published item; only older items resurfaced)
2026-09-06T17:36:23.286131+00:00  STALE    https://news.google.com/rss/search?q=*Mart%C3%ADn%20Escobari*&hl=en-US&gl=US&ceid=US:en  (no just-published item; only older items resurfaced)
2026-09-06T17:36:23.286131+00:00  STALE    https://news.google.com/rss/search?q=*Ritu%20Kalra*&hl=en-US&gl=US&ceid=US:en  (no just-published item; only older items resurfaced)
2026-09-06T17:36:23.286131+00:00  STALE    https://news.google.com/rss/search?q=Paul%20Finnegan&hl=en-US&gl=US&ceid=US:en  (no just-published item; only older items resurfaced)
2026-09-06T17:36:23.286131+00:00  STALE    https://news.google.com/rss/search?q=*Raymond%20McGuire*&hl=en-US&gl=US&ceid=US:en  (no just-published item; only older items resurfaced)
2026-09-06T17:36:23.286131+00:00  STALE    https://news.google.com/rss/search?q=Joshua%20Friedman&hl=en-US&gl=US&ceid=US:en  (no just-published item; only older items resurfaced)
2026-09-06T17:46:28.682303+00:00  CHANGED  https://thecrimson.com  by=dhruv.patel  ch=directmessage  via=DM->dhruv.patel
2026-09-06T17:46:28.682303+00:00  CHANGED  https://thecrimson.com  by=matteo.diaz  ch=matteo-internal  via=DM->matteo.diaz
2026-09-06T17:46:28.682303+00:00  CHANGED  https://thecrimson.com  by=sebastian.connolly  ch=directmessage  via=DM->sebastian.connolly
2026-09-06T17:46:28.682303+00:00  CHANGED  https://thecrimson.com  by=matteo.diaz  ch=directmessage  via=DM->matteo.diaz
2026-09-06T17:46:28.682303+00:00  CHANGED  https://www.courtlistener.com/docket/72275604/united-states-v-president-and-fellows-of-harvard-college-harvard/?order_by=desc  by=hugo.chiasson  ch=directmessage  via=DM->hugo.chiasson
2026-09-06T17:46:28.682303+00:00  STALE    https://news.google.com/rss/search?q=*600%20Atlantic%20Avenue%20Boston*&hl=en-US&gl=US&ceid=US:en  (no just-published item; only older items resurfaced)
2026-09-06T17:46:28.682303+00:00  STALE    https://news.google.com/rss/search?q=Harvard%20investment&hl=en-US&gl=US&ceid=US:en  (no just-published item; only older items resurfaced)
2026-09-06T17:46:28.682303+00:00  STALE    https://news.google.com/rss/search?q=Harvard%20Singapore&hl=en-US&gl=US&ceid=US:en  (no just-published item; only older items resurfaced)
2026-09-06T17:46:28.682303+00:00  STALE    https://news.google.com/rss/search?q=HMC%20San%20Francisco&hl=en-US&gl=US&ceid=US:en  (no just-published item; only older items resurfaced)
2026-09-06T17:46:28.682303+00:00  CHANGED  https://www.thecrimson.com/  by=megan.blonigen  ch=directmessage  via=DM->megan.blonigen
2026-09-06T17:51:31.681725+00:00  BLOCKED  https://dso.college.harvard.edu/office-culture-community/about-harvard-foundation
2026-09-06T17:51:31.681725+00:00  FLAPPED  https://www.courtlistener.com/docket/72275604/united-states-v-president-and-fellows-of-harvard-college-harvard/?order_by=desc
2026-09-06T17:56:36.665966+00:00  FLAPPED  https://www.courtlistener.com/docket/72275604/united-states-v-president-and-fellows-of-harvard-college-harvard/?order_by=desc
2026-09-06T17:56:36.665966+00:00  STALE    https://news.google.com/rss/search?q=harvard&hl=en-US&gl=US&ceid=US:en  (no just-published item; only older items resurfaced)
2026-09-06T18:01:27.972099+00:00  CHANGED  https://www.courtlistener.com/docket/72275604/united-states-v-president-and-fellows-of-harvard-college-harvard/?order_by=desc  by=hugo.chiasson  ch=directmessage  via=DM->hugo.chiasson
2026-09-06T18:01:27.972099+00:00  STALE    https://news.google.com/rss/search?q=Harvard%20Management%20Company&hl=en-US&gl=US&ceid=US:en  (no just-published item; only older items resurfaced)
2026-09-06T18:01:27.972099+00:00  STALE    https://news.google.com/rss/search?q=Harvard&hl=en-US&gl=US&ceid=US:en  (no just-published item; only older items resurfaced)
2026-09-06T18:01:27.972099+00:00  STALE    https://news.google.com/rss/search?q=N.P.%20Narvekar&hl=en-US&gl=US&ceid=US:en  (no just-published item; only older items resurfaced)
2026-09-06T18:01:27.972099+00:00  STALE    https://news.google.com/rss/search?q=HMC&hl=en-US&gl=US&ceid=US:en  (no just-published item; only older items resurfaced)
2026-09-06T18:01:27.972099+00:00  STALE    https://news.google.com/rss/search?q=Rick%20Slocum&hl=en-US&gl=US&ceid=US:en  (no just-published item; only older items resurfaced)
2026-09-06T18:06:31.258565+00:00  STALE    https://news.google.com/rss/search?q=Sanjeev%20Daga&hl=en-US&gl=US&ceid=US:en  (no just-published item; only older items resurfaced)
2026-09-06T18:06:31.258565+00:00  STALE    https://news.google.com/rss/search?q=Tim%20Barakett&hl=en-US&gl=US&ceid=US:en  (no just-published item; only older items resurfaced)
2026-09-06T18:06:31.258565+00:00  STALE    https://news.google.com/rss/search?q=Alan%20Garber&hl=en-US&gl=US&ceid=US:en  (no just-published item; only older items resurfaced)
2026-09-06T18:06:31.258565+00:00  STALE    https://news.google.com/rss/search?q=Tricia%20Glynn&hl=en-US&gl=US&ceid=US:en  (no just-published item; only older items resurfaced)
2026-09-06T18:06:31.258565+00:00  STALE    https://news.google.com/rss/search?q=Paul%20Edgerley&hl=en-US&gl=US&ceid=US:en  (no just-published item; only older items resurfaced)
2026-09-06T18:06:31.258565+00:00  STALE    https://news.google.com/rss/search?q=Patrick%20Healy&hl=en-US&gl=US&ceid=US:en  (no just-published item; only older items resurfaced)
2026-09-06T18:06:31.258565+00:00  STALE    https://news.google.com/rss/search?q=Mary%20Erdoes&hl=en-US&gl=US&ceid=US:en  (no just-published item; only older items resurfaced)
2026-09-06T18:06:31.258565+00:00  STALE    https://news.google.com/rss/search?q=*Robert%20Jain*&hl=en-US&gl=US&ceid=US:en  (no just-published item; only older items resurfaced)
2026-09-06T18:06:31.258565+00:00  STALE    https://news.google.com/rss/search?q=*Mart%C3%ADn%20Escobari*&hl=en-US&gl=US&ceid=US:en  (no just-published item; only older items resurfaced)
2026-09-06T18:06:31.258565+00:00  STALE    https://news.google.com/rss/search?q=*Ritu%20Kalra*&hl=en-US&gl=US&ceid=US:en  (no just-published item; only older items resurfaced)
2026-09-06T18:06:31.258565+00:00  STALE    https://news.google.com/rss/search?q=Paul%20Finnegan&hl=en-US&gl=US&ceid=US:en  (no just-published item; only older items resurfaced)
2026-09-06T18:06:31.258565+00:00  STALE    https://news.google.com/rss/search?q=*Raymond%20McGuire*&hl=en-US&gl=US&ceid=US:en  (no just-published item; only older items resurfaced)
2026-09-06T18:06:31.258565+00:00  STALE    https://news.google.com/rss/search?q=Joshua%20Friedman&hl=en-US&gl=US&ceid=US:en  (no just-published item; only older items resurfaced)
2026-09-06T18:16:36.273726+00:00  STALE    https://news.google.com/rss/search?q=*600%20Atlantic%20Avenue%20Boston*&hl=en-US&gl=US&ceid=US:en  (no just-published item; only older items resurfaced)
2026-09-06T18:16:36.273726+00:00  STALE    https://news.google.com/rss/search?q=Harvard%20investment&hl=en-US&gl=US&ceid=US:en  (no just-published item; only older items resurfaced)
2026-09-06T18:16:36.273726+00:00  STALE    https://news.google.com/rss/search?q=Harvard%20Singapore&hl=en-US&gl=US&ceid=US:en  (no just-published item; only older items resurfaced)
2026-09-06T18:16:36.273726+00:00  STALE    https://news.google.com/rss/search?q=HMC%20San%20Francisco&hl=en-US&gl=US&ceid=US:en  (no just-published item; only older items resurfaced)
2026-09-06T18:26:40.587870+00:00  CHANGED  https://news.google.com/rss/search?q=harvard&hl=en-US&gl=US&ceid=US:en  by=dhruv.patel  ch=directmessage  via=DM->dhruv.patel
2026-09-06T18:58:50.684006+00:00  CHANGED  https://news.google.com/rss/search?q=harvard&hl=en-US&gl=US&ceid=US:en  by=dhruv.patel  ch=directmessage  via=DM->dhruv.patel
2026-09-06T19:03:52.996125+00:00  STALE    https://news.google.com/rss/search?q=Harvard%20Management%20Company&hl=en-US&gl=US&ceid=US:en  (no just-published item; only older items resurfaced)
2026-09-06T19:03:52.996125+00:00  CHANGED  https://news.google.com/rss/search?q=Harvard&hl=en-US&gl=US&ceid=US:en  by=megan.blonigen  ch=directmessage  via=DM->megan.blonigen
2026-09-06T19:03:52.996125+00:00  STALE    https://news.google.com/rss/search?q=N.P.%20Narvekar&hl=en-US&gl=US&ceid=US:en  (no just-published item; only older items resurfaced)
2026-09-06T19:03:52.996125+00:00  STALE    https://news.google.com/rss/search?q=HMC&hl=en-US&gl=US&ceid=US:en  (no just-published item; only older items resurfaced)
2026-09-06T19:03:52.996125+00:00  STALE    https://news.google.com/rss/search?q=Rick%20Slocum&hl=en-US&gl=US&ceid=US:en  (no just-published item; only older items resurfaced)
2026-09-06T19:08:54.702001+00:00  STALE    https://news.google.com/rss/search?q=Sanjeev%20Daga&hl=en-US&gl=US&ceid=US:en  (no just-published item; only older items resurfaced)
2026-09-06T19:08:54.702001+00:00  STALE    https://news.google.com/rss/search?q=Tim%20Barakett&hl=en-US&gl=US&ceid=US:en  (no just-published item; only older items resurfaced)
2026-09-06T19:08:54.702001+00:00  STALE    https://news.google.com/rss/search?q=Alan%20Garber&hl=en-US&gl=US&ceid=US:en  (no just-published item; only older items resurfaced)
2026-09-06T19:08:54.702001+00:00  STALE    https://news.google.com/rss/search?q=Tricia%20Glynn&hl=en-US&gl=US&ceid=US:en  (no just-published item; only older items resurfaced)
2026-09-06T19:08:54.702001+00:00  STALE    https://news.google.com/rss/search?q=*Eric%20Doppstadt*&hl=en-US&gl=US&ceid=US:en  (no just-published item; only older items resurfaced)
2026-09-06T19:08:54.702001+00:00  STALE    https://news.google.com/rss/search?q=Paul%20Edgerley&hl=en-US&gl=US&ceid=US:en  (no just-published item; only older items resurfaced)
2026-09-06T19:08:54.702001+00:00  STALE    https://news.google.com/rss/search?q=Patrick%20Healy&hl=en-US&gl=US&ceid=US:en  (no just-published item; only older items resurfaced)
2026-09-06T19:08:54.702001+00:00  STALE    https://news.google.com/rss/search?q=Mary%20Erdoes&hl=en-US&gl=US&ceid=US:en  (no just-published item; only older items resurfaced)
2026-09-06T19:08:54.702001+00:00  STALE    https://news.google.com/rss/search?q=*Robert%20Jain*&hl=en-US&gl=US&ceid=US:en  (no just-published item; only older items resurfaced)
2026-09-06T19:08:54.702001+00:00  STALE    https://news.google.com/rss/search?q=*Mart%C3%ADn%20Escobari*&hl=en-US&gl=US&ceid=US:en  (no just-published item; only older items resurfaced)
2026-09-06T19:08:54.702001+00:00  STALE    https://news.google.com/rss/search?q=*Ritu%20Kalra*&hl=en-US&gl=US&ceid=US:en  (no just-published item; only older items resurfaced)
2026-09-06T19:08:54.702001+00:00  STALE    https://news.google.com/rss/search?q=Paul%20Finnegan&hl=en-US&gl=US&ceid=US:en  (no just-published item; only older items resurfaced)
2026-09-06T19:08:54.702001+00:00  STALE    https://news.google.com/rss/search?q=*Raymond%20McGuire*&hl=en-US&gl=US&ceid=US:en  (no just-published item; only older items resurfaced)
2026-09-06T19:08:54.702001+00:00  STALE    https://news.google.com/rss/search?q=Joshua%20Friedman&hl=en-US&gl=US&ceid=US:en  (no just-published item; only older items resurfaced)
2026-09-06T19:18:59.060090+00:00  STALE    https://news.google.com/rss/search?q=*600%20Atlantic%20Avenue%20Boston*&hl=en-US&gl=US&ceid=US:en  (no just-published item; only older items resurfaced)
2026-09-06T19:18:59.060090+00:00  STALE    https://news.google.com/rss/search?q=Harvard%20investment&hl=en-US&gl=US&ceid=US:en  (no just-published item; only older items resurfaced)
2026-09-06T19:18:59.060090+00:00  STALE    https://news.google.com/rss/search?q=Harvard%20Singapore&hl=en-US&gl=US&ceid=US:en  (no just-published item; only older items resurfaced)
2026-09-06T19:18:59.060090+00:00  STALE    https://news.google.com/rss/search?q=HMC%20San%20Francisco&hl=en-US&gl=US&ceid=US:en  (no just-published item; only older items resurfaced)
2026-09-06T19:50:33.376847+00:00  STALE    https://news.google.com/rss/search?q=*600%20Atlantic%20Avenue%20Boston*&hl=en-US&gl=US&ceid=US:en  (no just-published item; only older items resurfaced)
2026-09-06T19:50:33.376847+00:00  STALE    https://news.google.com/rss/search?q=Harvard%20investment&hl=en-US&gl=US&ceid=US:en  (no just-published item; only older items resurfaced)
2026-09-06T19:50:33.376847+00:00  STALE    https://news.google.com/rss/search?q=Harvard%20Singapore&hl=en-US&gl=US&ceid=US:en  (no just-published item; only older items resurfaced)
2026-09-06T19:50:33.376847+00:00  STALE    https://news.google.com/rss/search?q=HMC%20San%20Francisco&hl=en-US&gl=US&ceid=US:en  (no just-published item; only older items resurfaced)
2026-09-06T19:55:35.868550+00:00  BLOCKED  https://dso.college.harvard.edu/office-culture-community/about-harvard-foundation
2026-09-06T20:00:39.516675+00:00  BLOCKED  https://www.hupd.harvard.edu/campus-hazing-transparency-report
2026-09-06T20:00:39.516675+00:00  ERROR    https://college.harvard.edu/financial-aid  <urlopen error [Errno 104] Connection reset by peer>
2026-09-06T20:00:39.516675+00:00  CHANGED  https://news.google.com/rss/search?q=harvard&hl=en-US&gl=US&ceid=US:en  by=dhruv.patel  ch=directmessage  via=DM->dhruv.patel
2026-09-06T20:05:43.583597+00:00  STALE    https://news.google.com/rss/search?q=Harvard%20Management%20Company&hl=en-US&gl=US&ceid=US:en  (no just-published item; only older items resurfaced)
2026-09-06T20:05:43.583597+00:00  CHANGED  https://news.google.com/rss/search?q=Harvard&hl=en-US&gl=US&ceid=US:en  by=megan.blonigen  ch=directmessage  via=DM->megan.blonigen
2026-09-06T20:05:43.583597+00:00  STALE    https://news.google.com/rss/search?q=N.P.%20Narvekar&hl=en-US&gl=US&ceid=US:en  (no just-published item; only older items resurfaced)
2026-09-06T20:05:43.583597+00:00  STALE    https://news.google.com/rss/search?q=HMC&hl=en-US&gl=US&ceid=US:en  (no just-published item; only older items resurfaced)
2026-09-06T20:05:43.583597+00:00  STALE    https://news.google.com/rss/search?q=Rick%20Slocum&hl=en-US&gl=US&ceid=US:en  (no just-published item; only older items resurfaced)
2026-09-06T20:10:46.283484+00:00  STALE    https://news.google.com/rss/search?q=Sanjeev%20Daga&hl=en-US&gl=US&ceid=US:en  (no just-published item; only older items resurfaced)
2026-09-06T20:10:46.283484+00:00  STALE    https://news.google.com/rss/search?q=Tim%20Barakett&hl=en-US&gl=US&ceid=US:en  (no just-published item; only older items resurfaced)
2026-09-06T20:10:46.283484+00:00  STALE    https://news.google.com/rss/search?q=Alan%20Garber&hl=en-US&gl=US&ceid=US:en  (no just-published item; only older items resurfaced)
2026-09-06T20:10:46.283484+00:00  STALE    https://news.google.com/rss/search?q=Tricia%20Glynn&hl=en-US&gl=US&ceid=US:en  (no just-published item; only older items resurfaced)
2026-09-06T20:10:46.283484+00:00  STALE    https://news.google.com/rss/search?q=*Eric%20Doppstadt*&hl=en-US&gl=US&ceid=US:en  (no just-published item; only older items resurfaced)
2026-09-06T20:10:46.283484+00:00  STALE    https://news.google.com/rss/search?q=Paul%20Edgerley&hl=en-US&gl=US&ceid=US:en  (no just-published item; only older items resurfaced)
2026-09-06T20:10:46.283484+00:00  STALE    https://news.google.com/rss/search?q=Patrick%20Healy&hl=en-US&gl=US&ceid=US:en  (no just-published item; only older items resurfaced)
2026-09-06T20:10:46.283484+00:00  STALE    https://news.google.com/rss/search?q=Mary%20Erdoes&hl=en-US&gl=US&ceid=US:en  (no just-published item; only older items resurfaced)
2026-09-06T20:10:46.283484+00:00  STALE    https://news.google.com/rss/search?q=*Robert%20Jain*&hl=en-US&gl=US&ceid=US:en  (no just-published item; only older items resurfaced)
2026-09-06T20:10:46.283484+00:00  STALE    https://news.google.com/rss/search?q=*Mart%C3%ADn%20Escobari*&hl=en-US&gl=US&ceid=US:en  (no just-published item; only older items resurfaced)
2026-09-06T20:10:46.283484+00:00  STALE    https://news.google.com/rss/search?q=*Ritu%20Kalra*&hl=en-US&gl=US&ceid=US:en  (no just-published item; only older items resurfaced)
2026-09-06T20:10:46.283484+00:00  STALE    https://news.google.com/rss/search?q=Paul%20Finnegan&hl=en-US&gl=US&ceid=US:en  (no just-published item; only older items resurfaced)
2026-09-06T20:10:46.283484+00:00  STALE    https://news.google.com/rss/search?q=*Raymond%20McGuire*&hl=en-US&gl=US&ceid=US:en  (no just-published item; only older items resurfaced)
2026-09-06T20:10:46.283484+00:00  STALE    https://news.google.com/rss/search?q=Joshua%20Friedman&hl=en-US&gl=US&ceid=US:en  (no just-published item; only older items resurfaced)
2026-09-06T20:42:26.351531+00:00  STALE    https://news.google.com/rss/search?q=Sanjeev%20Daga&hl=en-US&gl=US&ceid=US:en  (no just-published item; only older items resurfaced)
2026-09-06T20:42:26.351531+00:00  STALE    https://news.google.com/rss/search?q=Tim%20Barakett&hl=en-US&gl=US&ceid=US:en  (no just-published item; only older items resurfaced)
2026-09-06T20:42:26.351531+00:00  STALE    https://news.google.com/rss/search?q=Alan%20Garber&hl=en-US&gl=US&ceid=US:en  (no just-published item; only older items resurfaced)
2026-09-06T20:42:26.351531+00:00  STALE    https://news.google.com/rss/search?q=Tricia%20Glynn&hl=en-US&gl=US&ceid=US:en  (no just-published item; only older items resurfaced)
2026-09-06T20:42:26.351531+00:00  STALE    https://news.google.com/rss/search?q=Paul%20Edgerley&hl=en-US&gl=US&ceid=US:en  (no just-published item; only older items resurfaced)
2026-09-06T20:42:26.351531+00:00  STALE    https://news.google.com/rss/search?q=Patrick%20Healy&hl=en-US&gl=US&ceid=US:en  (no just-published item; only older items resurfaced)
2026-09-06T20:42:26.351531+00:00  STALE    https://news.google.com/rss/search?q=Mary%20Erdoes&hl=en-US&gl=US&ceid=US:en  (no just-published item; only older items resurfaced)
2026-09-06T20:42:26.351531+00:00  STALE    https://news.google.com/rss/search?q=*Robert%20Jain*&hl=en-US&gl=US&ceid=US:en  (no just-published item; only older items resurfaced)
2026-09-06T20:42:26.351531+00:00  STALE    https://news.google.com/rss/search?q=*Mart%C3%ADn%20Escobari*&hl=en-US&gl=US&ceid=US:en  (no just-published item; only older items resurfaced)
2026-09-06T20:42:26.351531+00:00  STALE    https://news.google.com/rss/search?q=*Ritu%20Kalra*&hl=en-US&gl=US&ceid=US:en  (no just-published item; only older items resurfaced)
2026-09-06T20:42:26.351531+00:00  STALE    https://news.google.com/rss/search?q=Paul%20Finnegan&hl=en-US&gl=US&ceid=US:en  (no just-published item; only older items resurfaced)
2026-09-06T20:42:26.351531+00:00  STALE    https://news.google.com/rss/search?q=*Raymond%20McGuire*&hl=en-US&gl=US&ceid=US:en  (no just-published item; only older items resurfaced)
2026-09-06T20:42:26.351531+00:00  STALE    https://news.google.com/rss/search?q=Joshua%20Friedman&hl=en-US&gl=US&ceid=US:en  (no just-published item; only older items resurfaced)
2026-09-06T20:52:30.334691+00:00  CHANGED  https://www.courtlistener.com/docket/72275604/united-states-v-president-and-fellows-of-harvard-college-harvard/?order_by=desc  by=hugo.chiasson  ch=directmessage  via=DM->hugo.chiasson
2026-09-06T20:52:30.334691+00:00  STALE    https://news.google.com/rss/search?q=*600%20Atlantic%20Avenue%20Boston*&hl=en-US&gl=US&ceid=US:en  (no just-published item; only older items resurfaced)
2026-09-06T20:52:30.334691+00:00  STALE    https://news.google.com/rss/search?q=Harvard%20investment&hl=en-US&gl=US&ceid=US:en  (no just-published item; only older items resurfaced)
2026-09-06T20:52:30.334691+00:00  STALE    https://news.google.com/rss/search?q=Harvard%20Singapore&hl=en-US&gl=US&ceid=US:en  (no just-published item; only older items resurfaced)
2026-09-06T20:52:30.334691+00:00  STALE    https://news.google.com/rss/search?q=HMC%20San%20Francisco&hl=en-US&gl=US&ceid=US:en  (no just-published item; only older items resurfaced)
2026-09-06T20:57:32.817101+00:00  BLOCKED  https://dso.college.harvard.edu/office-culture-community/about-harvard-foundation
2026-09-06T20:57:32.817101+00:00  FLAPPED  https://www.courtlistener.com/docket/72275604/united-states-v-president-and-fellows-of-harvard-college-harvard/?order_by=desc
2026-09-06T21:02:36.343699+00:00  FLAPPED  https://www.courtlistener.com/docket/72275604/united-states-v-president-and-fellows-of-harvard-college-harvard/?order_by=desc
2026-09-06T21:02:36.343699+00:00  CHANGED  https://news.google.com/rss/search?q=harvard&hl=en-US&gl=US&ceid=US:en  by=dhruv.patel  ch=directmessage  via=DM->dhruv.patel
2026-09-06T21:31:29.021835+00:00  CHANGED  https://news.google.com/rss/search?q=harvard&hl=en-US&gl=US&ceid=US:en  by=dhruv.patel  ch=directmessage  via=DM->dhruv.patel
2026-09-06T21:41:31.938966+00:00  STALE    https://news.google.com/rss/search?q=Harvard%20Management%20Company&hl=en-US&gl=US&ceid=US:en  (no just-published item; only older items resurfaced)
2026-09-06T21:41:31.938966+00:00  CHANGED  https://news.google.com/rss/search?q=Harvard&hl=en-US&gl=US&ceid=US:en  by=megan.blonigen  ch=directmessage  via=DM->megan.blonigen
2026-09-06T21:41:31.938966+00:00  STALE    https://news.google.com/rss/search?q=N.P.%20Narvekar&hl=en-US&gl=US&ceid=US:en  (no just-published item; only older items resurfaced)
2026-09-06T21:41:31.938966+00:00  STALE    https://news.google.com/rss/search?q=HMC&hl=en-US&gl=US&ceid=US:en  (no just-published item; only older items resurfaced)
2026-09-06T21:41:31.938966+00:00  STALE    https://news.google.com/rss/search?q=Rick%20Slocum&hl=en-US&gl=US&ceid=US:en  (no just-published item; only older items resurfaced)
2026-09-06T21:46:34.413288+00:00  STALE    https://news.google.com/rss/search?q=Sanjeev%20Daga&hl=en-US&gl=US&ceid=US:en  (no just-published item; only older items resurfaced)
2026-09-06T21:46:34.413288+00:00  STALE    https://news.google.com/rss/search?q=Tim%20Barakett&hl=en-US&gl=US&ceid=US:en  (no just-published item; only older items resurfaced)
2026-09-06T21:46:34.413288+00:00  STALE    https://news.google.com/rss/search?q=Alan%20Garber&hl=en-US&gl=US&ceid=US:en  (no just-published item; only older items resurfaced)
2026-09-06T21:46:34.413288+00:00  STALE    https://news.google.com/rss/search?q=Tricia%20Glynn&hl=en-US&gl=US&ceid=US:en  (no just-published item; only older items resurfaced)
2026-09-06T21:46:34.413288+00:00  STALE    https://news.google.com/rss/search?q=*Eric%20Doppstadt*&hl=en-US&gl=US&ceid=US:en  (no just-published item; only older items resurfaced)
2026-09-06T21:46:34.413288+00:00  STALE    https://news.google.com/rss/search?q=Paul%20Edgerley&hl=en-US&gl=US&ceid=US:en  (no just-published item; only older items resurfaced)
2026-09-06T21:46:34.413288+00:00  STALE    https://news.google.com/rss/search?q=Patrick%20Healy&hl=en-US&gl=US&ceid=US:en  (no just-published item; only older items resurfaced)
2026-09-06T21:46:34.413288+00:00  STALE    https://news.google.com/rss/search?q=Mary%20Erdoes&hl=en-US&gl=US&ceid=US:en  (no just-published item; only older items resurfaced)
2026-09-06T21:46:34.413288+00:00  STALE    https://news.google.com/rss/search?q=*Robert%20Jain*&hl=en-US&gl=US&ceid=US:en  (no just-published item; only older items resurfaced)
2026-09-06T21:46:34.413288+00:00  STALE    https://news.google.com/rss/search?q=*Mart%C3%ADn%20Escobari*&hl=en-US&gl=US&ceid=US:en  (no just-published item; only older items resurfaced)
2026-09-06T21:46:34.413288+00:00  STALE    https://news.google.com/rss/search?q=*Ritu%20Kalra*&hl=en-US&gl=US&ceid=US:en  (no just-published item; only older items resurfaced)
2026-09-06T21:46:34.413288+00:00  STALE    https://news.google.com/rss/search?q=Paul%20Finnegan&hl=en-US&gl=US&ceid=US:en  (no just-published item; only older items resurfaced)
2026-09-06T21:46:34.413288+00:00  STALE    https://news.google.com/rss/search?q=*Raymond%20McGuire*&hl=en-US&gl=US&ceid=US:en  (no just-published item; only older items resurfaced)
2026-09-06T21:46:34.413288+00:00  STALE    https://news.google.com/rss/search?q=Joshua%20Friedman&hl=en-US&gl=US&ceid=US:en  (no just-published item; only older items resurfaced)
2026-09-06T21:56:38.448821+00:00  BLOCKED  https://dso.college.harvard.edu/office-culture-community/about-harvard-foundation
2026-09-06T21:56:38.448821+00:00  STALE    https://news.google.com/rss/search?q=*600%20Atlantic%20Avenue%20Boston*&hl=en-US&gl=US&ceid=US:en  (no just-published item; only older items resurfaced)
2026-09-06T21:56:38.448821+00:00  STALE    https://news.google.com/rss/search?q=Harvard%20investment&hl=en-US&gl=US&ceid=US:en  (no just-published item; only older items resurfaced)
2026-09-06T21:56:38.448821+00:00  STALE    https://news.google.com/rss/search?q=Harvard%20Singapore&hl=en-US&gl=US&ceid=US:en  (no just-published item; only older items resurfaced)
2026-09-06T21:56:38.448821+00:00  STALE    https://news.google.com/rss/search?q=HMC%20San%20Francisco&hl=en-US&gl=US&ceid=US:en  (no just-published item; only older items resurfaced)
2026-09-06T22:01:23.182537+00:00  CHANGED  https://news.google.com/rss/search?q=harvard&hl=en-US&gl=US&ceid=US:en  by=dhruv.patel  ch=directmessage  via=DM->dhruv.patel
2026-09-06T22:06:25.669133+00:00  CHANGED  https://www.cambridgema.gov/news  by=shawn.boehmer  ch=directmessage  via=DM->shawn.boehmer
2026-09-06T22:11:27.708836+00:00  STALE    https://news.google.com/rss/search?q=Harvard%20Management%20Company&hl=en-US&gl=US&ceid=US:en  (no just-published item; only older items resurfaced)
2026-09-06T22:11:27.708836+00:00  CHANGED  https://news.google.com/rss/search?q=Harvard&hl=en-US&gl=US&ceid=US:en  by=megan.blonigen  ch=directmessage  via=DM->megan.blonigen
2026-09-06T22:11:27.708836+00:00  STALE    https://news.google.com/rss/search?q=N.P.%20Narvekar&hl=en-US&gl=US&ceid=US:en  (no just-published item; only older items resurfaced)
2026-09-06T22:11:27.708836+00:00  STALE    https://news.google.com/rss/search?q=HMC&hl=en-US&gl=US&ceid=US:en  (no just-published item; only older items resurfaced)
2026-09-06T22:11:27.708836+00:00  STALE    https://news.google.com/rss/search?q=Rick%20Slocum&hl=en-US&gl=US&ceid=US:en  (no just-published item; only older items resurfaced)
2026-09-06T22:16:29.810556+00:00  STALE    https://news.google.com/rss/search?q=Sanjeev%20Daga&hl=en-US&gl=US&ceid=US:en  (no just-published item; only older items resurfaced)
2026-09-06T22:16:29.810556+00:00  STALE    https://news.google.com/rss/search?q=Tim%20Barakett&hl=en-US&gl=US&ceid=US:en  (no just-published item; only older items resurfaced)
2026-09-06T22:16:29.810556+00:00  STALE    https://news.google.com/rss/search?q=Alan%20Garber&hl=en-US&gl=US&ceid=US:en  (no just-published item; only older items resurfaced)
2026-09-06T22:16:29.810556+00:00  STALE    https://news.google.com/rss/search?q=Tricia%20Glynn&hl=en-US&gl=US&ceid=US:en  (no just-published item; only older items resurfaced)
2026-09-06T22:16:29.810556+00:00  STALE    https://news.google.com/rss/search?q=*Eric%20Doppstadt*&hl=en-US&gl=US&ceid=US:en  (no just-published item; only older items resurfaced)
2026-09-06T22:16:29.810556+00:00  STALE    https://news.google.com/rss/search?q=Paul%20Edgerley&hl=en-US&gl=US&ceid=US:en  (no just-published item; only older items resurfaced)
2026-09-06T22:16:29.810556+00:00  STALE    https://news.google.com/rss/search?q=Patrick%20Healy&hl=en-US&gl=US&ceid=US:en  (no just-published item; only older items resurfaced)
2026-09-06T22:16:29.810556+00:00  STALE    https://news.google.com/rss/search?q=Mary%20Erdoes&hl=en-US&gl=US&ceid=US:en  (no just-published item; only older items resurfaced)
2026-09-06T22:16:29.810556+00:00  STALE    https://news.google.com/rss/search?q=*Robert%20Jain*&hl=en-US&gl=US&ceid=US:en  (no just-published item; only older items resurfaced)
2026-09-06T22:16:29.810556+00:00  STALE    https://news.google.com/rss/search?q=*Mart%C3%ADn%20Escobari*&hl=en-US&gl=US&ceid=US:en  (no just-published item; only older items resurfaced)
2026-09-06T22:16:29.810556+00:00  STALE    https://news.google.com/rss/search?q=*Ritu%20Kalra*&hl=en-US&gl=US&ceid=US:en  (no just-published item; only older items resurfaced)
2026-09-06T22:16:29.810556+00:00  STALE    https://news.google.com/rss/search?q=Paul%20Finnegan&hl=en-US&gl=US&ceid=US:en  (no just-published item; only older items resurfaced)
2026-09-06T22:16:29.810556+00:00  STALE    https://news.google.com/rss/search?q=*Raymond%20McGuire*&hl=en-US&gl=US&ceid=US:en  (no just-published item; only older items resurfaced)
2026-09-06T22:16:29.810556+00:00  STALE    https://news.google.com/rss/search?q=Joshua%20Friedman&hl=en-US&gl=US&ceid=US:en  (no just-published item; only older items resurfaced)
2026-09-06T22:26:34.188770+00:00  STALE    https://news.google.com/rss/search?q=*600%20Atlantic%20Avenue%20Boston*&hl=en-US&gl=US&ceid=US:en  (no just-published item; only older items resurfaced)
2026-09-06T22:26:34.188770+00:00  STALE    https://news.google.com/rss/search?q=Harvard%20investment&hl=en-US&gl=US&ceid=US:en  (no just-published item; only older items resurfaced)
2026-09-06T22:26:34.188770+00:00  STALE    https://news.google.com/rss/search?q=Harvard%20Singapore&hl=en-US&gl=US&ceid=US:en  (no just-published item; only older items resurfaced)
2026-09-06T22:26:34.188770+00:00  STALE    https://news.google.com/rss/search?q=HMC%20San%20Francisco&hl=en-US&gl=US&ceid=US:en  (no just-published item; only older items resurfaced)
2026-09-06T22:31:29.692514+00:00  STALE    https://news.google.com/rss/search?q=harvard&hl=en-US&gl=US&ceid=US:en  (no just-published item; only older items resurfaced)
2026-09-06T22:41:33.071865+00:00  STALE    https://news.google.com/rss/search?q=Harvard%20Management%20Company&hl=en-US&gl=US&ceid=US:en  (no just-published item; only older items resurfaced)
2026-09-06T22:41:33.071865+00:00  CHANGED  https://news.google.com/rss/search?q=Harvard&hl=en-US&gl=US&ceid=US:en  by=megan.blonigen  ch=directmessage  via=DM->megan.blonigen
2026-09-06T22:41:33.071865+00:00  STALE    https://news.google.com/rss/search?q=N.P.%20Narvekar&hl=en-US&gl=US&ceid=US:en  (no just-published item; only older items resurfaced)
2026-09-06T22:41:33.071865+00:00  STALE    https://news.google.com/rss/search?q=HMC&hl=en-US&gl=US&ceid=US:en  (no just-published item; only older items resurfaced)
2026-09-06T22:41:33.071865+00:00  STALE    https://news.google.com/rss/search?q=Rick%20Slocum&hl=en-US&gl=US&ceid=US:en  (no just-published item; only older items resurfaced)
2026-09-06T22:46:35.294540+00:00  STALE    https://news.google.com/rss/search?q=Sanjeev%20Daga&hl=en-US&gl=US&ceid=US:en  (no just-published item; only older items resurfaced)
2026-09-06T22:46:35.294540+00:00  STALE    https://news.google.com/rss/search?q=Tim%20Barakett&hl=en-US&gl=US&ceid=US:en  (no just-published item; only older items resurfaced)
2026-09-06T22:46:35.294540+00:00  STALE    https://news.google.com/rss/search?q=Alan%20Garber&hl=en-US&gl=US&ceid=US:en  (no just-published item; only older items resurfaced)
2026-09-06T22:46:35.294540+00:00  STALE    https://news.google.com/rss/search?q=Tricia%20Glynn&hl=en-US&gl=US&ceid=US:en  (no just-published item; only older items resurfaced)
2026-09-06T22:46:35.294540+00:00  STALE    https://news.google.com/rss/search?q=*Eric%20Doppstadt*&hl=en-US&gl=US&ceid=US:en  (no just-published item; only older items resurfaced)
2026-09-06T22:46:35.294540+00:00  STALE    https://news.google.com/rss/search?q=Paul%20Edgerley&hl=en-US&gl=US&ceid=US:en  (no just-published item; only older items resurfaced)
2026-09-06T22:46:35.294540+00:00  STALE    https://news.google.com/rss/search?q=Patrick%20Healy&hl=en-US&gl=US&ceid=US:en  (no just-published item; only older items resurfaced)
2026-09-06T22:46:35.294540+00:00  STALE    https://news.google.com/rss/search?q=Mary%20Erdoes&hl=en-US&gl=US&ceid=US:en  (no just-published item; only older items resurfaced)
2026-09-06T22:46:35.294540+00:00  STALE    https://news.google.com/rss/search?q=*Robert%20Jain*&hl=en-US&gl=US&ceid=US:en  (no just-published item; only older items resurfaced)
2026-09-06T22:46:35.294540+00:00  STALE    https://news.google.com/rss/search?q=*Mart%C3%ADn%20Escobari*&hl=en-US&gl=US&ceid=US:en  (no just-published item; only older items resurfaced)
2026-09-06T22:46:35.294540+00:00  STALE    https://news.google.com/rss/search?q=*Ritu%20Kalra*&hl=en-US&gl=US&ceid=US:en  (no just-published item; only older items resurfaced)
2026-09-06T22:46:35.294540+00:00  STALE    https://news.google.com/rss/search?q=Paul%20Finnegan&hl=en-US&gl=US&ceid=US:en  (no just-published item; only older items resurfaced)
2026-09-06T22:46:35.294540+00:00  STALE    https://news.google.com/rss/search?q=*Raymond%20McGuire*&hl=en-US&gl=US&ceid=US:en  (no just-published item; only older items resurfaced)
2026-09-06T22:46:35.294540+00:00  STALE    https://news.google.com/rss/search?q=Joshua%20Friedman&hl=en-US&gl=US&ceid=US:en  (no just-published item; only older items resurfaced)
2026-09-06T22:56:40.059297+00:00  BLOCKED  https://dso.college.harvard.edu/office-culture-community/about-harvard-foundation
2026-09-06T22:56:40.059297+00:00  STALE    https://news.google.com/rss/search?q=*600%20Atlantic%20Avenue%20Boston*&hl=en-US&gl=US&ceid=US:en  (no just-published item; only older items resurfaced)
2026-09-06T22:56:40.059297+00:00  STALE    https://news.google.com/rss/search?q=Harvard%20investment&hl=en-US&gl=US&ceid=US:en  (no just-published item; only older items resurfaced)
2026-09-06T22:56:40.059297+00:00  STALE    https://news.google.com/rss/search?q=Harvard%20Singapore&hl=en-US&gl=US&ceid=US:en  (no just-published item; only older items resurfaced)
2026-09-06T22:56:40.059297+00:00  STALE    https://news.google.com/rss/search?q=HMC%20San%20Francisco&hl=en-US&gl=US&ceid=US:en  (no just-published item; only older items resurfaced)
2026-09-06T23:01:24.877529+00:00  CHANGED  https://news.google.com/rss/search?q=harvard&hl=en-US&gl=US&ceid=US:en  by=dhruv.patel  ch=directmessage  via=DM->dhruv.patel
2026-09-06T23:11:29.326715+00:00  CHANGED  https://www.courtlistener.com/docket/72520538/united-states-v-president-and-fellows-of-harvard-college/?order_by=desc  by=hugo.chiasson  ch=directmessage  via=DM->hugo.chiasson
2026-09-06T23:11:29.326715+00:00  STALE    https://news.google.com/rss/search?q=Harvard%20Management%20Company&hl=en-US&gl=US&ceid=US:en  (no just-published item; only older items resurfaced)
2026-09-06T23:11:29.326715+00:00  CHANGED  https://news.google.com/rss/search?q=Harvard&hl=en-US&gl=US&ceid=US:en  by=megan.blonigen  ch=directmessage  via=DM->megan.blonigen
2026-09-06T23:11:29.326715+00:00  STALE    https://news.google.com/rss/search?q=N.P.%20Narvekar&hl=en-US&gl=US&ceid=US:en  (no just-published item; only older items resurfaced)
2026-09-06T23:11:29.326715+00:00  STALE    https://news.google.com/rss/search?q=HMC&hl=en-US&gl=US&ceid=US:en  (no just-published item; only older items resurfaced)
2026-09-06T23:11:29.326715+00:00  STALE    https://news.google.com/rss/search?q=Rick%20Slocum&hl=en-US&gl=US&ceid=US:en  (no just-published item; only older items resurfaced)
2026-09-06T23:16:32.628010+00:00  STALE    https://news.google.com/rss/search?q=Sanjeev%20Daga&hl=en-US&gl=US&ceid=US:en  (no just-published item; only older items resurfaced)
2026-09-06T23:16:32.628010+00:00  STALE    https://news.google.com/rss/search?q=Tim%20Barakett&hl=en-US&gl=US&ceid=US:en  (no just-published item; only older items resurfaced)
2026-09-06T23:16:32.628010+00:00  STALE    https://news.google.com/rss/search?q=Alan%20Garber&hl=en-US&gl=US&ceid=US:en  (no just-published item; only older items resurfaced)
2026-09-06T23:16:32.628010+00:00  STALE    https://news.google.com/rss/search?q=Tricia%20Glynn&hl=en-US&gl=US&ceid=US:en  (no just-published item; only older items resurfaced)
2026-09-06T23:16:32.628010+00:00  STALE    https://news.google.com/rss/search?q=*Eric%20Doppstadt*&hl=en-US&gl=US&ceid=US:en  (no just-published item; only older items resurfaced)
2026-09-06T23:16:32.628010+00:00  STALE    https://news.google.com/rss/search?q=Paul%20Edgerley&hl=en-US&gl=US&ceid=US:en  (no just-published item; only older items resurfaced)
2026-09-06T23:16:32.628010+00:00  STALE    https://news.google.com/rss/search?q=Patrick%20Healy&hl=en-US&gl=US&ceid=US:en  (no just-published item; only older items resurfaced)
2026-09-06T23:16:32.628010+00:00  STALE    https://news.google.com/rss/search?q=Mary%20Erdoes&hl=en-US&gl=US&ceid=US:en  (no just-published item; only older items resurfaced)
2026-09-06T23:16:32.628010+00:00  STALE    https://news.google.com/rss/search?q=*Robert%20Jain*&hl=en-US&gl=US&ceid=US:en  (no just-published item; only older items resurfaced)
2026-09-06T23:16:32.628010+00:00  STALE    https://news.google.com/rss/search?q=*Mart%C3%ADn%20Escobari*&hl=en-US&gl=US&ceid=US:en  (no just-published item; only older items resurfaced)
2026-09-06T23:16:32.628010+00:00  STALE    https://news.google.com/rss/search?q=*Ritu%20Kalra*&hl=en-US&gl=US&ceid=US:en  (no just-published item; only older items resurfaced)
2026-09-06T23:16:32.628010+00:00  STALE    https://news.google.com/rss/search?q=Paul%20Finnegan&hl=en-US&gl=US&ceid=US:en  (no just-published item; only older items resurfaced)
2026-09-06T23:16:32.628010+00:00  STALE    https://news.google.com/rss/search?q=*Raymond%20McGuire*&hl=en-US&gl=US&ceid=US:en  (no just-published item; only older items resurfaced)
2026-09-06T23:16:32.628010+00:00  STALE    https://news.google.com/rss/search?q=Joshua%20Friedman&hl=en-US&gl=US&ceid=US:en  (no just-published item; only older items resurfaced)
2026-09-06T23:21:35.602667+00:00  FLAPPED  https://www.courtlistener.com/docket/72520538/united-states-v-president-and-fellows-of-harvard-college/?order_by=desc
2026-09-06T23:21:35.602667+00:00  ERROR    https://www.courtlistener.com/docket/72275604/united-states-v-president-and-fellows-of-harvard-college-harvard/?order_by=desc  HTTP Error 502: Bad Gateway
2026-09-06T23:26:37.324096+00:00  FLAPPED  https://www.courtlistener.com/docket/72520538/united-states-v-president-and-fellows-of-harvard-college/?order_by=desc
2026-09-06T23:26:37.324096+00:00  STALE    https://news.google.com/rss/search?q=*600%20Atlantic%20Avenue%20Boston*&hl=en-US&gl=US&ceid=US:en  (no just-published item; only older items resurfaced)
2026-09-06T23:26:37.324096+00:00  STALE    https://news.google.com/rss/search?q=Harvard%20investment&hl=en-US&gl=US&ceid=US:en  (no just-published item; only older items resurfaced)
2026-09-06T23:26:37.324096+00:00  STALE    https://news.google.com/rss/search?q=Harvard%20Singapore&hl=en-US&gl=US&ceid=US:en  (no just-published item; only older items resurfaced)
2026-09-06T23:26:37.324096+00:00  STALE    https://news.google.com/rss/search?q=HMC%20San%20Francisco&hl=en-US&gl=US&ceid=US:en  (no just-published item; only older items resurfaced)
2026-09-06T23:31:23.110679+00:00  CHANGED  https://www.courtlistener.com/docket/72520538/united-states-v-president-and-fellows-of-harvard-college/?order_by=desc  by=hugo.chiasson  ch=directmessage  via=DM->hugo.chiasson
2026-09-06T23:31:23.110679+00:00  CHANGED  https://news.google.com/rss/search?q=harvard&hl=en-US&gl=US&ceid=US:en  by=dhruv.patel  ch=directmessage  via=DM->dhruv.patel
2026-09-06T23:41:27.934464+00:00  STALE    https://news.google.com/rss/search?q=Harvard%20Management%20Company&hl=en-US&gl=US&ceid=US:en  (no just-published item; only older items resurfaced)
2026-09-06T23:41:27.934464+00:00  CHANGED  https://news.google.com/rss/search?q=Harvard&hl=en-US&gl=US&ceid=US:en  by=megan.blonigen  ch=directmessage  via=DM->megan.blonigen
2026-09-06T23:41:27.934464+00:00  STALE    https://news.google.com/rss/search?q=N.P.%20Narvekar&hl=en-US&gl=US&ceid=US:en  (no just-published item; only older items resurfaced)
2026-09-06T23:41:27.934464+00:00  STALE    https://news.google.com/rss/search?q=HMC&hl=en-US&gl=US&ceid=US:en  (no just-published item; only older items resurfaced)
2026-09-06T23:41:27.934464+00:00  STALE    https://news.google.com/rss/search?q=Rick%20Slocum&hl=en-US&gl=US&ceid=US:en  (no just-published item; only older items resurfaced)
2026-09-06T23:46:30.756824+00:00  STALE    https://news.google.com/rss/search?q=Sanjeev%20Daga&hl=en-US&gl=US&ceid=US:en  (no just-published item; only older items resurfaced)
2026-09-06T23:46:30.756824+00:00  STALE    https://news.google.com/rss/search?q=Tim%20Barakett&hl=en-US&gl=US&ceid=US:en  (no just-published item; only older items resurfaced)
2026-09-06T23:46:30.756824+00:00  STALE    https://news.google.com/rss/search?q=Alan%20Garber&hl=en-US&gl=US&ceid=US:en  (no just-published item; only older items resurfaced)
2026-09-06T23:46:30.756824+00:00  STALE    https://news.google.com/rss/search?q=Tricia%20Glynn&hl=en-US&gl=US&ceid=US:en  (no just-published item; only older items resurfaced)
2026-09-06T23:46:30.756824+00:00  STALE    https://news.google.com/rss/search?q=Paul%20Edgerley&hl=en-US&gl=US&ceid=US:en  (no just-published item; only older items resurfaced)
2026-09-06T23:46:30.756824+00:00  STALE    https://news.google.com/rss/search?q=Patrick%20Healy&hl=en-US&gl=US&ceid=US:en  (no just-published item; only older items resurfaced)
2026-09-06T23:46:30.756824+00:00  STALE    https://news.google.com/rss/search?q=Mary%20Erdoes&hl=en-US&gl=US&ceid=US:en  (no just-published item; only older items resurfaced)
2026-09-06T23:46:30.756824+00:00  STALE    https://news.google.com/rss/search?q=*Robert%20Jain*&hl=en-US&gl=US&ceid=US:en  (no just-published item; only older items resurfaced)
2026-09-06T23:46:30.756824+00:00  STALE    https://news.google.com/rss/search?q=*Mart%C3%ADn%20Escobari*&hl=en-US&gl=US&ceid=US:en  (no just-published item; only older items resurfaced)
2026-09-06T23:46:30.756824+00:00  STALE    https://news.google.com/rss/search?q=*Ritu%20Kalra*&hl=en-US&gl=US&ceid=US:en  (no just-published item; only older items resurfaced)
2026-09-06T23:46:30.756824+00:00  STALE    https://news.google.com/rss/search?q=Paul%20Finnegan&hl=en-US&gl=US&ceid=US:en  (no just-published item; only older items resurfaced)
2026-09-06T23:46:30.756824+00:00  STALE    https://news.google.com/rss/search?q=*Raymond%20McGuire*&hl=en-US&gl=US&ceid=US:en  (no just-published item; only older items resurfaced)
2026-09-06T23:46:30.756824+00:00  STALE    https://news.google.com/rss/search?q=Joshua%20Friedman&hl=en-US&gl=US&ceid=US:en  (no just-published item; only older items resurfaced)
2026-09-06T23:56:35.973381+00:00  BLOCKED  https://dso.college.harvard.edu/office-culture-community/about-harvard-foundation
2026-09-06T23:56:35.973381+00:00  STALE    https://news.google.com/rss/search?q=*600%20Atlantic%20Avenue%20Boston*&hl=en-US&gl=US&ceid=US:en  (no just-published item; only older items resurfaced)
2026-09-06T23:56:35.973381+00:00  STALE    https://news.google.com/rss/search?q=Harvard%20investment&hl=en-US&gl=US&ceid=US:en  (no just-published item; only older items resurfaced)
2026-09-06T23:56:35.973381+00:00  STALE    https://news.google.com/rss/search?q=Harvard%20Singapore&hl=en-US&gl=US&ceid=US:en  (no just-published item; only older items resurfaced)
2026-09-06T23:56:35.973381+00:00  STALE    https://news.google.com/rss/search?q=HMC%20San%20Francisco&hl=en-US&gl=US&ceid=US:en  (no just-published item; only older items resurfaced)
2026-09-07T00:01:27.218362+00:00  CHANGED  https://news.google.com/rss/search?q=harvard&hl=en-US&gl=US&ceid=US:en  by=dhruv.patel  ch=directmessage  via=DM->dhruv.patel
2026-09-07T00:11:32.214564+00:00  STALE    https://news.google.com/rss/search?q=Harvard%20Management%20Company&hl=en-US&gl=US&ceid=US:en  (no just-published item; only older items resurfaced)
2026-09-07T00:11:32.214564+00:00  STALE    https://news.google.com/rss/search?q=Harvard&hl=en-US&gl=US&ceid=US:en  (no just-published item; only older items resurfaced)
2026-09-07T00:11:32.214564+00:00  STALE    https://news.google.com/rss/search?q=N.P.%20Narvekar&hl=en-US&gl=US&ceid=US:en  (no just-published item; only older items resurfaced)
2026-09-07T00:11:32.214564+00:00  STALE    https://news.google.com/rss/search?q=HMC&hl=en-US&gl=US&ceid=US:en  (no just-published item; only older items resurfaced)
2026-09-07T00:11:32.214564+00:00  STALE    https://news.google.com/rss/search?q=Rick%20Slocum&hl=en-US&gl=US&ceid=US:en  (no just-published item; only older items resurfaced)
2026-09-07T00:16:34.033708+00:00  STALE    https://news.google.com/rss/search?q=Sanjeev%20Daga&hl=en-US&gl=US&ceid=US:en  (no just-published item; only older items resurfaced)
2026-09-07T00:16:34.033708+00:00  STALE    https://news.google.com/rss/search?q=Tim%20Barakett&hl=en-US&gl=US&ceid=US:en  (no just-published item; only older items resurfaced)
2026-09-07T00:16:34.033708+00:00  STALE    https://news.google.com/rss/search?q=Alan%20Garber&hl=en-US&gl=US&ceid=US:en  (no just-published item; only older items resurfaced)
2026-09-07T00:16:34.033708+00:00  STALE    https://news.google.com/rss/search?q=Tricia%20Glynn&hl=en-US&gl=US&ceid=US:en  (no just-published item; only older items resurfaced)
2026-09-07T00:16:34.033708+00:00  STALE    https://news.google.com/rss/search?q=*Eric%20Doppstadt*&hl=en-US&gl=US&ceid=US:en  (no just-published item; only older items resurfaced)
2026-09-07T00:16:34.033708+00:00  STALE    https://news.google.com/rss/search?q=Paul%20Edgerley&hl=en-US&gl=US&ceid=US:en  (no just-published item; only older items resurfaced)
2026-09-07T00:16:34.033708+00:00  STALE    https://news.google.com/rss/search?q=Patrick%20Healy&hl=en-US&gl=US&ceid=US:en  (no just-published item; only older items resurfaced)
2026-09-07T00:16:34.033708+00:00  STALE    https://news.google.com/rss/search?q=Mary%20Erdoes&hl=en-US&gl=US&ceid=US:en  (no just-published item; only older items resurfaced)
2026-09-07T00:16:34.033708+00:00  STALE    https://news.google.com/rss/search?q=*Robert%20Jain*&hl=en-US&gl=US&ceid=US:en  (no just-published item; only older items resurfaced)
2026-09-07T00:16:34.033708+00:00  STALE    https://news.google.com/rss/search?q=*Mart%C3%ADn%20Escobari*&hl=en-US&gl=US&ceid=US:en  (no just-published item; only older items resurfaced)
2026-09-07T00:16:34.033708+00:00  STALE    https://news.google.com/rss/search?q=*Ritu%20Kalra*&hl=en-US&gl=US&ceid=US:en  (no just-published item; only older items resurfaced)
2026-09-07T00:16:34.033708+00:00  STALE    https://news.google.com/rss/search?q=Paul%20Finnegan&hl=en-US&gl=US&ceid=US:en  (no just-published item; only older items resurfaced)
2026-09-07T00:16:34.033708+00:00  STALE    https://news.google.com/rss/search?q=*Raymond%20McGuire*&hl=en-US&gl=US&ceid=US:en  (no just-published item; only older items resurfaced)
2026-09-07T00:16:34.033708+00:00  STALE    https://news.google.com/rss/search?q=Joshua%20Friedman&hl=en-US&gl=US&ceid=US:en  (no just-published item; only older items resurfaced)
2026-09-07T00:26:39.285617+00:00  STALE    https://news.google.com/rss/search?q=*600%20Atlantic%20Avenue%20Boston*&hl=en-US&gl=US&ceid=US:en  (no just-published item; only older items resurfaced)
2026-09-07T00:26:39.285617+00:00  STALE    https://news.google.com/rss/search?q=Harvard%20investment&hl=en-US&gl=US&ceid=US:en  (no just-published item; only older items resurfaced)
2026-09-07T00:26:39.285617+00:00  STALE    https://news.google.com/rss/search?q=Harvard%20Singapore&hl=en-US&gl=US&ceid=US:en  (no just-published item; only older items resurfaced)
2026-09-07T00:26:39.285617+00:00  STALE    https://news.google.com/rss/search?q=HMC%20San%20Francisco&hl=en-US&gl=US&ceid=US:en  (no just-published item; only older items resurfaced)
2026-09-07T00:31:20.358392+00:00  CHANGED  https://news.google.com/rss/search?q=harvard&hl=en-US&gl=US&ceid=US:en  by=dhruv.patel  ch=directmessage  via=DM->dhruv.patel
2026-09-07T00:41:25.578053+00:00  STALE    https://news.google.com/rss/search?q=Harvard%20Management%20Company&hl=en-US&gl=US&ceid=US:en  (no just-published item; only older items resurfaced)
2026-09-07T00:41:25.578053+00:00  CHANGED  https://news.google.com/rss/search?q=Harvard&hl=en-US&gl=US&ceid=US:en  by=megan.blonigen  ch=directmessage  via=DM->megan.blonigen
2026-09-07T00:41:25.578053+00:00  STALE    https://news.google.com/rss/search?q=N.P.%20Narvekar&hl=en-US&gl=US&ceid=US:en  (no just-published item; only older items resurfaced)
2026-09-07T00:41:25.578053+00:00  STALE    https://news.google.com/rss/search?q=HMC&hl=en-US&gl=US&ceid=US:en  (no just-published item; only older items resurfaced)
2026-09-07T00:41:25.578053+00:00  STALE    https://news.google.com/rss/search?q=Rick%20Slocum&hl=en-US&gl=US&ceid=US:en  (no just-published item; only older items resurfaced)
2026-09-07T00:46:28.474341+00:00  CHANGED  https://thecrimson.com  by=dhruv.patel  ch=directmessage  via=DM->dhruv.patel
2026-09-07T00:46:28.474341+00:00  CHANGED  https://thecrimson.com  by=matteo.diaz  ch=matteo-internal  via=DM->matteo.diaz
2026-09-07T00:46:28.474341+00:00  CHANGED  https://thecrimson.com  by=sebastian.connolly  ch=directmessage  via=DM->sebastian.connolly
2026-09-07T00:46:28.474341+00:00  CHANGED  https://thecrimson.com  by=matteo.diaz  ch=directmessage  via=DM->matteo.diaz
2026-09-07T00:46:28.474341+00:00  STALE    https://news.google.com/rss/search?q=Sanjeev%20Daga&hl=en-US&gl=US&ceid=US:en  (no just-published item; only older items resurfaced)
2026-09-07T00:46:28.474341+00:00  STALE    https://news.google.com/rss/search?q=Tim%20Barakett&hl=en-US&gl=US&ceid=US:en  (no just-published item; only older items resurfaced)
2026-09-07T00:46:28.474341+00:00  STALE    https://news.google.com/rss/search?q=Alan%20Garber&hl=en-US&gl=US&ceid=US:en  (no just-published item; only older items resurfaced)
2026-09-07T00:46:28.474341+00:00  STALE    https://news.google.com/rss/search?q=Tricia%20Glynn&hl=en-US&gl=US&ceid=US:en  (no just-published item; only older items resurfaced)
2026-09-07T00:46:28.474341+00:00  STALE    https://news.google.com/rss/search?q=*Eric%20Doppstadt*&hl=en-US&gl=US&ceid=US:en  (no just-published item; only older items resurfaced)
2026-09-07T00:46:28.474341+00:00  STALE    https://news.google.com/rss/search?q=Paul%20Edgerley&hl=en-US&gl=US&ceid=US:en  (no just-published item; only older items resurfaced)
2026-09-07T00:46:28.474341+00:00  STALE    https://news.google.com/rss/search?q=Patrick%20Healy&hl=en-US&gl=US&ceid=US:en  (no just-published item; only older items resurfaced)
2026-09-07T00:46:28.474341+00:00  STALE    https://news.google.com/rss/search?q=Mary%20Erdoes&hl=en-US&gl=US&ceid=US:en  (no just-published item; only older items resurfaced)
2026-09-07T00:46:28.474341+00:00  STALE    https://news.google.com/rss/search?q=*Robert%20Jain*&hl=en-US&gl=US&ceid=US:en  (no just-published item; only older items resurfaced)
2026-09-07T00:46:28.474341+00:00  STALE    https://news.google.com/rss/search?q=*Mart%C3%ADn%20Escobari*&hl=en-US&gl=US&ceid=US:en  (no just-published item; only older items resurfaced)
2026-09-07T00:46:28.474341+00:00  STALE    https://news.google.com/rss/search?q=*Ritu%20Kalra*&hl=en-US&gl=US&ceid=US:en  (no just-published item; only older items resurfaced)
2026-09-07T00:46:28.474341+00:00  STALE    https://news.google.com/rss/search?q=Paul%20Finnegan&hl=en-US&gl=US&ceid=US:en  (no just-published item; only older items resurfaced)
2026-09-07T00:46:28.474341+00:00  STALE    https://news.google.com/rss/search?q=*Raymond%20McGuire*&hl=en-US&gl=US&ceid=US:en  (no just-published item; only older items resurfaced)
2026-09-07T00:46:28.474341+00:00  STALE    https://news.google.com/rss/search?q=Joshua%20Friedman&hl=en-US&gl=US&ceid=US:en  (no just-published item; only older items resurfaced)
2026-09-07T00:46:28.474341+00:00  CHANGED  https://www.thecrimson.com/  by=megan.blonigen  ch=directmessage  via=DM->megan.blonigen
2026-09-07T00:56:32.442395+00:00  BLOCKED  https://dso.college.harvard.edu/office-culture-community/about-harvard-foundation
2026-09-07T00:56:32.442395+00:00  STALE    https://news.google.com/rss/search?q=*600%20Atlantic%20Avenue%20Boston*&hl=en-US&gl=US&ceid=US:en  (no just-published item; only older items resurfaced)
2026-09-07T00:56:32.442395+00:00  STALE    https://news.google.com/rss/search?q=Harvard%20investment&hl=en-US&gl=US&ceid=US:en  (no just-published item; only older items resurfaced)
2026-09-07T00:56:32.442395+00:00  STALE    https://news.google.com/rss/search?q=Harvard%20Singapore&hl=en-US&gl=US&ceid=US:en  (no just-published item; only older items resurfaced)
2026-09-07T00:56:32.442395+00:00  STALE    https://news.google.com/rss/search?q=HMC%20San%20Francisco&hl=en-US&gl=US&ceid=US:en  (no just-published item; only older items resurfaced)
2026-09-07T01:28:18.718576+00:00  STALE    https://news.google.com/rss/search?q=*600%20Atlantic%20Avenue%20Boston*&hl=en-US&gl=US&ceid=US:en  (no just-published item; only older items resurfaced)
2026-09-07T01:28:18.718576+00:00  STALE    https://news.google.com/rss/search?q=Harvard%20investment&hl=en-US&gl=US&ceid=US:en  (no just-published item; only older items resurfaced)
2026-09-07T01:28:18.718576+00:00  STALE    https://news.google.com/rss/search?q=Harvard%20Singapore&hl=en-US&gl=US&ceid=US:en  (no just-published item; only older items resurfaced)
2026-09-07T01:28:18.718576+00:00  STALE    https://news.google.com/rss/search?q=HMC%20San%20Francisco&hl=en-US&gl=US&ceid=US:en  (no just-published item; only older items resurfaced)
2026-09-07T01:33:20.605613+00:00  CHANGED  https://news.google.com/rss/search?q=harvard&hl=en-US&gl=US&ceid=US:en  by=dhruv.patel  ch=directmessage  via=DM->dhruv.patel
2026-09-07T01:43:24.402914+00:00  STALE    https://news.google.com/rss/search?q=Harvard%20Management%20Company&hl=en-US&gl=US&ceid=US:en  (no just-published item; only older items resurfaced)
2026-09-07T01:43:24.402914+00:00  CHANGED  https://news.google.com/rss/search?q=Harvard&hl=en-US&gl=US&ceid=US:en  by=megan.blonigen  ch=directmessage  via=DM->megan.blonigen
2026-09-07T01:43:24.402914+00:00  STALE    https://news.google.com/rss/search?q=N.P.%20Narvekar&hl=en-US&gl=US&ceid=US:en  (no just-published item; only older items resurfaced)
2026-09-07T01:43:24.402914+00:00  STALE    https://news.google.com/rss/search?q=HMC&hl=en-US&gl=US&ceid=US:en  (no just-published item; only older items resurfaced)
2026-09-07T01:43:24.402914+00:00  STALE    https://news.google.com/rss/search?q=Rick%20Slocum&hl=en-US&gl=US&ceid=US:en  (no just-published item; only older items resurfaced)
2026-09-07T01:48:27.252453+00:00  STALE    https://news.google.com/rss/search?q=Sanjeev%20Daga&hl=en-US&gl=US&ceid=US:en  (no just-published item; only older items resurfaced)
2026-09-07T01:48:27.252453+00:00  STALE    https://news.google.com/rss/search?q=Tim%20Barakett&hl=en-US&gl=US&ceid=US:en  (no just-published item; only older items resurfaced)
2026-09-07T01:48:27.252453+00:00  STALE    https://news.google.com/rss/search?q=Alan%20Garber&hl=en-US&gl=US&ceid=US:en  (no just-published item; only older items resurfaced)
2026-09-07T01:48:27.252453+00:00  STALE    https://news.google.com/rss/search?q=*Eric%20Doppstadt*&hl=en-US&gl=US&ceid=US:en  (no just-published item; only older items resurfaced)
2026-09-07T01:48:27.252453+00:00  STALE    https://news.google.com/rss/search?q=Paul%20Edgerley&hl=en-US&gl=US&ceid=US:en  (no just-published item; only older items resurfaced)
2026-09-07T01:48:27.252453+00:00  STALE    https://news.google.com/rss/search?q=Patrick%20Healy&hl=en-US&gl=US&ceid=US:en  (no just-published item; only older items resurfaced)
2026-09-07T01:48:27.252453+00:00  STALE    https://news.google.com/rss/search?q=Mary%20Erdoes&hl=en-US&gl=US&ceid=US:en  (no just-published item; only older items resurfaced)
2026-09-07T01:48:27.252453+00:00  STALE    https://news.google.com/rss/search?q=*Robert%20Jain*&hl=en-US&gl=US&ceid=US:en  (no just-published item; only older items resurfaced)
2026-09-07T01:48:27.252453+00:00  STALE    https://news.google.com/rss/search?q=*Mart%C3%ADn%20Escobari*&hl=en-US&gl=US&ceid=US:en  (no just-published item; only older items resurfaced)
2026-09-07T01:48:27.252453+00:00  STALE    https://news.google.com/rss/search?q=*Ritu%20Kalra*&hl=en-US&gl=US&ceid=US:en  (no just-published item; only older items resurfaced)
2026-09-07T01:48:27.252453+00:00  STALE    https://news.google.com/rss/search?q=Paul%20Finnegan&hl=en-US&gl=US&ceid=US:en  (no just-published item; only older items resurfaced)
2026-09-07T01:48:27.252453+00:00  STALE    https://news.google.com/rss/search?q=*Raymond%20McGuire*&hl=en-US&gl=US&ceid=US:en  (no just-published item; only older items resurfaced)
2026-09-07T01:48:27.252453+00:00  STALE    https://news.google.com/rss/search?q=Joshua%20Friedman&hl=en-US&gl=US&ceid=US:en  (no just-published item; only older items resurfaced)
2026-09-07T02:19:54.333925+00:00  STALE    https://news.google.com/rss/search?q=Sanjeev%20Daga&hl=en-US&gl=US&ceid=US:en  (no just-published item; only older items resurfaced)
2026-09-07T02:19:54.333925+00:00  STALE    https://news.google.com/rss/search?q=Tim%20Barakett&hl=en-US&gl=US&ceid=US:en  (no just-published item; only older items resurfaced)
2026-09-07T02:19:54.333925+00:00  STALE    https://news.google.com/rss/search?q=Alan%20Garber&hl=en-US&gl=US&ceid=US:en  (no just-published item; only older items resurfaced)
2026-09-07T02:19:54.333925+00:00  STALE    https://news.google.com/rss/search?q=Tricia%20Glynn&hl=en-US&gl=US&ceid=US:en  (no just-published item; only older items resurfaced)
2026-09-07T02:19:54.333925+00:00  STALE    https://news.google.com/rss/search?q=Paul%20Edgerley&hl=en-US&gl=US&ceid=US:en  (no just-published item; only older items resurfaced)
2026-09-07T02:19:54.333925+00:00  STALE    https://news.google.com/rss/search?q=Patrick%20Healy&hl=en-US&gl=US&ceid=US:en  (no just-published item; only older items resurfaced)
2026-09-07T02:19:54.333925+00:00  STALE    https://news.google.com/rss/search?q=Mary%20Erdoes&hl=en-US&gl=US&ceid=US:en  (no just-published item; only older items resurfaced)
2026-09-07T02:19:54.333925+00:00  STALE    https://news.google.com/rss/search?q=*Robert%20Jain*&hl=en-US&gl=US&ceid=US:en  (no just-published item; only older items resurfaced)
2026-09-07T02:19:54.333925+00:00  STALE    https://news.google.com/rss/search?q=*Mart%C3%ADn%20Escobari*&hl=en-US&gl=US&ceid=US:en  (no just-published item; only older items resurfaced)
2026-09-07T02:19:54.333925+00:00  STALE    https://news.google.com/rss/search?q=*Ritu%20Kalra*&hl=en-US&gl=US&ceid=US:en  (no just-published item; only older items resurfaced)
2026-09-07T02:19:54.333925+00:00  STALE    https://news.google.com/rss/search?q=Paul%20Finnegan&hl=en-US&gl=US&ceid=US:en  (no just-published item; only older items resurfaced)
2026-09-07T02:19:54.333925+00:00  STALE    https://news.google.com/rss/search?q=*Raymond%20McGuire*&hl=en-US&gl=US&ceid=US:en  (no just-published item; only older items resurfaced)
2026-09-07T02:19:54.333925+00:00  STALE    https://news.google.com/rss/search?q=Joshua%20Friedman&hl=en-US&gl=US&ceid=US:en  (no just-published item; only older items resurfaced)
2026-09-07T02:29:58.213361+00:00  STALE    https://news.google.com/rss/search?q=*600%20Atlantic%20Avenue%20Boston*&hl=en-US&gl=US&ceid=US:en  (no just-published item; only older items resurfaced)
2026-09-07T02:29:58.213361+00:00  STALE    https://news.google.com/rss/search?q=Harvard%20investment&hl=en-US&gl=US&ceid=US:en  (no just-published item; only older items resurfaced)
2026-09-07T02:29:58.213361+00:00  STALE    https://news.google.com/rss/search?q=Harvard%20Singapore&hl=en-US&gl=US&ceid=US:en  (no just-published item; only older items resurfaced)
2026-09-07T02:29:58.213361+00:00  STALE    https://news.google.com/rss/search?q=HMC%20San%20Francisco&hl=en-US&gl=US&ceid=US:en  (no just-published item; only older items resurfaced)
2026-09-07T02:35:00.056439+00:00  CHANGED  https://news.google.com/rss/search?q=harvard&hl=en-US&gl=US&ceid=US:en  by=dhruv.patel  ch=directmessage  via=DM->dhruv.patel
2026-09-07T03:12:18.724540+00:00  ERROR    https://secretary.college.harvard.edu/data/  <urlopen error timed out>
2026-09-07T03:18:09.603054+00:00  STALE    https://news.google.com/rss/search?q=Harvard%20Management%20Company&hl=en-US&gl=US&ceid=US:en  (no just-published item; only older items resurfaced)
2026-09-07T03:18:09.603054+00:00  CHANGED  https://news.google.com/rss/search?q=Harvard&hl=en-US&gl=US&ceid=US:en  by=megan.blonigen  ch=directmessage  via=DM->megan.blonigen
2026-09-07T03:18:09.603054+00:00  STALE    https://news.google.com/rss/search?q=N.P.%20Narvekar&hl=en-US&gl=US&ceid=US:en  (no just-published item; only older items resurfaced)
2026-09-07T03:18:09.603054+00:00  CHANGED  https://news.google.com/rss/search?q=HMC&hl=en-US&gl=US&ceid=US:en  by=megan.blonigen  ch=directmessage  via=DM->megan.blonigen
2026-09-07T03:18:09.603054+00:00  STALE    https://news.google.com/rss/search?q=Rick%20Slocum&hl=en-US&gl=US&ceid=US:en  (no just-published item; only older items resurfaced)
2026-09-07T03:23:14.550320+00:00  ERROR    https://secretary.college.harvard.edu/data/  <urlopen error timed out>
2026-09-07T03:23:14.550320+00:00  STALE    https://news.google.com/rss/search?q=Sanjeev%20Daga&hl=en-US&gl=US&ceid=US:en  (no just-published item; only older items resurfaced)
2026-09-07T03:23:14.550320+00:00  STALE    https://news.google.com/rss/search?q=Tim%20Barakett&hl=en-US&gl=US&ceid=US:en  (no just-published item; only older items resurfaced)
2026-09-07T03:23:14.550320+00:00  STALE    https://news.google.com/rss/search?q=Alan%20Garber&hl=en-US&gl=US&ceid=US:en  (no just-published item; only older items resurfaced)
2026-09-07T03:23:14.550320+00:00  STALE    https://news.google.com/rss/search?q=Tricia%20Glynn&hl=en-US&gl=US&ceid=US:en  (no just-published item; only older items resurfaced)
2026-09-07T03:23:14.550320+00:00  STALE    https://news.google.com/rss/search?q=*Eric%20Doppstadt*&hl=en-US&gl=US&ceid=US:en  (no just-published item; only older items resurfaced)
2026-09-07T03:23:14.550320+00:00  STALE    https://news.google.com/rss/search?q=Paul%20Edgerley&hl=en-US&gl=US&ceid=US:en  (no just-published item; only older items resurfaced)
2026-09-07T03:23:14.550320+00:00  STALE    https://news.google.com/rss/search?q=Patrick%20Healy&hl=en-US&gl=US&ceid=US:en  (no just-published item; only older items resurfaced)
2026-09-07T03:23:14.550320+00:00  STALE    https://news.google.com/rss/search?q=Mary%20Erdoes&hl=en-US&gl=US&ceid=US:en  (no just-published item; only older items resurfaced)
2026-09-07T03:23:14.550320+00:00  STALE    https://news.google.com/rss/search?q=*Robert%20Jain*&hl=en-US&gl=US&ceid=US:en  (no just-published item; only older items resurfaced)
2026-09-07T03:23:14.550320+00:00  STALE    https://news.google.com/rss/search?q=*Mart%C3%ADn%20Escobari*&hl=en-US&gl=US&ceid=US:en  (no just-published item; only older items resurfaced)
2026-09-07T03:23:14.550320+00:00  STALE    https://news.google.com/rss/search?q=*Ritu%20Kalra*&hl=en-US&gl=US&ceid=US:en  (no just-published item; only older items resurfaced)
2026-09-07T03:23:14.550320+00:00  STALE    https://news.google.com/rss/search?q=Paul%20Finnegan&hl=en-US&gl=US&ceid=US:en  (no just-published item; only older items resurfaced)
2026-09-07T03:23:14.550320+00:00  STALE    https://news.google.com/rss/search?q=*Raymond%20McGuire*&hl=en-US&gl=US&ceid=US:en  (no just-published item; only older items resurfaced)
2026-09-07T03:23:14.550320+00:00  STALE    https://news.google.com/rss/search?q=Joshua%20Friedman&hl=en-US&gl=US&ceid=US:en  (no just-published item; only older items resurfaced)
2026-09-07T03:29:05.785607+00:00  STALE    https://news.google.com/rss/search?q=John%20Shue&hl=en-US&gl=US&ceid=US:en  (no just-published item; only older items resurfaced)
2026-09-07T03:34:07.344032+00:00  CHANGED  https://www.courtlistener.com/docket/72520538/united-states-v-president-and-fellows-of-harvard-college/?order_by=desc  by=hugo.chiasson  ch=directmessage  via=DM->hugo.chiasson
2026-09-07T03:34:07.344032+00:00  STALE    https://news.google.com/rss/search?q=*600%20Atlantic%20Avenue%20Boston*&hl=en-US&gl=US&ceid=US:en  (no just-published item; only older items resurfaced)
2026-09-07T03:34:07.344032+00:00  STALE    https://news.google.com/rss/search?q=Harvard%20investment&hl=en-US&gl=US&ceid=US:en  (no just-published item; only older items resurfaced)
2026-09-07T03:34:07.344032+00:00  STALE    https://news.google.com/rss/search?q=Harvard%20Singapore&hl=en-US&gl=US&ceid=US:en  (no just-published item; only older items resurfaced)
2026-09-07T03:34:07.344032+00:00  STALE    https://news.google.com/rss/search?q=HMC%20San%20Francisco&hl=en-US&gl=US&ceid=US:en  (no just-published item; only older items resurfaced)
2026-09-07T03:34:07.344032+00:00  STALE    https://news.google.com/rss/search?q=marcus%20loveland&hl=en-US&gl=US&ceid=US:en  (no just-published item; only older items resurfaced)
2026-09-07T04:06:39.275565+00:00  STALE    https://news.google.com/rss/search?q=*600%20Atlantic%20Avenue%20Boston*&hl=en-US&gl=US&ceid=US:en  (no just-published item; only older items resurfaced)
2026-09-07T04:06:39.275565+00:00  STALE    https://news.google.com/rss/search?q=Harvard%20investment&hl=en-US&gl=US&ceid=US:en  (no just-published item; only older items resurfaced)
2026-09-07T04:06:39.275565+00:00  STALE    https://news.google.com/rss/search?q=Harvard%20Singapore&hl=en-US&gl=US&ceid=US:en  (no just-published item; only older items resurfaced)
2026-09-07T04:06:39.275565+00:00  STALE    https://news.google.com/rss/search?q=HMC%20San%20Francisco&hl=en-US&gl=US&ceid=US:en  (no just-published item; only older items resurfaced)
2026-09-07T04:06:39.275565+00:00  STALE    https://news.google.com/rss/search?q=marcus%20loveland&hl=en-US&gl=US&ceid=US:en  (no just-published item; only older items resurfaced)
2026-09-07T04:11:41.565383+00:00  CHANGED  https://news.google.com/rss/search?q=harvard&hl=en-US&gl=US&ceid=US:en  by=dhruv.patel  ch=directmessage  via=DM->dhruv.patel
2026-09-07T04:21:45.186710+00:00  STALE    https://news.google.com/rss/search?q=Harvard%20Management%20Company&hl=en-US&gl=US&ceid=US:en  (no just-published item; only older items resurfaced)
2026-09-07T04:21:45.186710+00:00  STALE    https://news.google.com/rss/search?q=Harvard&hl=en-US&gl=US&ceid=US:en  (no just-published item; only older items resurfaced)
2026-09-07T04:21:45.186710+00:00  STALE    https://news.google.com/rss/search?q=N.P.%20Narvekar&hl=en-US&gl=US&ceid=US:en  (no just-published item; only older items resurfaced)
2026-09-07T04:21:45.186710+00:00  CHANGED  https://news.google.com/rss/search?q=HMC&hl=en-US&gl=US&ceid=US:en  by=megan.blonigen  ch=directmessage  via=DM->megan.blonigen
2026-09-07T04:21:45.186710+00:00  STALE    https://news.google.com/rss/search?q=Rick%20Slocum&hl=en-US&gl=US&ceid=US:en  (no just-published item; only older items resurfaced)
2026-09-07T04:26:47.089771+00:00  STALE    https://news.google.com/rss/search?q=Sanjeev%20Daga&hl=en-US&gl=US&ceid=US:en  (no just-published item; only older items resurfaced)
2026-09-07T04:26:47.089771+00:00  STALE    https://news.google.com/rss/search?q=Tim%20Barakett&hl=en-US&gl=US&ceid=US:en  (no just-published item; only older items resurfaced)
2026-09-07T04:26:47.089771+00:00  STALE    https://news.google.com/rss/search?q=Alan%20Garber&hl=en-US&gl=US&ceid=US:en  (no just-published item; only older items resurfaced)
2026-09-07T04:26:47.089771+00:00  STALE    https://news.google.com/rss/search?q=Tricia%20Glynn&hl=en-US&gl=US&ceid=US:en  (no just-published item; only older items resurfaced)
2026-09-07T04:26:47.089771+00:00  STALE    https://news.google.com/rss/search?q=*Eric%20Doppstadt*&hl=en-US&gl=US&ceid=US:en  (no just-published item; only older items resurfaced)
2026-09-07T04:26:47.089771+00:00  STALE    https://news.google.com/rss/search?q=Paul%20Edgerley&hl=en-US&gl=US&ceid=US:en  (no just-published item; only older items resurfaced)
2026-09-07T04:26:47.089771+00:00  STALE    https://news.google.com/rss/search?q=Patrick%20Healy&hl=en-US&gl=US&ceid=US:en  (no just-published item; only older items resurfaced)
2026-09-07T04:26:47.089771+00:00  STALE    https://news.google.com/rss/search?q=Mary%20Erdoes&hl=en-US&gl=US&ceid=US:en  (no just-published item; only older items resurfaced)
2026-09-07T04:26:47.089771+00:00  STALE    https://news.google.com/rss/search?q=*Robert%20Jain*&hl=en-US&gl=US&ceid=US:en  (no just-published item; only older items resurfaced)
2026-09-07T04:26:47.089771+00:00  STALE    https://news.google.com/rss/search?q=*Mart%C3%ADn%20Escobari*&hl=en-US&gl=US&ceid=US:en  (no just-published item; only older items resurfaced)
2026-09-07T04:26:47.089771+00:00  STALE    https://news.google.com/rss/search?q=*Ritu%20Kalra*&hl=en-US&gl=US&ceid=US:en  (no just-published item; only older items resurfaced)
2026-09-07T04:26:47.089771+00:00  STALE    https://news.google.com/rss/search?q=Paul%20Finnegan&hl=en-US&gl=US&ceid=US:en  (no just-published item; only older items resurfaced)
2026-09-07T04:26:47.089771+00:00  STALE    https://news.google.com/rss/search?q=*Raymond%20McGuire*&hl=en-US&gl=US&ceid=US:en  (no just-published item; only older items resurfaced)
2026-09-07T04:26:47.089771+00:00  STALE    https://news.google.com/rss/search?q=Joshua%20Friedman&hl=en-US&gl=US&ceid=US:en  (no just-published item; only older items resurfaced)
2026-09-07T04:31:30.074027+00:00  STALE    https://news.google.com/rss/search?q=John%20Shue&hl=en-US&gl=US&ceid=US:en  (no just-published item; only older items resurfaced)
2026-09-07T04:36:31.754675+00:00  STALE    https://news.google.com/rss/search?q=Harvard%20investment&hl=en-US&gl=US&ceid=US:en  (no just-published item; only older items resurfaced)
2026-09-07T04:36:31.754675+00:00  STALE    https://news.google.com/rss/search?q=Harvard%20Singapore&hl=en-US&gl=US&ceid=US:en  (no just-published item; only older items resurfaced)
2026-09-07T04:36:31.754675+00:00  STALE    https://news.google.com/rss/search?q=HMC%20San%20Francisco&hl=en-US&gl=US&ceid=US:en  (no just-published item; only older items resurfaced)
2026-09-07T04:36:31.754675+00:00  STALE    https://news.google.com/rss/search?q=marcus%20loveland&hl=en-US&gl=US&ceid=US:en  (no just-published item; only older items resurfaced)
2026-09-07T04:41:33.575688+00:00  CHANGED  https://news.google.com/rss/search?q=harvard&hl=en-US&gl=US&ceid=US:en  by=dhruv.patel  ch=directmessage  via=DM->dhruv.patel
2026-09-07T04:51:37.347472+00:00  STALE    https://news.google.com/rss/search?q=Harvard%20Management%20Company&hl=en-US&gl=US&ceid=US:en  (no just-published item; only older items resurfaced)
2026-09-07T04:51:37.347472+00:00  STALE    https://news.google.com/rss/search?q=Harvard&hl=en-US&gl=US&ceid=US:en  (no just-published item; only older items resurfaced)
2026-09-07T04:51:37.347472+00:00  STALE    https://news.google.com/rss/search?q=N.P.%20Narvekar&hl=en-US&gl=US&ceid=US:en  (no just-published item; only older items resurfaced)
2026-09-07T04:51:37.347472+00:00  STALE    https://news.google.com/rss/search?q=HMC&hl=en-US&gl=US&ceid=US:en  (no just-published item; only older items resurfaced)
2026-09-07T04:51:37.347472+00:00  STALE    https://news.google.com/rss/search?q=Rick%20Slocum&hl=en-US&gl=US&ceid=US:en  (no just-published item; only older items resurfaced)
2026-09-07T04:56:39.736890+00:00  STALE    https://news.google.com/rss/search?q=Sanjeev%20Daga&hl=en-US&gl=US&ceid=US:en  (no just-published item; only older items resurfaced)
2026-09-07T04:56:39.736890+00:00  STALE    https://news.google.com/rss/search?q=Tim%20Barakett&hl=en-US&gl=US&ceid=US:en  (no just-published item; only older items resurfaced)
2026-09-07T04:56:39.736890+00:00  STALE    https://news.google.com/rss/search?q=Alan%20Garber&hl=en-US&gl=US&ceid=US:en  (no just-published item; only older items resurfaced)
2026-09-07T04:56:39.736890+00:00  STALE    https://news.google.com/rss/search?q=Tricia%20Glynn&hl=en-US&gl=US&ceid=US:en  (no just-published item; only older items resurfaced)
2026-09-07T04:56:39.736890+00:00  STALE    https://news.google.com/rss/search?q=Paul%20Edgerley&hl=en-US&gl=US&ceid=US:en  (no just-published item; only older items resurfaced)
2026-09-07T04:56:39.736890+00:00  STALE    https://news.google.com/rss/search?q=Patrick%20Healy&hl=en-US&gl=US&ceid=US:en  (no just-published item; only older items resurfaced)
2026-09-07T04:56:39.736890+00:00  STALE    https://news.google.com/rss/search?q=Mary%20Erdoes&hl=en-US&gl=US&ceid=US:en  (no just-published item; only older items resurfaced)
2026-09-07T04:56:39.736890+00:00  STALE    https://news.google.com/rss/search?q=*Robert%20Jain*&hl=en-US&gl=US&ceid=US:en  (no just-published item; only older items resurfaced)
2026-09-07T04:56:39.736890+00:00  STALE    https://news.google.com/rss/search?q=*Mart%C3%ADn%20Escobari*&hl=en-US&gl=US&ceid=US:en  (no just-published item; only older items resurfaced)
2026-09-07T04:56:39.736890+00:00  STALE    https://news.google.com/rss/search?q=*Ritu%20Kalra*&hl=en-US&gl=US&ceid=US:en  (no just-published item; only older items resurfaced)
2026-09-07T04:56:39.736890+00:00  STALE    https://news.google.com/rss/search?q=Paul%20Finnegan&hl=en-US&gl=US&ceid=US:en  (no just-published item; only older items resurfaced)
2026-09-07T04:56:39.736890+00:00  STALE    https://news.google.com/rss/search?q=*Raymond%20McGuire*&hl=en-US&gl=US&ceid=US:en  (no just-published item; only older items resurfaced)
2026-09-07T04:56:39.736890+00:00  STALE    https://news.google.com/rss/search?q=Joshua%20Friedman&hl=en-US&gl=US&ceid=US:en  (no just-published item; only older items resurfaced)
2026-09-07T05:01:48.490436+00:00  BLOCKED  https://dso.college.harvard.edu/office-culture-community/about-harvard-foundation
2026-09-07T05:01:48.490436+00:00  STALE    https://news.google.com/rss/search?q=John%20Shue&hl=en-US&gl=US&ceid=US:en  (no just-published item; only older items resurfaced)
2026-09-07T05:06:53.861231+00:00  STALE    https://news.google.com/rss/search?q=*600%20Atlantic%20Avenue%20Boston*&hl=en-US&gl=US&ceid=US:en  (no just-published item; only older items resurfaced)
2026-09-07T05:06:53.861231+00:00  STALE    https://news.google.com/rss/search?q=Harvard%20investment&hl=en-US&gl=US&ceid=US:en  (no just-published item; only older items resurfaced)
2026-09-07T05:06:53.861231+00:00  STALE    https://news.google.com/rss/search?q=Harvard%20Singapore&hl=en-US&gl=US&ceid=US:en  (no just-published item; only older items resurfaced)
2026-09-07T05:06:53.861231+00:00  STALE    https://news.google.com/rss/search?q=HMC%20San%20Francisco&hl=en-US&gl=US&ceid=US:en  (no just-published item; only older items resurfaced)
2026-09-07T05:06:53.861231+00:00  STALE    https://news.google.com/rss/search?q=marcus%20loveland&hl=en-US&gl=US&ceid=US:en  (no just-published item; only older items resurfaced)
2026-09-07T05:11:56.339113+00:00  STALE    https://news.google.com/rss/search?q=harvard&hl=en-US&gl=US&ceid=US:en  (no just-published item; only older items resurfaced)
2026-09-07T05:22:00.895684+00:00  STALE    https://news.google.com/rss/search?q=Harvard%20Management%20Company&hl=en-US&gl=US&ceid=US:en  (no just-published item; only older items resurfaced)
2026-09-07T05:22:00.895684+00:00  STALE    https://news.google.com/rss/search?q=Harvard&hl=en-US&gl=US&ceid=US:en  (no just-published item; only older items resurfaced)
2026-09-07T05:22:00.895684+00:00  STALE    https://news.google.com/rss/search?q=N.P.%20Narvekar&hl=en-US&gl=US&ceid=US:en  (no just-published item; only older items resurfaced)
2026-09-07T05:22:00.895684+00:00  STALE    https://news.google.com/rss/search?q=HMC&hl=en-US&gl=US&ceid=US:en  (no just-published item; only older items resurfaced)
2026-09-07T05:22:00.895684+00:00  STALE    https://news.google.com/rss/search?q=Rick%20Slocum&hl=en-US&gl=US&ceid=US:en  (no just-published item; only older items resurfaced)
2026-09-07T05:27:02.667590+00:00  STALE    https://news.google.com/rss/search?q=Sanjeev%20Daga&hl=en-US&gl=US&ceid=US:en  (no just-published item; only older items resurfaced)
2026-09-07T05:27:02.667590+00:00  STALE    https://news.google.com/rss/search?q=Tim%20Barakett&hl=en-US&gl=US&ceid=US:en  (no just-published item; only older items resurfaced)
2026-09-07T05:27:02.667590+00:00  STALE    https://news.google.com/rss/search?q=Alan%20Garber&hl=en-US&gl=US&ceid=US:en  (no just-published item; only older items resurfaced)
2026-09-07T05:27:02.667590+00:00  STALE    https://news.google.com/rss/search?q=Tricia%20Glynn&hl=en-US&gl=US&ceid=US:en  (no just-published item; only older items resurfaced)
2026-09-07T05:27:02.667590+00:00  STALE    https://news.google.com/rss/search?q=Paul%20Edgerley&hl=en-US&gl=US&ceid=US:en  (no just-published item; only older items resurfaced)
2026-09-07T05:27:02.667590+00:00  STALE    https://news.google.com/rss/search?q=Patrick%20Healy&hl=en-US&gl=US&ceid=US:en  (no just-published item; only older items resurfaced)
2026-09-07T05:27:02.667590+00:00  STALE    https://news.google.com/rss/search?q=Mary%20Erdoes&hl=en-US&gl=US&ceid=US:en  (no just-published item; only older items resurfaced)
2026-09-07T05:27:02.667590+00:00  STALE    https://news.google.com/rss/search?q=*Robert%20Jain*&hl=en-US&gl=US&ceid=US:en  (no just-published item; only older items resurfaced)
2026-09-07T05:27:02.667590+00:00  STALE    https://news.google.com/rss/search?q=*Mart%C3%ADn%20Escobari*&hl=en-US&gl=US&ceid=US:en  (no just-published item; only older items resurfaced)
2026-09-07T05:27:02.667590+00:00  STALE    https://news.google.com/rss/search?q=*Ritu%20Kalra*&hl=en-US&gl=US&ceid=US:en  (no just-published item; only older items resurfaced)
2026-09-07T05:27:02.667590+00:00  STALE    https://news.google.com/rss/search?q=Paul%20Finnegan&hl=en-US&gl=US&ceid=US:en  (no just-published item; only older items resurfaced)
2026-09-07T05:27:02.667590+00:00  STALE    https://news.google.com/rss/search?q=*Raymond%20McGuire*&hl=en-US&gl=US&ceid=US:en  (no just-published item; only older items resurfaced)
2026-09-07T05:27:02.667590+00:00  STALE    https://news.google.com/rss/search?q=Joshua%20Friedman&hl=en-US&gl=US&ceid=US:en  (no just-published item; only older items resurfaced)
2026-09-07T05:31:56.037833+00:00  STALE    https://news.google.com/rss/search?q=John%20Shue&hl=en-US&gl=US&ceid=US:en  (no just-published item; only older items resurfaced)
2026-09-07T05:37:00.116808+00:00  STALE    https://news.google.com/rss/search?q=Harvard%20investment&hl=en-US&gl=US&ceid=US:en  (no just-published item; only older items resurfaced)
2026-09-07T05:37:00.116808+00:00  STALE    https://news.google.com/rss/search?q=Harvard%20Singapore&hl=en-US&gl=US&ceid=US:en  (no just-published item; only older items resurfaced)
2026-09-07T05:37:00.116808+00:00  STALE    https://news.google.com/rss/search?q=HMC%20San%20Francisco&hl=en-US&gl=US&ceid=US:en  (no just-published item; only older items resurfaced)
2026-09-07T05:37:00.116808+00:00  STALE    https://news.google.com/rss/search?q=marcus%20loveland&hl=en-US&gl=US&ceid=US:en  (no just-published item; only older items resurfaced)
2026-09-07T05:42:02.570943+00:00  STALE    https://news.google.com/rss/search?q=harvard&hl=en-US&gl=US&ceid=US:en  (no just-published item; only older items resurfaced)
2026-09-07T05:52:06.131534+00:00  CHANGED  https://www.courtlistener.com/docket/72090192/president-and-fellows-of-harvard-college-v-us-department-of-health-and/?order_by=desc  by=hugo.chiasson  ch=directmessage  via=DM->hugo.chiasson
2026-09-07T05:52:06.131534+00:00  CHANGED  https://www.courtlistener.com/docket/72520538/united-states-v-president-and-fellows-of-harvard-college/?order_by=desc  by=hugo.chiasson  ch=directmessage  via=DM->hugo.chiasson
2026-09-07T05:52:06.131534+00:00  STALE    https://news.google.com/rss/search?q=Harvard%20Management%20Company&hl=en-US&gl=US&ceid=US:en  (no just-published item; only older items resurfaced)
2026-09-07T05:52:06.131534+00:00  CHANGED  https://news.google.com/rss/search?q=Harvard&hl=en-US&gl=US&ceid=US:en  by=megan.blonigen  ch=directmessage  via=DM->megan.blonigen
2026-09-07T05:52:06.131534+00:00  STALE    https://news.google.com/rss/search?q=N.P.%20Narvekar&hl=en-US&gl=US&ceid=US:en  (no just-published item; only older items resurfaced)
2026-09-07T05:52:06.131534+00:00  CHANGED  https://news.google.com/rss/search?q=HMC&hl=en-US&gl=US&ceid=US:en  by=megan.blonigen  ch=directmessage  via=DM->megan.blonigen
2026-09-07T05:52:06.131534+00:00  STALE    https://news.google.com/rss/search?q=Rick%20Slocum&hl=en-US&gl=US&ceid=US:en  (no just-published item; only older items resurfaced)
2026-09-07T05:57:09.840889+00:00  FLAPPED  https://www.courtlistener.com/docket/72090192/president-and-fellows-of-harvard-college-v-us-department-of-health-and/?order_by=desc
2026-09-07T05:57:09.840889+00:00  CHANGED  https://www.courtlistener.com/docket/72520538/united-states-v-president-and-fellows-of-harvard-college/?order_by=desc  by=hugo.chiasson  ch=directmessage  via=DM->hugo.chiasson
2026-09-07T05:57:09.840889+00:00  STALE    https://news.google.com/rss/search?q=Sanjeev%20Daga&hl=en-US&gl=US&ceid=US:en  (no just-published item; only older items resurfaced)
2026-09-07T05:57:09.840889+00:00  STALE    https://news.google.com/rss/search?q=Tim%20Barakett&hl=en-US&gl=US&ceid=US:en  (no just-published item; only older items resurfaced)
2026-09-07T05:57:09.840889+00:00  STALE    https://news.google.com/rss/search?q=Alan%20Garber&hl=en-US&gl=US&ceid=US:en  (no just-published item; only older items resurfaced)
2026-09-07T05:57:09.840889+00:00  STALE    https://news.google.com/rss/search?q=Tricia%20Glynn&hl=en-US&gl=US&ceid=US:en  (no just-published item; only older items resurfaced)
2026-09-07T05:57:09.840889+00:00  STALE    https://news.google.com/rss/search?q=Paul%20Edgerley&hl=en-US&gl=US&ceid=US:en  (no just-published item; only older items resurfaced)
2026-09-07T05:57:09.840889+00:00  STALE    https://news.google.com/rss/search?q=Patrick%20Healy&hl=en-US&gl=US&ceid=US:en  (no just-published item; only older items resurfaced)
2026-09-07T05:57:09.840889+00:00  STALE    https://news.google.com/rss/search?q=Mary%20Erdoes&hl=en-US&gl=US&ceid=US:en  (no just-published item; only older items resurfaced)
2026-09-07T05:57:09.840889+00:00  STALE    https://news.google.com/rss/search?q=*Robert%20Jain*&hl=en-US&gl=US&ceid=US:en  (no just-published item; only older items resurfaced)
2026-09-07T05:57:09.840889+00:00  STALE    https://news.google.com/rss/search?q=*Mart%C3%ADn%20Escobari*&hl=en-US&gl=US&ceid=US:en  (no just-published item; only older items resurfaced)
2026-09-07T05:57:09.840889+00:00  STALE    https://news.google.com/rss/search?q=*Ritu%20Kalra*&hl=en-US&gl=US&ceid=US:en  (no just-published item; only older items resurfaced)
2026-09-07T05:57:09.840889+00:00  STALE    https://news.google.com/rss/search?q=Paul%20Finnegan&hl=en-US&gl=US&ceid=US:en  (no just-published item; only older items resurfaced)
2026-09-07T05:57:09.840889+00:00  STALE    https://news.google.com/rss/search?q=*Raymond%20McGuire*&hl=en-US&gl=US&ceid=US:en  (no just-published item; only older items resurfaced)
2026-09-07T05:57:09.840889+00:00  STALE    https://news.google.com/rss/search?q=Joshua%20Friedman&hl=en-US&gl=US&ceid=US:en  (no just-published item; only older items resurfaced)
2026-09-07T06:00:59.037500+00:00  BLOCKED  https://dso.college.harvard.edu/office-culture-community/about-harvard-foundation
2026-09-07T06:00:59.037500+00:00  CHANGED  https://www.courtlistener.com/docket/72090192/president-and-fellows-of-harvard-college-v-us-department-of-health-and/?order_by=desc  by=hugo.chiasson  ch=directmessage  via=DM->hugo.chiasson
2026-09-07T06:00:59.037500+00:00  ERROR    https://secretary.college.harvard.edu/data/  <urlopen error timed out>
2026-09-07T06:00:59.037500+00:00  STALE    https://news.google.com/rss/search?q=John%20Shue&hl=en-US&gl=US&ceid=US:en  (no just-published item; only older items resurfaced)
2026-09-07T06:06:52.889586+00:00  STALE    https://news.google.com/rss/search?q=*600%20Atlantic%20Avenue%20Boston*&hl=en-US&gl=US&ceid=US:en  (no just-published item; only older items resurfaced)
2026-09-07T06:06:52.889586+00:00  STALE    https://news.google.com/rss/search?q=Harvard%20investment&hl=en-US&gl=US&ceid=US:en  (no just-published item; only older items resurfaced)
2026-09-07T06:06:52.889586+00:00  STALE    https://news.google.com/rss/search?q=Harvard%20Singapore&hl=en-US&gl=US&ceid=US:en  (no just-published item; only older items resurfaced)
2026-09-07T06:06:52.889586+00:00  STALE    https://news.google.com/rss/search?q=HMC%20San%20Francisco&hl=en-US&gl=US&ceid=US:en  (no just-published item; only older items resurfaced)
2026-09-07T06:06:52.889586+00:00  STALE    https://news.google.com/rss/search?q=marcus%20loveland&hl=en-US&gl=US&ceid=US:en  (no just-published item; only older items resurfaced)
2026-09-07T06:11:55.646841+00:00  ERROR    https://secretary.college.harvard.edu/data/  <urlopen error timed out>
2026-09-07T06:11:55.646841+00:00  CHANGED  https://news.google.com/rss/search?q=harvard&hl=en-US&gl=US&ceid=US:en  by=dhruv.patel  ch=directmessage  via=DM->dhruv.patel
2026-09-07T06:22:49.056371+00:00  STALE    https://news.google.com/rss/search?q=Harvard%20Management%20Company&hl=en-US&gl=US&ceid=US:en  (no just-published item; only older items resurfaced)
2026-09-07T06:22:49.056371+00:00  CHANGED  https://news.google.com/rss/search?q=Harvard&hl=en-US&gl=US&ceid=US:en  by=megan.blonigen  ch=directmessage  via=DM->megan.blonigen
2026-09-07T06:22:49.056371+00:00  STALE    https://news.google.com/rss/search?q=N.P.%20Narvekar&hl=en-US&gl=US&ceid=US:en  (no just-published item; only older items resurfaced)
2026-09-07T06:22:49.056371+00:00  CHANGED  https://news.google.com/rss/search?q=HMC&hl=en-US&gl=US&ceid=US:en  by=megan.blonigen  ch=directmessage  via=DM->megan.blonigen
2026-09-07T06:22:49.056371+00:00  STALE    https://news.google.com/rss/search?q=Rick%20Slocum&hl=en-US&gl=US&ceid=US:en  (no just-published item; only older items resurfaced)
2026-09-07T06:27:51.459946+00:00  STALE    https://news.google.com/rss/search?q=Sanjeev%20Daga&hl=en-US&gl=US&ceid=US:en  (no just-published item; only older items resurfaced)
2026-09-07T06:27:51.459946+00:00  STALE    https://news.google.com/rss/search?q=Tim%20Barakett&hl=en-US&gl=US&ceid=US:en  (no just-published item; only older items resurfaced)
2026-09-07T06:27:51.459946+00:00  STALE    https://news.google.com/rss/search?q=Alan%20Garber&hl=en-US&gl=US&ceid=US:en  (no just-published item; only older items resurfaced)
2026-09-07T06:27:51.459946+00:00  STALE    https://news.google.com/rss/search?q=Tricia%20Glynn&hl=en-US&gl=US&ceid=US:en  (no just-published item; only older items resurfaced)
2026-09-07T06:27:51.459946+00:00  STALE    https://news.google.com/rss/search?q=*Eric%20Doppstadt*&hl=en-US&gl=US&ceid=US:en  (no just-published item; only older items resurfaced)
2026-09-07T06:27:51.459946+00:00  STALE    https://news.google.com/rss/search?q=Paul%20Edgerley&hl=en-US&gl=US&ceid=US:en  (no just-published item; only older items resurfaced)
2026-09-07T06:27:51.459946+00:00  STALE    https://news.google.com/rss/search?q=Patrick%20Healy&hl=en-US&gl=US&ceid=US:en  (no just-published item; only older items resurfaced)
2026-09-07T06:27:51.459946+00:00  STALE    https://news.google.com/rss/search?q=Mary%20Erdoes&hl=en-US&gl=US&ceid=US:en  (no just-published item; only older items resurfaced)
2026-09-07T06:27:51.459946+00:00  STALE    https://news.google.com/rss/search?q=*Robert%20Jain*&hl=en-US&gl=US&ceid=US:en  (no just-published item; only older items resurfaced)
2026-09-07T06:27:51.459946+00:00  STALE    https://news.google.com/rss/search?q=*Mart%C3%ADn%20Escobari*&hl=en-US&gl=US&ceid=US:en  (no just-published item; only older items resurfaced)
2026-09-07T06:27:51.459946+00:00  STALE    https://news.google.com/rss/search?q=*Ritu%20Kalra*&hl=en-US&gl=US&ceid=US:en  (no just-published item; only older items resurfaced)
2026-09-07T06:27:51.459946+00:00  STALE    https://news.google.com/rss/search?q=Paul%20Finnegan&hl=en-US&gl=US&ceid=US:en  (no just-published item; only older items resurfaced)
2026-09-07T06:27:51.459946+00:00  STALE    https://news.google.com/rss/search?q=*Raymond%20McGuire*&hl=en-US&gl=US&ceid=US:en  (no just-published item; only older items resurfaced)
2026-09-07T06:27:51.459946+00:00  STALE    https://news.google.com/rss/search?q=Joshua%20Friedman&hl=en-US&gl=US&ceid=US:en  (no just-published item; only older items resurfaced)
2026-09-07T06:31:12.313931+00:00  STALE    https://news.google.com/rss/search?q=John%20Shue&hl=en-US&gl=US&ceid=US:en  (no just-published item; only older items resurfaced)
2026-09-07T06:36:13.930929+00:00  STALE    https://news.google.com/rss/search?q=*600%20Atlantic%20Avenue%20Boston*&hl=en-US&gl=US&ceid=US:en  (no just-published item; only older items resurfaced)
2026-09-07T06:36:13.930929+00:00  STALE    https://news.google.com/rss/search?q=Harvard%20investment&hl=en-US&gl=US&ceid=US:en  (no just-published item; only older items resurfaced)
2026-09-07T06:36:13.930929+00:00  STALE    https://news.google.com/rss/search?q=Harvard%20Singapore&hl=en-US&gl=US&ceid=US:en  (no just-published item; only older items resurfaced)
2026-09-07T06:36:13.930929+00:00  STALE    https://news.google.com/rss/search?q=HMC%20San%20Francisco&hl=en-US&gl=US&ceid=US:en  (no just-published item; only older items resurfaced)
2026-09-07T06:36:13.930929+00:00  STALE    https://news.google.com/rss/search?q=marcus%20loveland&hl=en-US&gl=US&ceid=US:en  (no just-published item; only older items resurfaced)
2026-09-07T06:41:17.127124+00:00  CHANGED  https://thecrimson.com  by=dhruv.patel  ch=directmessage  via=DM->dhruv.patel
2026-09-07T06:41:17.127124+00:00  CHANGED  https://thecrimson.com  by=matteo.diaz  ch=matteo-internal  via=DM->matteo.diaz
2026-09-07T06:41:17.127124+00:00  CHANGED  https://thecrimson.com  by=sebastian.connolly  ch=directmessage  via=DM->sebastian.connolly
2026-09-07T06:41:17.127124+00:00  CHANGED  https://thecrimson.com  by=matteo.diaz  ch=directmessage  via=DM->matteo.diaz
2026-09-07T06:41:17.127124+00:00  STALE    https://news.google.com/rss/search?q=harvard&hl=en-US&gl=US&ceid=US:en  (no just-published item; only older items resurfaced)
2026-09-07T06:41:17.127124+00:00  CHANGED  https://www.thecrimson.com/  by=megan.blonigen  ch=directmessage  via=DM->megan.blonigen
2026-09-07T06:51:29.101230+00:00  STALE    https://news.google.com/rss/search?q=Harvard%20Management%20Company&hl=en-US&gl=US&ceid=US:en  (no just-published item; only older items resurfaced)
2026-09-07T06:51:29.101230+00:00  STALE    https://news.google.com/rss/search?q=Harvard&hl=en-US&gl=US&ceid=US:en  (no just-published item; only older items resurfaced)
2026-09-07T06:51:29.101230+00:00  STALE    https://news.google.com/rss/search?q=N.P.%20Narvekar&hl=en-US&gl=US&ceid=US:en  (no just-published item; only older items resurfaced)
2026-09-07T06:51:29.101230+00:00  CHANGED  https://news.google.com/rss/search?q=HMC&hl=en-US&gl=US&ceid=US:en  by=megan.blonigen  ch=directmessage  via=DM->megan.blonigen
2026-09-07T06:51:29.101230+00:00  STALE    https://news.google.com/rss/search?q=Rick%20Slocum&hl=en-US&gl=US&ceid=US:en  (no just-published item; only older items resurfaced)
2026-09-07T06:56:32.646014+00:00  STALE    https://news.google.com/rss/search?q=Sanjeev%20Daga&hl=en-US&gl=US&ceid=US:en  (no just-published item; only older items resurfaced)
2026-09-07T06:56:32.646014+00:00  STALE    https://news.google.com/rss/search?q=Alan%20Garber&hl=en-US&gl=US&ceid=US:en  (no just-published item; only older items resurfaced)
2026-09-07T06:56:32.646014+00:00  STALE    https://news.google.com/rss/search?q=Tricia%20Glynn&hl=en-US&gl=US&ceid=US:en  (no just-published item; only older items resurfaced)
2026-09-07T06:56:32.646014+00:00  STALE    https://news.google.com/rss/search?q=Paul%20Edgerley&hl=en-US&gl=US&ceid=US:en  (no just-published item; only older items resurfaced)
2026-09-07T06:56:32.646014+00:00  STALE    https://news.google.com/rss/search?q=Patrick%20Healy&hl=en-US&gl=US&ceid=US:en  (no just-published item; only older items resurfaced)
2026-09-07T06:56:32.646014+00:00  STALE    https://news.google.com/rss/search?q=Mary%20Erdoes&hl=en-US&gl=US&ceid=US:en  (no just-published item; only older items resurfaced)
2026-09-07T06:56:32.646014+00:00  STALE    https://news.google.com/rss/search?q=*Robert%20Jain*&hl=en-US&gl=US&ceid=US:en  (no just-published item; only older items resurfaced)
2026-09-07T06:56:32.646014+00:00  STALE    https://news.google.com/rss/search?q=*Mart%C3%ADn%20Escobari*&hl=en-US&gl=US&ceid=US:en  (no just-published item; only older items resurfaced)
2026-09-07T06:56:32.646014+00:00  STALE    https://news.google.com/rss/search?q=*Ritu%20Kalra*&hl=en-US&gl=US&ceid=US:en  (no just-published item; only older items resurfaced)
2026-09-07T06:56:32.646014+00:00  STALE    https://news.google.com/rss/search?q=Paul%20Finnegan&hl=en-US&gl=US&ceid=US:en  (no just-published item; only older items resurfaced)
2026-09-07T06:56:32.646014+00:00  STALE    https://news.google.com/rss/search?q=*Raymond%20McGuire*&hl=en-US&gl=US&ceid=US:en  (no just-published item; only older items resurfaced)
2026-09-07T06:56:32.646014+00:00  STALE    https://news.google.com/rss/search?q=Joshua%20Friedman&hl=en-US&gl=US&ceid=US:en  (no just-published item; only older items resurfaced)
2026-09-07T07:27:55.742887+00:00  STALE    https://news.google.com/rss/search?q=Sanjeev%20Daga&hl=en-US&gl=US&ceid=US:en  (no just-published item; only older items resurfaced)
2026-09-07T07:27:55.742887+00:00  STALE    https://news.google.com/rss/search?q=Tim%20Barakett&hl=en-US&gl=US&ceid=US:en  (no just-published item; only older items resurfaced)
2026-09-07T07:27:55.742887+00:00  STALE    https://news.google.com/rss/search?q=Alan%20Garber&hl=en-US&gl=US&ceid=US:en  (no just-published item; only older items resurfaced)
2026-09-07T07:27:55.742887+00:00  STALE    https://news.google.com/rss/search?q=Tricia%20Glynn&hl=en-US&gl=US&ceid=US:en  (no just-published item; only older items resurfaced)
2026-09-07T07:27:55.742887+00:00  STALE    https://news.google.com/rss/search?q=*Eric%20Doppstadt*&hl=en-US&gl=US&ceid=US:en  (no just-published item; only older items resurfaced)
2026-09-07T07:27:55.742887+00:00  STALE    https://news.google.com/rss/search?q=Paul%20Edgerley&hl=en-US&gl=US&ceid=US:en  (no just-published item; only older items resurfaced)
2026-09-07T07:27:55.742887+00:00  STALE    https://news.google.com/rss/search?q=Patrick%20Healy&hl=en-US&gl=US&ceid=US:en  (no just-published item; only older items resurfaced)
2026-09-07T07:27:55.742887+00:00  STALE    https://news.google.com/rss/search?q=Mary%20Erdoes&hl=en-US&gl=US&ceid=US:en  (no just-published item; only older items resurfaced)
2026-09-07T07:27:55.742887+00:00  STALE    https://news.google.com/rss/search?q=*Robert%20Jain*&hl=en-US&gl=US&ceid=US:en  (no just-published item; only older items resurfaced)
2026-09-07T07:27:55.742887+00:00  STALE    https://news.google.com/rss/search?q=*Mart%C3%ADn%20Escobari*&hl=en-US&gl=US&ceid=US:en  (no just-published item; only older items resurfaced)
2026-09-07T07:27:55.742887+00:00  STALE    https://news.google.com/rss/search?q=*Ritu%20Kalra*&hl=en-US&gl=US&ceid=US:en  (no just-published item; only older items resurfaced)
2026-09-07T07:27:55.742887+00:00  STALE    https://news.google.com/rss/search?q=Paul%20Finnegan&hl=en-US&gl=US&ceid=US:en  (no just-published item; only older items resurfaced)
2026-09-07T07:27:55.742887+00:00  STALE    https://news.google.com/rss/search?q=*Raymond%20McGuire*&hl=en-US&gl=US&ceid=US:en  (no just-published item; only older items resurfaced)
2026-09-07T07:27:55.742887+00:00  STALE    https://news.google.com/rss/search?q=Joshua%20Friedman&hl=en-US&gl=US&ceid=US:en  (no just-published item; only older items resurfaced)
2026-09-07T07:32:57.958189+00:00  STALE    https://news.google.com/rss/search?q=John%20Shue&hl=en-US&gl=US&ceid=US:en  (no just-published item; only older items resurfaced)
2026-09-07T07:37:59.940424+00:00  STALE    https://news.google.com/rss/search?q=*600%20Atlantic%20Avenue%20Boston*&hl=en-US&gl=US&ceid=US:en  (no just-published item; only older items resurfaced)
2026-09-07T07:37:59.940424+00:00  STALE    https://news.google.com/rss/search?q=Harvard%20investment&hl=en-US&gl=US&ceid=US:en  (no just-published item; only older items resurfaced)
2026-09-07T07:37:59.940424+00:00  STALE    https://news.google.com/rss/search?q=Harvard%20Singapore&hl=en-US&gl=US&ceid=US:en  (no just-published item; only older items resurfaced)
2026-09-07T07:37:59.940424+00:00  STALE    https://news.google.com/rss/search?q=HMC%20San%20Francisco&hl=en-US&gl=US&ceid=US:en  (no just-published item; only older items resurfaced)
2026-09-07T07:37:59.940424+00:00  STALE    https://news.google.com/rss/search?q=marcus%20loveland&hl=en-US&gl=US&ceid=US:en  (no just-published item; only older items resurfaced)
2026-09-07T07:43:01.650968+00:00  STALE    https://news.google.com/rss/search?q=harvard&hl=en-US&gl=US&ceid=US:en  (no just-published item; only older items resurfaced)
2026-09-07T08:24:46.955946+00:00  STALE    https://news.google.com/rss/search?q=Harvard%20Management%20Company&hl=en-US&gl=US&ceid=US:en  (no just-published item; only older items resurfaced)
2026-09-07T08:24:46.955946+00:00  STALE    https://news.google.com/rss/search?q=Harvard&hl=en-US&gl=US&ceid=US:en  (no just-published item; only older items resurfaced)
2026-09-07T08:24:46.955946+00:00  STALE    https://news.google.com/rss/search?q=N.P.%20Narvekar&hl=en-US&gl=US&ceid=US:en  (no just-published item; only older items resurfaced)
2026-09-07T08:24:46.955946+00:00  STALE    https://news.google.com/rss/search?q=HMC&hl=en-US&gl=US&ceid=US:en  (no just-published item; only older items resurfaced)
2026-09-07T08:24:46.955946+00:00  STALE    https://news.google.com/rss/search?q=Rick%20Slocum&hl=en-US&gl=US&ceid=US:en  (no just-published item; only older items resurfaced)
2026-09-07T08:29:49.239915+00:00  STALE    https://news.google.com/rss/search?q=Sanjeev%20Daga&hl=en-US&gl=US&ceid=US:en  (no just-published item; only older items resurfaced)
2026-09-07T08:29:49.239915+00:00  STALE    https://news.google.com/rss/search?q=Tim%20Barakett&hl=en-US&gl=US&ceid=US:en  (no just-published item; only older items resurfaced)
2026-09-07T08:29:49.239915+00:00  STALE    https://news.google.com/rss/search?q=Alan%20Garber&hl=en-US&gl=US&ceid=US:en  (no just-published item; only older items resurfaced)
2026-09-07T08:29:49.239915+00:00  STALE    https://news.google.com/rss/search?q=Tricia%20Glynn&hl=en-US&gl=US&ceid=US:en  (no just-published item; only older items resurfaced)
2026-09-07T08:29:49.239915+00:00  STALE    https://news.google.com/rss/search?q=*Eric%20Doppstadt*&hl=en-US&gl=US&ceid=US:en  (no just-published item; only older items resurfaced)
2026-09-07T08:29:49.239915+00:00  STALE    https://news.google.com/rss/search?q=Paul%20Edgerley&hl=en-US&gl=US&ceid=US:en  (no just-published item; only older items resurfaced)
2026-09-07T08:29:49.239915+00:00  STALE    https://news.google.com/rss/search?q=Patrick%20Healy&hl=en-US&gl=US&ceid=US:en  (no just-published item; only older items resurfaced)
2026-09-07T08:29:49.239915+00:00  STALE    https://news.google.com/rss/search?q=Mary%20Erdoes&hl=en-US&gl=US&ceid=US:en  (no just-published item; only older items resurfaced)
2026-09-07T08:29:49.239915+00:00  STALE    https://news.google.com/rss/search?q=*Robert%20Jain*&hl=en-US&gl=US&ceid=US:en  (no just-published item; only older items resurfaced)
2026-09-07T08:29:49.239915+00:00  STALE    https://news.google.com/rss/search?q=*Mart%C3%ADn%20Escobari*&hl=en-US&gl=US&ceid=US:en  (no just-published item; only older items resurfaced)
2026-09-07T08:29:49.239915+00:00  STALE    https://news.google.com/rss/search?q=*Ritu%20Kalra*&hl=en-US&gl=US&ceid=US:en  (no just-published item; only older items resurfaced)
2026-09-07T08:29:49.239915+00:00  STALE    https://news.google.com/rss/search?q=Paul%20Finnegan&hl=en-US&gl=US&ceid=US:en  (no just-published item; only older items resurfaced)
2026-09-07T08:29:49.239915+00:00  STALE    https://news.google.com/rss/search?q=*Raymond%20McGuire*&hl=en-US&gl=US&ceid=US:en  (no just-published item; only older items resurfaced)
2026-09-07T08:29:49.239915+00:00  STALE    https://news.google.com/rss/search?q=Joshua%20Friedman&hl=en-US&gl=US&ceid=US:en  (no just-published item; only older items resurfaced)
2026-09-07T08:34:52.043185+00:00  STALE    https://news.google.com/rss/search?q=John%20Shue&hl=en-US&gl=US&ceid=US:en  (no just-published item; only older items resurfaced)
2026-09-07T08:39:54.178516+00:00  STALE    https://news.google.com/rss/search?q=*600%20Atlantic%20Avenue%20Boston*&hl=en-US&gl=US&ceid=US:en  (no just-published item; only older items resurfaced)
2026-09-07T08:39:54.178516+00:00  STALE    https://news.google.com/rss/search?q=Harvard%20investment&hl=en-US&gl=US&ceid=US:en  (no just-published item; only older items resurfaced)
2026-09-07T08:39:54.178516+00:00  STALE    https://news.google.com/rss/search?q=Harvard%20Singapore&hl=en-US&gl=US&ceid=US:en  (no just-published item; only older items resurfaced)
2026-09-07T08:39:54.178516+00:00  STALE    https://news.google.com/rss/search?q=HMC%20San%20Francisco&hl=en-US&gl=US&ceid=US:en  (no just-published item; only older items resurfaced)
2026-09-07T08:39:54.178516+00:00  STALE    https://news.google.com/rss/search?q=marcus%20loveland&hl=en-US&gl=US&ceid=US:en  (no just-published item; only older items resurfaced)
2026-09-07T09:11:31.474200+00:00  ERROR    https://secretary.college.harvard.edu/data/  <urlopen error timed out>
2026-09-07T09:11:31.474200+00:00  STALE    https://news.google.com/rss/search?q=*600%20Atlantic%20Avenue%20Boston*&hl=en-US&gl=US&ceid=US:en  (no just-published item; only older items resurfaced)
2026-09-07T09:11:31.474200+00:00  STALE    https://news.google.com/rss/search?q=Harvard%20investment&hl=en-US&gl=US&ceid=US:en  (no just-published item; only older items resurfaced)
2026-09-07T09:11:31.474200+00:00  STALE    https://news.google.com/rss/search?q=Harvard%20Singapore&hl=en-US&gl=US&ceid=US:en  (no just-published item; only older items resurfaced)
2026-09-07T09:11:31.474200+00:00  STALE    https://news.google.com/rss/search?q=HMC%20San%20Francisco&hl=en-US&gl=US&ceid=US:en  (no just-published item; only older items resurfaced)
2026-09-07T09:11:31.474200+00:00  STALE    https://news.google.com/rss/search?q=marcus%20loveland&hl=en-US&gl=US&ceid=US:en  (no just-published item; only older items resurfaced)
2026-09-07T09:17:22.537576+00:00  CHANGED  https://news.google.com/rss/search?q=harvard&hl=en-US&gl=US&ceid=US:en  by=dhruv.patel  ch=directmessage  via=DM->dhruv.patel
2026-09-07T09:22:25.594815+00:00  ERROR    https://secretary.college.harvard.edu/data/  <urlopen error timed out>
2026-09-07T09:28:16.524827+00:00  STALE    https://news.google.com/rss/search?q=Harvard%20Management%20Company&hl=en-US&gl=US&ceid=US:en  (no just-published item; only older items resurfaced)
2026-09-07T09:28:16.524827+00:00  STALE    https://news.google.com/rss/search?q=Harvard&hl=en-US&gl=US&ceid=US:en  (no just-published item; only older items resurfaced)
2026-09-07T09:28:16.524827+00:00  STALE    https://news.google.com/rss/search?q=N.P.%20Narvekar&hl=en-US&gl=US&ceid=US:en  (no just-published item; only older items resurfaced)
2026-09-07T09:28:16.524827+00:00  CHANGED  https://news.google.com/rss/search?q=HMC&hl=en-US&gl=US&ceid=US:en  by=megan.blonigen  ch=directmessage  via=DM->megan.blonigen
2026-09-07T09:28:16.524827+00:00  STALE    https://news.google.com/rss/search?q=Rick%20Slocum&hl=en-US&gl=US&ceid=US:en  (no just-published item; only older items resurfaced)
2026-09-07T09:33:18.867536+00:00  STALE    https://news.google.com/rss/search?q=Sanjeev%20Daga&hl=en-US&gl=US&ceid=US:en  (no just-published item; only older items resurfaced)
2026-09-07T09:33:18.867536+00:00  STALE    https://news.google.com/rss/search?q=Tim%20Barakett&hl=en-US&gl=US&ceid=US:en  (no just-published item; only older items resurfaced)
2026-09-07T09:33:18.867536+00:00  STALE    https://news.google.com/rss/search?q=Alan%20Garber&hl=en-US&gl=US&ceid=US:en  (no just-published item; only older items resurfaced)
2026-09-07T09:33:18.867536+00:00  STALE    https://news.google.com/rss/search?q=Tricia%20Glynn&hl=en-US&gl=US&ceid=US:en  (no just-published item; only older items resurfaced)
2026-09-07T09:33:18.867536+00:00  STALE    https://news.google.com/rss/search?q=*Eric%20Doppstadt*&hl=en-US&gl=US&ceid=US:en  (no just-published item; only older items resurfaced)
2026-09-07T09:33:18.867536+00:00  STALE    https://news.google.com/rss/search?q=Paul%20Edgerley&hl=en-US&gl=US&ceid=US:en  (no just-published item; only older items resurfaced)
2026-09-07T09:33:18.867536+00:00  STALE    https://news.google.com/rss/search?q=Patrick%20Healy&hl=en-US&gl=US&ceid=US:en  (no just-published item; only older items resurfaced)
2026-09-07T09:33:18.867536+00:00  STALE    https://news.google.com/rss/search?q=Mary%20Erdoes&hl=en-US&gl=US&ceid=US:en  (no just-published item; only older items resurfaced)
2026-09-07T09:33:18.867536+00:00  STALE    https://news.google.com/rss/search?q=*Robert%20Jain*&hl=en-US&gl=US&ceid=US:en  (no just-published item; only older items resurfaced)
2026-09-07T09:33:18.867536+00:00  STALE    https://news.google.com/rss/search?q=*Mart%C3%ADn%20Escobari*&hl=en-US&gl=US&ceid=US:en  (no just-published item; only older items resurfaced)
2026-09-07T09:33:18.867536+00:00  STALE    https://news.google.com/rss/search?q=*Ritu%20Kalra*&hl=en-US&gl=US&ceid=US:en  (no just-published item; only older items resurfaced)
2026-09-07T09:33:18.867536+00:00  STALE    https://news.google.com/rss/search?q=Paul%20Finnegan&hl=en-US&gl=US&ceid=US:en  (no just-published item; only older items resurfaced)
2026-09-07T09:33:18.867536+00:00  STALE    https://news.google.com/rss/search?q=*Raymond%20McGuire*&hl=en-US&gl=US&ceid=US:en  (no just-published item; only older items resurfaced)
2026-09-07T09:33:18.867536+00:00  STALE    https://news.google.com/rss/search?q=Joshua%20Friedman&hl=en-US&gl=US&ceid=US:en  (no just-published item; only older items resurfaced)
2026-09-07T10:06:11.182283+00:00  BLOCKED  https://dso.college.harvard.edu/office-culture-community/about-harvard-foundation
2026-09-07T10:06:11.182283+00:00  STALE    https://news.google.com/rss/search?q=Sanjeev%20Daga&hl=en-US&gl=US&ceid=US:en  (no just-published item; only older items resurfaced)
2026-09-07T10:06:11.182283+00:00  STALE    https://news.google.com/rss/search?q=Tim%20Barakett&hl=en-US&gl=US&ceid=US:en  (no just-published item; only older items resurfaced)
2026-09-07T10:06:11.182283+00:00  STALE    https://news.google.com/rss/search?q=Alan%20Garber&hl=en-US&gl=US&ceid=US:en  (no just-published item; only older items resurfaced)
2026-09-07T10:06:11.182283+00:00  STALE    https://news.google.com/rss/search?q=Tricia%20Glynn&hl=en-US&gl=US&ceid=US:en  (no just-published item; only older items resurfaced)
2026-09-07T10:06:11.182283+00:00  STALE    https://news.google.com/rss/search?q=*Eric%20Doppstadt*&hl=en-US&gl=US&ceid=US:en  (no just-published item; only older items resurfaced)
2026-09-07T10:06:11.182283+00:00  STALE    https://news.google.com/rss/search?q=Paul%20Edgerley&hl=en-US&gl=US&ceid=US:en  (no just-published item; only older items resurfaced)
2026-09-07T10:06:11.182283+00:00  STALE    https://news.google.com/rss/search?q=Patrick%20Healy&hl=en-US&gl=US&ceid=US:en  (no just-published item; only older items resurfaced)
2026-09-07T10:06:11.182283+00:00  STALE    https://news.google.com/rss/search?q=Mary%20Erdoes&hl=en-US&gl=US&ceid=US:en  (no just-published item; only older items resurfaced)
2026-09-07T10:06:11.182283+00:00  STALE    https://news.google.com/rss/search?q=*Robert%20Jain*&hl=en-US&gl=US&ceid=US:en  (no just-published item; only older items resurfaced)
2026-09-07T10:06:11.182283+00:00  STALE    https://news.google.com/rss/search?q=*Mart%C3%ADn%20Escobari*&hl=en-US&gl=US&ceid=US:en  (no just-published item; only older items resurfaced)
2026-09-07T10:06:11.182283+00:00  STALE    https://news.google.com/rss/search?q=*Ritu%20Kalra*&hl=en-US&gl=US&ceid=US:en  (no just-published item; only older items resurfaced)
2026-09-07T10:06:11.182283+00:00  STALE    https://news.google.com/rss/search?q=Paul%20Finnegan&hl=en-US&gl=US&ceid=US:en  (no just-published item; only older items resurfaced)
2026-09-07T10:06:11.182283+00:00  STALE    https://news.google.com/rss/search?q=*Raymond%20McGuire*&hl=en-US&gl=US&ceid=US:en  (no just-published item; only older items resurfaced)
2026-09-07T10:06:11.182283+00:00  STALE    https://news.google.com/rss/search?q=Joshua%20Friedman&hl=en-US&gl=US&ceid=US:en  (no just-published item; only older items resurfaced)
2026-09-07T10:11:15.420468+00:00  CHANGED  https://www.hks.harvard.edu  by=jen.phan  ch=directmessage  via=DM->jen.phan
2026-09-07T10:11:15.420468+00:00  STALE    https://news.google.com/rss/search?q=John%20Shue&hl=en-US&gl=US&ceid=US:en  (no just-published item; only older items resurfaced)
2026-09-07T10:16:18.370283+00:00  STALE    https://news.google.com/rss/search?q=*600%20Atlantic%20Avenue%20Boston*&hl=en-US&gl=US&ceid=US:en  (no just-published item; only older items resurfaced)
2026-09-07T10:16:18.370283+00:00  STALE    https://news.google.com/rss/search?q=Harvard%20investment&hl=en-US&gl=US&ceid=US:en  (no just-published item; only older items resurfaced)
2026-09-07T10:16:18.370283+00:00  STALE    https://news.google.com/rss/search?q=Harvard%20Singapore&hl=en-US&gl=US&ceid=US:en  (no just-published item; only older items resurfaced)
2026-09-07T10:16:18.370283+00:00  STALE    https://news.google.com/rss/search?q=HMC%20San%20Francisco&hl=en-US&gl=US&ceid=US:en  (no just-published item; only older items resurfaced)
2026-09-07T10:16:18.370283+00:00  STALE    https://news.google.com/rss/search?q=marcus%20loveland&hl=en-US&gl=US&ceid=US:en  (no just-published item; only older items resurfaced)
2026-09-07T10:21:20.370846+00:00  CHANGED  https://www.courtlistener.com/docket/72520538/united-states-v-president-and-fellows-of-harvard-college/?order_by=desc  by=hugo.chiasson  ch=directmessage  via=DM->hugo.chiasson
2026-09-07T10:21:20.370846+00:00  CHANGED  https://news.google.com/rss/search?q=harvard&hl=en-US&gl=US&ceid=US:en  by=dhruv.patel  ch=directmessage  via=DM->dhruv.patel
2026-09-07T10:26:23.770595+00:00  FLAPPED  https://www.courtlistener.com/docket/72520538/united-states-v-president-and-fellows-of-harvard-college/?order_by=desc
2026-09-07T10:31:28.957173+00:00  CHANGED  https://www.courtlistener.com/docket/72520538/united-states-v-president-and-fellows-of-harvard-college/?order_by=desc  by=hugo.chiasson  ch=directmessage  via=DM->hugo.chiasson
2026-09-07T10:31:28.957173+00:00  STALE    https://news.google.com/rss/search?q=Harvard%20Management%20Company&hl=en-US&gl=US&ceid=US:en  (no just-published item; only older items resurfaced)
2026-09-07T10:31:28.957173+00:00  CHANGED  https://news.google.com/rss/search?q=Harvard&hl=en-US&gl=US&ceid=US:en  by=megan.blonigen  ch=directmessage  via=DM->megan.blonigen
2026-09-07T10:31:28.957173+00:00  STALE    https://news.google.com/rss/search?q=N.P.%20Narvekar&hl=en-US&gl=US&ceid=US:en  (no just-published item; only older items resurfaced)
2026-09-07T10:31:28.957173+00:00  CHANGED  https://news.google.com/rss/search?q=HMC&hl=en-US&gl=US&ceid=US:en  by=megan.blonigen  ch=directmessage  via=DM->megan.blonigen
2026-09-07T10:31:28.957173+00:00  STALE    https://news.google.com/rss/search?q=Rick%20Slocum&hl=en-US&gl=US&ceid=US:en  (no just-published item; only older items resurfaced)
2026-09-07T10:36:32.905643+00:00  STALE    https://news.google.com/rss/search?q=Sanjeev%20Daga&hl=en-US&gl=US&ceid=US:en  (no just-published item; only older items resurfaced)
2026-09-07T10:36:32.905643+00:00  STALE    https://news.google.com/rss/search?q=Tim%20Barakett&hl=en-US&gl=US&ceid=US:en  (no just-published item; only older items resurfaced)
2026-09-07T10:36:32.905643+00:00  STALE    https://news.google.com/rss/search?q=Tricia%20Glynn&hl=en-US&gl=US&ceid=US:en  (no just-published item; only older items resurfaced)
2026-09-07T10:36:32.905643+00:00  STALE    https://news.google.com/rss/search?q=*Eric%20Doppstadt*&hl=en-US&gl=US&ceid=US:en  (no just-published item; only older items resurfaced)
2026-09-07T10:36:32.905643+00:00  STALE    https://news.google.com/rss/search?q=Paul%20Edgerley&hl=en-US&gl=US&ceid=US:en  (no just-published item; only older items resurfaced)
2026-09-07T10:36:32.905643+00:00  STALE    https://news.google.com/rss/search?q=Patrick%20Healy&hl=en-US&gl=US&ceid=US:en  (no just-published item; only older items resurfaced)
2026-09-07T10:36:32.905643+00:00  STALE    https://news.google.com/rss/search?q=Mary%20Erdoes&hl=en-US&gl=US&ceid=US:en  (no just-published item; only older items resurfaced)
2026-09-07T10:36:32.905643+00:00  STALE    https://news.google.com/rss/search?q=*Ritu%20Kalra*&hl=en-US&gl=US&ceid=US:en  (no just-published item; only older items resurfaced)
2026-09-07T10:36:32.905643+00:00  STALE    https://news.google.com/rss/search?q=Paul%20Finnegan&hl=en-US&gl=US&ceid=US:en  (no just-published item; only older items resurfaced)
2026-09-07T10:36:32.905643+00:00  STALE    https://news.google.com/rss/search?q=*Raymond%20McGuire*&hl=en-US&gl=US&ceid=US:en  (no just-published item; only older items resurfaced)
2026-09-07T10:36:32.905643+00:00  STALE    https://news.google.com/rss/search?q=Joshua%20Friedman&hl=en-US&gl=US&ceid=US:en  (no just-published item; only older items resurfaced)
2026-09-07T10:46:38.429029+00:00  STALE    https://news.google.com/rss/search?q=*600%20Atlantic%20Avenue%20Boston*&hl=en-US&gl=US&ceid=US:en  (no just-published item; only older items resurfaced)
2026-09-07T10:46:38.429029+00:00  STALE    https://news.google.com/rss/search?q=Harvard%20investment&hl=en-US&gl=US&ceid=US:en  (no just-published item; only older items resurfaced)
2026-09-07T10:46:38.429029+00:00  STALE    https://news.google.com/rss/search?q=Harvard%20Singapore&hl=en-US&gl=US&ceid=US:en  (no just-published item; only older items resurfaced)
2026-09-07T10:46:38.429029+00:00  STALE    https://news.google.com/rss/search?q=HMC%20San%20Francisco&hl=en-US&gl=US&ceid=US:en  (no just-published item; only older items resurfaced)
2026-09-07T10:46:38.429029+00:00  STALE    https://news.google.com/rss/search?q=marcus%20loveland&hl=en-US&gl=US&ceid=US:en  (no just-published item; only older items resurfaced)
2026-09-07T10:51:40.892095+00:00  CHANGED  https://news.google.com/rss/search?q=harvard&hl=en-US&gl=US&ceid=US:en  by=dhruv.patel  ch=directmessage  via=DM->dhruv.patel
2026-09-07T11:00:57.488946+00:00  STALE    https://news.google.com/rss/search?q=Harvard%20Management%20Company&hl=en-US&gl=US&ceid=US:en  (no just-published item; only older items resurfaced)
2026-09-07T11:00:57.488946+00:00  STALE    https://news.google.com/rss/search?q=Harvard&hl=en-US&gl=US&ceid=US:en  (no just-published item; only older items resurfaced)
2026-09-07T11:00:57.488946+00:00  STALE    https://news.google.com/rss/search?q=N.P.%20Narvekar&hl=en-US&gl=US&ceid=US:en  (no just-published item; only older items resurfaced)
2026-09-07T11:00:57.488946+00:00  CHANGED  https://news.google.com/rss/search?q=HMC&hl=en-US&gl=US&ceid=US:en  by=megan.blonigen  ch=directmessage  via=DM->megan.blonigen
2026-09-07T11:00:57.488946+00:00  STALE    https://news.google.com/rss/search?q=Rick%20Slocum&hl=en-US&gl=US&ceid=US:en  (no just-published item; only older items resurfaced)
2026-09-07T11:06:00.192616+00:00  BLOCKED  https://dso.college.harvard.edu/office-culture-community/about-harvard-foundation
2026-09-07T11:06:00.192616+00:00  STALE    https://news.google.com/rss/search?q=Tim%20Barakett&hl=en-US&gl=US&ceid=US:en  (no just-published item; only older items resurfaced)
2026-09-07T11:06:00.192616+00:00  STALE    https://news.google.com/rss/search?q=Alan%20Garber&hl=en-US&gl=US&ceid=US:en  (no just-published item; only older items resurfaced)
2026-09-07T11:06:00.192616+00:00  STALE    https://news.google.com/rss/search?q=Tricia%20Glynn&hl=en-US&gl=US&ceid=US:en  (no just-published item; only older items resurfaced)
2026-09-07T11:06:00.192616+00:00  STALE    https://news.google.com/rss/search?q=*Eric%20Doppstadt*&hl=en-US&gl=US&ceid=US:en  (no just-published item; only older items resurfaced)
2026-09-07T11:06:00.192616+00:00  STALE    https://news.google.com/rss/search?q=Paul%20Edgerley&hl=en-US&gl=US&ceid=US:en  (no just-published item; only older items resurfaced)
2026-09-07T11:06:00.192616+00:00  STALE    https://news.google.com/rss/search?q=Patrick%20Healy&hl=en-US&gl=US&ceid=US:en  (no just-published item; only older items resurfaced)
2026-09-07T11:06:00.192616+00:00  STALE    https://news.google.com/rss/search?q=Mary%20Erdoes&hl=en-US&gl=US&ceid=US:en  (no just-published item; only older items resurfaced)
2026-09-07T11:06:00.192616+00:00  STALE    https://news.google.com/rss/search?q=*Robert%20Jain*&hl=en-US&gl=US&ceid=US:en  (no just-published item; only older items resurfaced)
2026-09-07T11:06:00.192616+00:00  STALE    https://news.google.com/rss/search?q=*Ritu%20Kalra*&hl=en-US&gl=US&ceid=US:en  (no just-published item; only older items resurfaced)
2026-09-07T11:06:00.192616+00:00  STALE    https://news.google.com/rss/search?q=Paul%20Finnegan&hl=en-US&gl=US&ceid=US:en  (no just-published item; only older items resurfaced)
2026-09-07T11:06:00.192616+00:00  STALE    https://news.google.com/rss/search?q=*Raymond%20McGuire*&hl=en-US&gl=US&ceid=US:en  (no just-published item; only older items resurfaced)
2026-09-07T11:06:00.192616+00:00  STALE    https://news.google.com/rss/search?q=Joshua%20Friedman&hl=en-US&gl=US&ceid=US:en  (no just-published item; only older items resurfaced)
2026-09-07T11:11:04.244573+00:00  STALE    https://news.google.com/rss/search?q=John%20Shue&hl=en-US&gl=US&ceid=US:en  (no just-published item; only older items resurfaced)
2026-09-07T11:16:06.416941+00:00  STALE    https://news.google.com/rss/search?q=*600%20Atlantic%20Avenue%20Boston*&hl=en-US&gl=US&ceid=US:en  (no just-published item; only older items resurfaced)
2026-09-07T11:16:06.416941+00:00  STALE    https://news.google.com/rss/search?q=Harvard%20investment&hl=en-US&gl=US&ceid=US:en  (no just-published item; only older items resurfaced)
2026-09-07T11:16:06.416941+00:00  STALE    https://news.google.com/rss/search?q=Harvard%20Singapore&hl=en-US&gl=US&ceid=US:en  (no just-published item; only older items resurfaced)
2026-09-07T11:16:06.416941+00:00  STALE    https://news.google.com/rss/search?q=HMC%20San%20Francisco&hl=en-US&gl=US&ceid=US:en  (no just-published item; only older items resurfaced)
2026-09-07T11:16:06.416941+00:00  STALE    https://news.google.com/rss/search?q=marcus%20loveland&hl=en-US&gl=US&ceid=US:en  (no just-published item; only older items resurfaced)
2026-09-07T11:21:08.927038+00:00  CHANGED  https://news.google.com/rss/search?q=harvard&hl=en-US&gl=US&ceid=US:en  by=dhruv.patel  ch=directmessage  via=DM->dhruv.patel
2026-09-07T11:30:46.067601+00:00  STALE    https://news.google.com/rss/search?q=Harvard%20Management%20Company&hl=en-US&gl=US&ceid=US:en  (no just-published item; only older items resurfaced)
2026-09-07T11:30:46.067601+00:00  CHANGED  https://news.google.com/rss/search?q=Harvard&hl=en-US&gl=US&ceid=US:en  by=megan.blonigen  ch=directmessage  via=DM->megan.blonigen
2026-09-07T11:30:46.067601+00:00  STALE    https://news.google.com/rss/search?q=N.P.%20Narvekar&hl=en-US&gl=US&ceid=US:en  (no just-published item; only older items resurfaced)
2026-09-07T11:30:46.067601+00:00  STALE    https://news.google.com/rss/search?q=HMC&hl=en-US&gl=US&ceid=US:en  (no just-published item; only older items resurfaced)
2026-09-07T11:30:46.067601+00:00  STALE    https://news.google.com/rss/search?q=Rick%20Slocum&hl=en-US&gl=US&ceid=US:en  (no just-published item; only older items resurfaced)
2026-09-07T11:35:49.201634+00:00  STALE    https://news.google.com/rss/search?q=Sanjeev%20Daga&hl=en-US&gl=US&ceid=US:en  (no just-published item; only older items resurfaced)
2026-09-07T11:35:49.201634+00:00  STALE    https://news.google.com/rss/search?q=Tim%20Barakett&hl=en-US&gl=US&ceid=US:en  (no just-published item; only older items resurfaced)
2026-09-07T11:35:49.201634+00:00  STALE    https://news.google.com/rss/search?q=Alan%20Garber&hl=en-US&gl=US&ceid=US:en  (no just-published item; only older items resurfaced)
2026-09-07T11:35:49.201634+00:00  STALE    https://news.google.com/rss/search?q=Tricia%20Glynn&hl=en-US&gl=US&ceid=US:en  (no just-published item; only older items resurfaced)
2026-09-07T11:35:49.201634+00:00  STALE    https://news.google.com/rss/search?q=*Eric%20Doppstadt*&hl=en-US&gl=US&ceid=US:en  (no just-published item; only older items resurfaced)
2026-09-07T11:35:49.201634+00:00  STALE    https://news.google.com/rss/search?q=Paul%20Edgerley&hl=en-US&gl=US&ceid=US:en  (no just-published item; only older items resurfaced)
2026-09-07T11:35:49.201634+00:00  STALE    https://news.google.com/rss/search?q=Patrick%20Healy&hl=en-US&gl=US&ceid=US:en  (no just-published item; only older items resurfaced)
2026-09-07T11:35:49.201634+00:00  STALE    https://news.google.com/rss/search?q=Mary%20Erdoes&hl=en-US&gl=US&ceid=US:en  (no just-published item; only older items resurfaced)
2026-09-07T11:35:49.201634+00:00  STALE    https://news.google.com/rss/search?q=*Robert%20Jain*&hl=en-US&gl=US&ceid=US:en  (no just-published item; only older items resurfaced)
2026-09-07T11:35:49.201634+00:00  STALE    https://news.google.com/rss/search?q=*Mart%C3%ADn%20Escobari*&hl=en-US&gl=US&ceid=US:en  (no just-published item; only older items resurfaced)
2026-09-07T11:35:49.201634+00:00  STALE    https://news.google.com/rss/search?q=*Ritu%20Kalra*&hl=en-US&gl=US&ceid=US:en  (no just-published item; only older items resurfaced)
2026-09-07T11:35:49.201634+00:00  STALE    https://news.google.com/rss/search?q=Paul%20Finnegan&hl=en-US&gl=US&ceid=US:en  (no just-published item; only older items resurfaced)
2026-09-07T11:35:49.201634+00:00  STALE    https://news.google.com/rss/search?q=*Raymond%20McGuire*&hl=en-US&gl=US&ceid=US:en  (no just-published item; only older items resurfaced)
2026-09-07T11:35:49.201634+00:00  STALE    https://news.google.com/rss/search?q=Joshua%20Friedman&hl=en-US&gl=US&ceid=US:en  (no just-published item; only older items resurfaced)
2026-09-07T11:40:51.996330+00:00  STALE    https://news.google.com/rss/search?q=John%20Shue&hl=en-US&gl=US&ceid=US:en  (no just-published item; only older items resurfaced)
2026-09-07T11:45:53.884894+00:00  STALE    https://news.google.com/rss/search?q=*600%20Atlantic%20Avenue%20Boston*&hl=en-US&gl=US&ceid=US:en  (no just-published item; only older items resurfaced)
2026-09-07T11:45:53.884894+00:00  STALE    https://news.google.com/rss/search?q=Harvard%20investment&hl=en-US&gl=US&ceid=US:en  (no just-published item; only older items resurfaced)
2026-09-07T11:45:53.884894+00:00  STALE    https://news.google.com/rss/search?q=Harvard%20Singapore&hl=en-US&gl=US&ceid=US:en  (no just-published item; only older items resurfaced)
2026-09-07T11:45:53.884894+00:00  STALE    https://news.google.com/rss/search?q=HMC%20San%20Francisco&hl=en-US&gl=US&ceid=US:en  (no just-published item; only older items resurfaced)
2026-09-07T11:45:53.884894+00:00  STALE    https://news.google.com/rss/search?q=marcus%20loveland&hl=en-US&gl=US&ceid=US:en  (no just-published item; only older items resurfaced)
2026-09-07T11:50:56.757937+00:00  CHANGED  https://news.google.com/rss/search?q=harvard&hl=en-US&gl=US&ceid=US:en  by=dhruv.patel  ch=directmessage  via=DM->dhruv.patel
2026-09-07T12:01:08.632014+00:00  CHANGED  https://thecrimson.com  by=dhruv.patel  ch=directmessage  via=DM->dhruv.patel
2026-09-07T12:01:08.632014+00:00  CHANGED  https://thecrimson.com  by=matteo.diaz  ch=matteo-internal  via=DM->matteo.diaz
2026-09-07T12:01:08.632014+00:00  CHANGED  https://thecrimson.com  by=sebastian.connolly  ch=directmessage  via=DM->sebastian.connolly
2026-09-07T12:01:08.632014+00:00  CHANGED  https://thecrimson.com  by=matteo.diaz  ch=directmessage  via=DM->matteo.diaz
2026-09-07T12:01:08.632014+00:00  STALE    https://news.google.com/rss/search?q=Harvard%20Management%20Company&hl=en-US&gl=US&ceid=US:en  (no just-published item; only older items resurfaced)
2026-09-07T12:01:08.632014+00:00  CHANGED  https://news.google.com/rss/search?q=Harvard&hl=en-US&gl=US&ceid=US:en  by=megan.blonigen  ch=directmessage  via=DM->megan.blonigen
2026-09-07T12:01:08.632014+00:00  STALE    https://news.google.com/rss/search?q=N.P.%20Narvekar&hl=en-US&gl=US&ceid=US:en  (no just-published item; only older items resurfaced)
2026-09-07T12:01:08.632014+00:00  STALE    https://news.google.com/rss/search?q=HMC&hl=en-US&gl=US&ceid=US:en  (no just-published item; only older items resurfaced)
2026-09-07T12:01:08.632014+00:00  STALE    https://news.google.com/rss/search?q=Rick%20Slocum&hl=en-US&gl=US&ceid=US:en  (no just-published item; only older items resurfaced)
2026-09-07T12:01:08.632014+00:00  CHANGED  https://www.thecrimson.com/  by=megan.blonigen  ch=directmessage  via=DM->megan.blonigen
2026-09-07T12:06:14.557308+00:00  BLOCKED  https://dso.college.harvard.edu/office-culture-community/about-harvard-foundation
2026-09-07T12:06:14.557308+00:00  STALE    https://news.google.com/rss/search?q=Sanjeev%20Daga&hl=en-US&gl=US&ceid=US:en  (no just-published item; only older items resurfaced)
2026-09-07T12:06:14.557308+00:00  STALE    https://news.google.com/rss/search?q=Tim%20Barakett&hl=en-US&gl=US&ceid=US:en  (no just-published item; only older items resurfaced)
2026-09-07T12:06:14.557308+00:00  STALE    https://news.google.com/rss/search?q=Alan%20Garber&hl=en-US&gl=US&ceid=US:en  (no just-published item; only older items resurfaced)
2026-09-07T12:06:14.557308+00:00  STALE    https://news.google.com/rss/search?q=Tricia%20Glynn&hl=en-US&gl=US&ceid=US:en  (no just-published item; only older items resurfaced)
2026-09-07T12:06:14.557308+00:00  STALE    https://news.google.com/rss/search?q=*Eric%20Doppstadt*&hl=en-US&gl=US&ceid=US:en  (no just-published item; only older items resurfaced)
2026-09-07T12:06:14.557308+00:00  STALE    https://news.google.com/rss/search?q=Paul%20Edgerley&hl=en-US&gl=US&ceid=US:en  (no just-published item; only older items resurfaced)
2026-09-07T12:06:14.557308+00:00  STALE    https://news.google.com/rss/search?q=Patrick%20Healy&hl=en-US&gl=US&ceid=US:en  (no just-published item; only older items resurfaced)
2026-09-07T12:06:14.557308+00:00  STALE    https://news.google.com/rss/search?q=Mary%20Erdoes&hl=en-US&gl=US&ceid=US:en  (no just-published item; only older items resurfaced)
2026-09-07T12:06:14.557308+00:00  STALE    https://news.google.com/rss/search?q=*Robert%20Jain*&hl=en-US&gl=US&ceid=US:en  (no just-published item; only older items resurfaced)
2026-09-07T12:06:14.557308+00:00  STALE    https://news.google.com/rss/search?q=*Mart%C3%ADn%20Escobari*&hl=en-US&gl=US&ceid=US:en  (no just-published item; only older items resurfaced)
2026-09-07T12:06:14.557308+00:00  STALE    https://news.google.com/rss/search?q=*Ritu%20Kalra*&hl=en-US&gl=US&ceid=US:en  (no just-published item; only older items resurfaced)
2026-09-07T12:06:14.557308+00:00  STALE    https://news.google.com/rss/search?q=Paul%20Finnegan&hl=en-US&gl=US&ceid=US:en  (no just-published item; only older items resurfaced)
2026-09-07T12:06:14.557308+00:00  STALE    https://news.google.com/rss/search?q=*Raymond%20McGuire*&hl=en-US&gl=US&ceid=US:en  (no just-published item; only older items resurfaced)
2026-09-07T12:06:14.557308+00:00  STALE    https://news.google.com/rss/search?q=Joshua%20Friedman&hl=en-US&gl=US&ceid=US:en  (no just-published item; only older items resurfaced)
2026-09-07T12:11:19.190761+00:00  STALE    https://news.google.com/rss/search?q=John%20Shue&hl=en-US&gl=US&ceid=US:en  (no just-published item; only older items resurfaced)
2026-09-07T12:16:21.851141+00:00  STALE    https://news.google.com/rss/search?q=*600%20Atlantic%20Avenue%20Boston*&hl=en-US&gl=US&ceid=US:en  (no just-published item; only older items resurfaced)
2026-09-07T12:16:21.851141+00:00  STALE    https://news.google.com/rss/search?q=Harvard%20investment&hl=en-US&gl=US&ceid=US:en  (no just-published item; only older items resurfaced)
2026-09-07T12:16:21.851141+00:00  STALE    https://news.google.com/rss/search?q=Harvard%20Singapore&hl=en-US&gl=US&ceid=US:en  (no just-published item; only older items resurfaced)
2026-09-07T12:16:21.851141+00:00  STALE    https://news.google.com/rss/search?q=HMC%20San%20Francisco&hl=en-US&gl=US&ceid=US:en  (no just-published item; only older items resurfaced)
2026-09-07T12:16:21.851141+00:00  STALE    https://news.google.com/rss/search?q=marcus%20loveland&hl=en-US&gl=US&ceid=US:en  (no just-published item; only older items resurfaced)
2026-09-07T12:21:25.780755+00:00  CHANGED  https://news.google.com/rss/search?q=harvard&hl=en-US&gl=US&ceid=US:en  by=dhruv.patel  ch=directmessage  via=DM->dhruv.patel
2026-09-07T12:30:58.764003+00:00  STALE    https://news.google.com/rss/search?q=Harvard%20Management%20Company&hl=en-US&gl=US&ceid=US:en  (no just-published item; only older items resurfaced)
2026-09-07T12:30:58.764003+00:00  CHANGED  https://news.google.com/rss/search?q=Harvard&hl=en-US&gl=US&ceid=US:en  by=megan.blonigen  ch=directmessage  via=DM->megan.blonigen
2026-09-07T12:30:58.764003+00:00  STALE    https://news.google.com/rss/search?q=N.P.%20Narvekar&hl=en-US&gl=US&ceid=US:en  (no just-published item; only older items resurfaced)
2026-09-07T12:30:58.764003+00:00  STALE    https://news.google.com/rss/search?q=HMC&hl=en-US&gl=US&ceid=US:en  (no just-published item; only older items resurfaced)
2026-09-07T12:30:58.764003+00:00  STALE    https://news.google.com/rss/search?q=Rick%20Slocum&hl=en-US&gl=US&ceid=US:en  (no just-published item; only older items resurfaced)
2026-09-07T12:36:01.332253+00:00  STALE    https://news.google.com/rss/search?q=Sanjeev%20Daga&hl=en-US&gl=US&ceid=US:en  (no just-published item; only older items resurfaced)
2026-09-07T12:36:01.332253+00:00  STALE    https://news.google.com/rss/search?q=Tim%20Barakett&hl=en-US&gl=US&ceid=US:en  (no just-published item; only older items resurfaced)
2026-09-07T12:36:01.332253+00:00  STALE    https://news.google.com/rss/search?q=Alan%20Garber&hl=en-US&gl=US&ceid=US:en  (no just-published item; only older items resurfaced)
2026-09-07T12:36:01.332253+00:00  STALE    https://news.google.com/rss/search?q=Tricia%20Glynn&hl=en-US&gl=US&ceid=US:en  (no just-published item; only older items resurfaced)
2026-09-07T12:36:01.332253+00:00  STALE    https://news.google.com/rss/search?q=Paul%20Edgerley&hl=en-US&gl=US&ceid=US:en  (no just-published item; only older items resurfaced)
2026-09-07T12:36:01.332253+00:00  STALE    https://news.google.com/rss/search?q=Patrick%20Healy&hl=en-US&gl=US&ceid=US:en  (no just-published item; only older items resurfaced)
2026-09-07T12:36:01.332253+00:00  STALE    https://news.google.com/rss/search?q=Mary%20Erdoes&hl=en-US&gl=US&ceid=US:en  (no just-published item; only older items resurfaced)
2026-09-07T12:36:01.332253+00:00  STALE    https://news.google.com/rss/search?q=*Robert%20Jain*&hl=en-US&gl=US&ceid=US:en  (no just-published item; only older items resurfaced)
2026-09-07T12:36:01.332253+00:00  STALE    https://news.google.com/rss/search?q=*Mart%C3%ADn%20Escobari*&hl=en-US&gl=US&ceid=US:en  (no just-published item; only older items resurfaced)
2026-09-07T12:36:01.332253+00:00  STALE    https://news.google.com/rss/search?q=*Ritu%20Kalra*&hl=en-US&gl=US&ceid=US:en  (no just-published item; only older items resurfaced)
2026-09-07T12:36:01.332253+00:00  STALE    https://news.google.com/rss/search?q=Paul%20Finnegan&hl=en-US&gl=US&ceid=US:en  (no just-published item; only older items resurfaced)
2026-09-07T12:36:01.332253+00:00  STALE    https://news.google.com/rss/search?q=*Raymond%20McGuire*&hl=en-US&gl=US&ceid=US:en  (no just-published item; only older items resurfaced)
2026-09-07T12:36:01.332253+00:00  STALE    https://news.google.com/rss/search?q=Joshua%20Friedman&hl=en-US&gl=US&ceid=US:en  (no just-published item; only older items resurfaced)
2026-09-07T12:41:03.833698+00:00  STALE    https://news.google.com/rss/search?q=John%20Shue&hl=en-US&gl=US&ceid=US:en  (no just-published item; only older items resurfaced)
2026-09-07T12:46:06.358161+00:00  STALE    https://news.google.com/rss/search?q=*600%20Atlantic%20Avenue%20Boston*&hl=en-US&gl=US&ceid=US:en  (no just-published item; only older items resurfaced)
2026-09-07T12:46:06.358161+00:00  STALE    https://news.google.com/rss/search?q=Harvard%20investment&hl=en-US&gl=US&ceid=US:en  (no just-published item; only older items resurfaced)
2026-09-07T12:46:06.358161+00:00  STALE    https://news.google.com/rss/search?q=Harvard%20Singapore&hl=en-US&gl=US&ceid=US:en  (no just-published item; only older items resurfaced)
2026-09-07T12:46:06.358161+00:00  STALE    https://news.google.com/rss/search?q=HMC%20San%20Francisco&hl=en-US&gl=US&ceid=US:en  (no just-published item; only older items resurfaced)
2026-09-07T12:46:06.358161+00:00  STALE    https://news.google.com/rss/search?q=marcus%20loveland&hl=en-US&gl=US&ceid=US:en  (no just-published item; only older items resurfaced)
2026-09-07T12:51:08.547584+00:00  CHANGED  https://news.google.com/rss/search?q=harvard&hl=en-US&gl=US&ceid=US:en  by=dhruv.patel  ch=directmessage  via=DM->dhruv.patel
2026-09-07T13:33:02.218623+00:00  CHANGED  https://thecrimson.com  by=dhruv.patel  ch=directmessage  via=DM->dhruv.patel
2026-09-07T13:33:02.218623+00:00  CHANGED  https://thecrimson.com  by=matteo.diaz  ch=matteo-internal  via=DM->matteo.diaz
2026-09-07T13:33:02.218623+00:00  CHANGED  https://thecrimson.com  by=sebastian.connolly  ch=directmessage  via=DM->sebastian.connolly
2026-09-07T13:33:02.218623+00:00  CHANGED  https://thecrimson.com  by=matteo.diaz  ch=directmessage  via=DM->matteo.diaz
2026-09-07T13:33:02.218623+00:00  STALE    https://news.google.com/rss/search?q=Harvard%20Management%20Company&hl=en-US&gl=US&ceid=US:en  (no just-published item; only older items resurfaced)
2026-09-07T13:33:02.218623+00:00  CHANGED  https://news.google.com/rss/search?q=Harvard&hl=en-US&gl=US&ceid=US:en  by=megan.blonigen  ch=directmessage  via=DM->megan.blonigen
2026-09-07T13:33:02.218623+00:00  STALE    https://news.google.com/rss/search?q=N.P.%20Narvekar&hl=en-US&gl=US&ceid=US:en  (no just-published item; only older items resurfaced)
2026-09-07T13:33:02.218623+00:00  STALE    https://news.google.com/rss/search?q=HMC&hl=en-US&gl=US&ceid=US:en  (no just-published item; only older items resurfaced)
2026-09-07T13:33:02.218623+00:00  STALE    https://news.google.com/rss/search?q=Rick%20Slocum&hl=en-US&gl=US&ceid=US:en  (no just-published item; only older items resurfaced)
2026-09-07T13:33:02.218623+00:00  CHANGED  https://www.thecrimson.com/  by=megan.blonigen  ch=directmessage  via=DM->megan.blonigen
2026-09-07T13:38:11.448011+00:00  CHANGED  https://thecrimson.com  by=dhruv.patel  ch=directmessage  via=DM->dhruv.patel
2026-09-07T13:38:11.448011+00:00  CHANGED  https://thecrimson.com  by=matteo.diaz  ch=matteo-internal  via=DM->matteo.diaz
2026-09-07T13:38:11.448011+00:00  CHANGED  https://thecrimson.com  by=sebastian.connolly  ch=directmessage  via=DM->sebastian.connolly
2026-09-07T13:38:11.448011+00:00  CHANGED  https://thecrimson.com  by=matteo.diaz  ch=directmessage  via=DM->matteo.diaz
2026-09-07T13:38:11.448011+00:00  STALE    https://news.google.com/rss/search?q=Sanjeev%20Daga&hl=en-US&gl=US&ceid=US:en  (no just-published item; only older items resurfaced)
2026-09-07T13:38:11.448011+00:00  STALE    https://news.google.com/rss/search?q=Alan%20Garber&hl=en-US&gl=US&ceid=US:en  (no just-published item; only older items resurfaced)
2026-09-07T13:38:11.448011+00:00  STALE    https://news.google.com/rss/search?q=Tricia%20Glynn&hl=en-US&gl=US&ceid=US:en  (no just-published item; only older items resurfaced)
2026-09-07T13:38:11.448011+00:00  STALE    https://news.google.com/rss/search?q=Paul%20Edgerley&hl=en-US&gl=US&ceid=US:en  (no just-published item; only older items resurfaced)
2026-09-07T13:38:11.448011+00:00  STALE    https://news.google.com/rss/search?q=Patrick%20Healy&hl=en-US&gl=US&ceid=US:en  (no just-published item; only older items resurfaced)
2026-09-07T13:38:11.448011+00:00  STALE    https://news.google.com/rss/search?q=Mary%20Erdoes&hl=en-US&gl=US&ceid=US:en  (no just-published item; only older items resurfaced)
2026-09-07T13:38:11.448011+00:00  STALE    https://news.google.com/rss/search?q=*Robert%20Jain*&hl=en-US&gl=US&ceid=US:en  (no just-published item; only older items resurfaced)
2026-09-07T13:38:11.448011+00:00  STALE    https://news.google.com/rss/search?q=*Mart%C3%ADn%20Escobari*&hl=en-US&gl=US&ceid=US:en  (no just-published item; only older items resurfaced)
2026-09-07T13:38:11.448011+00:00  STALE    https://news.google.com/rss/search?q=*Ritu%20Kalra*&hl=en-US&gl=US&ceid=US:en  (no just-published item; only older items resurfaced)
2026-09-07T13:38:11.448011+00:00  STALE    https://news.google.com/rss/search?q=Paul%20Finnegan&hl=en-US&gl=US&ceid=US:en  (no just-published item; only older items resurfaced)
2026-09-07T13:38:11.448011+00:00  STALE    https://news.google.com/rss/search?q=*Raymond%20McGuire*&hl=en-US&gl=US&ceid=US:en  (no just-published item; only older items resurfaced)
2026-09-07T13:38:11.448011+00:00  STALE    https://news.google.com/rss/search?q=Joshua%20Friedman&hl=en-US&gl=US&ceid=US:en  (no just-published item; only older items resurfaced)
2026-09-07T13:38:11.448011+00:00  CHANGED  https://www.thecrimson.com/  by=megan.blonigen  ch=directmessage  via=DM->megan.blonigen
2026-09-07T13:43:18.440749+00:00  STALE    https://news.google.com/rss/search?q=John%20Shue&hl=en-US&gl=US&ceid=US:en  (no just-published item; only older items resurfaced)
2026-09-07T13:48:20.728894+00:00  STALE    https://news.google.com/rss/search?q=*600%20Atlantic%20Avenue%20Boston*&hl=en-US&gl=US&ceid=US:en  (no just-published item; only older items resurfaced)
2026-09-07T13:48:20.728894+00:00  STALE    https://news.google.com/rss/search?q=Harvard%20investment&hl=en-US&gl=US&ceid=US:en  (no just-published item; only older items resurfaced)
2026-09-07T13:48:20.728894+00:00  STALE    https://news.google.com/rss/search?q=Harvard%20Singapore&hl=en-US&gl=US&ceid=US:en  (no just-published item; only older items resurfaced)
2026-09-07T13:48:20.728894+00:00  STALE    https://news.google.com/rss/search?q=HMC%20San%20Francisco&hl=en-US&gl=US&ceid=US:en  (no just-published item; only older items resurfaced)
2026-09-07T13:48:20.728894+00:00  STALE    https://news.google.com/rss/search?q=marcus%20loveland&hl=en-US&gl=US&ceid=US:en  (no just-published item; only older items resurfaced)
2026-09-07T14:19:52.438435+00:00  STALE    https://news.google.com/rss/search?q=*600%20Atlantic%20Avenue%20Boston*&hl=en-US&gl=US&ceid=US:en  (no just-published item; only older items resurfaced)
2026-09-07T14:19:52.438435+00:00  STALE    https://news.google.com/rss/search?q=Harvard%20investment&hl=en-US&gl=US&ceid=US:en  (no just-published item; only older items resurfaced)
2026-09-07T14:19:52.438435+00:00  STALE    https://news.google.com/rss/search?q=Harvard%20Singapore&hl=en-US&gl=US&ceid=US:en  (no just-published item; only older items resurfaced)
2026-09-07T14:19:52.438435+00:00  STALE    https://news.google.com/rss/search?q=HMC%20San%20Francisco&hl=en-US&gl=US&ceid=US:en  (no just-published item; only older items resurfaced)
2026-09-07T14:19:52.438435+00:00  STALE    https://news.google.com/rss/search?q=marcus%20loveland&hl=en-US&gl=US&ceid=US:en  (no just-published item; only older items resurfaced)
2026-09-07T14:24:55.138666+00:00  CHANGED  https://news.google.com/rss/search?q=harvard&hl=en-US&gl=US&ceid=US:en  by=dhruv.patel  ch=directmessage  via=DM->dhruv.patel
2026-09-07T14:35:00.539279+00:00  STALE    https://news.google.com/rss/search?q=Harvard%20Management%20Company&hl=en-US&gl=US&ceid=US:en  (no just-published item; only older items resurfaced)
2026-09-07T14:35:00.539279+00:00  FLAPPED  https://news.google.com/rss/search?q=Harvard&hl=en-US&gl=US&ceid=US:en
2026-09-07T14:35:00.539279+00:00  STALE    https://news.google.com/rss/search?q=N.P.%20Narvekar&hl=en-US&gl=US&ceid=US:en  (no just-published item; only older items resurfaced)
2026-09-07T14:35:00.539279+00:00  CHANGED  https://news.google.com/rss/search?q=HMC&hl=en-US&gl=US&ceid=US:en  by=megan.blonigen  ch=directmessage  via=DM->megan.blonigen
2026-09-07T14:35:00.539279+00:00  STALE    https://news.google.com/rss/search?q=Rick%20Slocum&hl=en-US&gl=US&ceid=US:en  (no just-published item; only older items resurfaced)
2026-09-07T14:40:03.537239+00:00  STALE    https://news.google.com/rss/search?q=Sanjeev%20Daga&hl=en-US&gl=US&ceid=US:en  (no just-published item; only older items resurfaced)
2026-09-07T14:40:03.537239+00:00  STALE    https://news.google.com/rss/search?q=Tim%20Barakett&hl=en-US&gl=US&ceid=US:en  (no just-published item; only older items resurfaced)
2026-09-07T14:40:03.537239+00:00  STALE    https://news.google.com/rss/search?q=Alan%20Garber&hl=en-US&gl=US&ceid=US:en  (no just-published item; only older items resurfaced)
2026-09-07T14:40:03.537239+00:00  STALE    https://news.google.com/rss/search?q=Tricia%20Glynn&hl=en-US&gl=US&ceid=US:en  (no just-published item; only older items resurfaced)
2026-09-07T14:40:03.537239+00:00  STALE    https://news.google.com/rss/search?q=*Eric%20Doppstadt*&hl=en-US&gl=US&ceid=US:en  (no just-published item; only older items resurfaced)
2026-09-07T14:40:03.537239+00:00  STALE    https://news.google.com/rss/search?q=Paul%20Edgerley&hl=en-US&gl=US&ceid=US:en  (no just-published item; only older items resurfaced)
2026-09-07T14:40:03.537239+00:00  STALE    https://news.google.com/rss/search?q=Patrick%20Healy&hl=en-US&gl=US&ceid=US:en  (no just-published item; only older items resurfaced)
2026-09-07T14:40:03.537239+00:00  STALE    https://news.google.com/rss/search?q=Mary%20Erdoes&hl=en-US&gl=US&ceid=US:en  (no just-published item; only older items resurfaced)
2026-09-07T14:40:03.537239+00:00  STALE    https://news.google.com/rss/search?q=*Robert%20Jain*&hl=en-US&gl=US&ceid=US:en  (no just-published item; only older items resurfaced)
2026-09-07T14:40:03.537239+00:00  STALE    https://news.google.com/rss/search?q=*Mart%C3%ADn%20Escobari*&hl=en-US&gl=US&ceid=US:en  (no just-published item; only older items resurfaced)
2026-09-07T14:40:03.537239+00:00  STALE    https://news.google.com/rss/search?q=*Ritu%20Kalra*&hl=en-US&gl=US&ceid=US:en  (no just-published item; only older items resurfaced)
2026-09-07T14:40:03.537239+00:00  STALE    https://news.google.com/rss/search?q=Paul%20Finnegan&hl=en-US&gl=US&ceid=US:en  (no just-published item; only older items resurfaced)
2026-09-07T14:40:03.537239+00:00  STALE    https://news.google.com/rss/search?q=*Raymond%20McGuire*&hl=en-US&gl=US&ceid=US:en  (no just-published item; only older items resurfaced)
2026-09-07T14:40:03.537239+00:00  STALE    https://news.google.com/rss/search?q=Joshua%20Friedman&hl=en-US&gl=US&ceid=US:en  (no just-published item; only older items resurfaced)
2026-09-07T15:12:30.706683+00:00  BLOCKED  https://dso.college.harvard.edu/office-culture-community/about-harvard-foundation
2026-09-07T15:12:30.706683+00:00  STALE    https://news.google.com/rss/search?q=Sanjeev%20Daga&hl=en-US&gl=US&ceid=US:en  (no just-published item; only older items resurfaced)
2026-09-07T15:12:30.706683+00:00  STALE    https://news.google.com/rss/search?q=Tim%20Barakett&hl=en-US&gl=US&ceid=US:en  (no just-published item; only older items resurfaced)
2026-09-07T15:12:30.706683+00:00  STALE    https://news.google.com/rss/search?q=Alan%20Garber&hl=en-US&gl=US&ceid=US:en  (no just-published item; only older items resurfaced)
2026-09-07T15:12:30.706683+00:00  STALE    https://news.google.com/rss/search?q=Tricia%20Glynn&hl=en-US&gl=US&ceid=US:en  (no just-published item; only older items resurfaced)
2026-09-07T15:12:30.706683+00:00  STALE    https://news.google.com/rss/search?q=*Eric%20Doppstadt*&hl=en-US&gl=US&ceid=US:en  (no just-published item; only older items resurfaced)
2026-09-07T15:12:30.706683+00:00  STALE    https://news.google.com/rss/search?q=Paul%20Edgerley&hl=en-US&gl=US&ceid=US:en  (no just-published item; only older items resurfaced)
2026-09-07T15:12:30.706683+00:00  STALE    https://news.google.com/rss/search?q=Patrick%20Healy&hl=en-US&gl=US&ceid=US:en  (no just-published item; only older items resurfaced)
2026-09-07T15:12:30.706683+00:00  STALE    https://news.google.com/rss/search?q=Mary%20Erdoes&hl=en-US&gl=US&ceid=US:en  (no just-published item; only older items resurfaced)
2026-09-07T15:12:30.706683+00:00  STALE    https://news.google.com/rss/search?q=*Robert%20Jain*&hl=en-US&gl=US&ceid=US:en  (no just-published item; only older items resurfaced)
2026-09-07T15:12:30.706683+00:00  STALE    https://news.google.com/rss/search?q=*Mart%C3%ADn%20Escobari*&hl=en-US&gl=US&ceid=US:en  (no just-published item; only older items resurfaced)
2026-09-07T15:12:30.706683+00:00  STALE    https://news.google.com/rss/search?q=*Ritu%20Kalra*&hl=en-US&gl=US&ceid=US:en  (no just-published item; only older items resurfaced)
2026-09-07T15:12:30.706683+00:00  STALE    https://news.google.com/rss/search?q=Paul%20Finnegan&hl=en-US&gl=US&ceid=US:en  (no just-published item; only older items resurfaced)
2026-09-07T15:12:30.706683+00:00  STALE    https://news.google.com/rss/search?q=*Raymond%20McGuire*&hl=en-US&gl=US&ceid=US:en  (no just-published item; only older items resurfaced)
2026-09-07T15:12:30.706683+00:00  STALE    https://news.google.com/rss/search?q=Joshua%20Friedman&hl=en-US&gl=US&ceid=US:en  (no just-published item; only older items resurfaced)
2026-09-07T15:17:37.308244+00:00  CHANGED  https://www.hks.harvard.edu  by=jen.phan  ch=directmessage  via=DM->jen.phan
2026-09-07T15:17:37.308244+00:00  STALE    https://news.google.com/rss/search?q=John%20Shue&hl=en-US&gl=US&ceid=US:en  (no just-published item; only older items resurfaced)
2026-09-07T15:22:40.045010+00:00  STALE    https://news.google.com/rss/search?q=*600%20Atlantic%20Avenue%20Boston*&hl=en-US&gl=US&ceid=US:en  (no just-published item; only older items resurfaced)
2026-09-07T15:22:40.045010+00:00  STALE    https://news.google.com/rss/search?q=Harvard%20investment&hl=en-US&gl=US&ceid=US:en  (no just-published item; only older items resurfaced)
2026-09-07T15:22:40.045010+00:00  STALE    https://news.google.com/rss/search?q=Harvard%20Singapore&hl=en-US&gl=US&ceid=US:en  (no just-published item; only older items resurfaced)
2026-09-07T15:22:40.045010+00:00  STALE    https://news.google.com/rss/search?q=HMC%20San%20Francisco&hl=en-US&gl=US&ceid=US:en  (no just-published item; only older items resurfaced)
2026-09-07T15:22:40.045010+00:00  STALE    https://news.google.com/rss/search?q=marcus%20loveland&hl=en-US&gl=US&ceid=US:en  (no just-published item; only older items resurfaced)
2026-09-07T15:27:43.018902+00:00  CHANGED  https://news.google.com/rss/search?q=harvard&hl=en-US&gl=US&ceid=US:en  by=dhruv.patel  ch=directmessage  via=DM->dhruv.patel
2026-09-07T16:11:08.705651+00:00  BLOCKED  https://dso.college.harvard.edu/office-culture-community/about-harvard-foundation
2026-09-07T16:11:08.705651+00:00  STALE    https://news.google.com/rss/search?q=Harvard%20Management%20Company&hl=en-US&gl=US&ceid=US:en  (no just-published item; only older items resurfaced)
2026-09-07T16:11:08.705651+00:00  CHANGED  https://news.google.com/rss/search?q=Harvard&hl=en-US&gl=US&ceid=US:en  by=megan.blonigen  ch=directmessage  via=DM->megan.blonigen
2026-09-07T16:11:08.705651+00:00  STALE    https://news.google.com/rss/search?q=N.P.%20Narvekar&hl=en-US&gl=US&ceid=US:en  (no just-published item; only older items resurfaced)
2026-09-07T16:11:08.705651+00:00  CHANGED  https://news.google.com/rss/search?q=HMC&hl=en-US&gl=US&ceid=US:en  by=megan.blonigen  ch=directmessage  via=DM->megan.blonigen
2026-09-07T16:11:08.705651+00:00  STALE    https://news.google.com/rss/search?q=Rick%20Slocum&hl=en-US&gl=US&ceid=US:en  (no just-published item; only older items resurfaced)
2026-09-07T16:16:18.465963+00:00  STALE    https://news.google.com/rss/search?q=Tim%20Barakett&hl=en-US&gl=US&ceid=US:en  (no just-published item; only older items resurfaced)
2026-09-07T16:16:18.465963+00:00  STALE    https://news.google.com/rss/search?q=Alan%20Garber&hl=en-US&gl=US&ceid=US:en  (no just-published item; only older items resurfaced)
2026-09-07T16:16:18.465963+00:00  STALE    https://news.google.com/rss/search?q=Tricia%20Glynn&hl=en-US&gl=US&ceid=US:en  (no just-published item; only older items resurfaced)
2026-09-07T16:16:18.465963+00:00  STALE    https://news.google.com/rss/search?q=*Eric%20Doppstadt*&hl=en-US&gl=US&ceid=US:en  (no just-published item; only older items resurfaced)
2026-09-07T16:16:18.465963+00:00  STALE    https://news.google.com/rss/search?q=Paul%20Edgerley&hl=en-US&gl=US&ceid=US:en  (no just-published item; only older items resurfaced)
2026-09-07T16:16:18.465963+00:00  STALE    https://news.google.com/rss/search?q=Patrick%20Healy&hl=en-US&gl=US&ceid=US:en  (no just-published item; only older items resurfaced)
2026-09-07T16:16:18.465963+00:00  STALE    https://news.google.com/rss/search?q=Mary%20Erdoes&hl=en-US&gl=US&ceid=US:en  (no just-published item; only older items resurfaced)
2026-09-07T16:16:18.465963+00:00  STALE    https://news.google.com/rss/search?q=*Robert%20Jain*&hl=en-US&gl=US&ceid=US:en  (no just-published item; only older items resurfaced)
2026-09-07T16:16:18.465963+00:00  STALE    https://news.google.com/rss/search?q=*Mart%C3%ADn%20Escobari*&hl=en-US&gl=US&ceid=US:en  (no just-published item; only older items resurfaced)
2026-09-07T16:16:18.465963+00:00  STALE    https://news.google.com/rss/search?q=*Ritu%20Kalra*&hl=en-US&gl=US&ceid=US:en  (no just-published item; only older items resurfaced)
2026-09-07T16:16:18.465963+00:00  STALE    https://news.google.com/rss/search?q=Paul%20Finnegan&hl=en-US&gl=US&ceid=US:en  (no just-published item; only older items resurfaced)
2026-09-07T16:16:18.465963+00:00  STALE    https://news.google.com/rss/search?q=*Raymond%20McGuire*&hl=en-US&gl=US&ceid=US:en  (no just-published item; only older items resurfaced)
2026-09-07T16:16:18.465963+00:00  STALE    https://news.google.com/rss/search?q=Joshua%20Friedman&hl=en-US&gl=US&ceid=US:en  (no just-published item; only older items resurfaced)
2026-09-07T16:21:22.895520+00:00  STALE    https://news.google.com/rss/search?q=John%20Shue&hl=en-US&gl=US&ceid=US:en  (no just-published item; only older items resurfaced)
2026-09-07T16:26:25.575197+00:00  STALE    https://news.google.com/rss/search?q=*600%20Atlantic%20Avenue%20Boston*&hl=en-US&gl=US&ceid=US:en  (no just-published item; only older items resurfaced)
2026-09-07T16:26:25.575197+00:00  STALE    https://news.google.com/rss/search?q=Harvard%20investment&hl=en-US&gl=US&ceid=US:en  (no just-published item; only older items resurfaced)
2026-09-07T16:26:25.575197+00:00  STALE    https://news.google.com/rss/search?q=Harvard%20Singapore&hl=en-US&gl=US&ceid=US:en  (no just-published item; only older items resurfaced)
2026-09-07T16:26:25.575197+00:00  STALE    https://news.google.com/rss/search?q=HMC%20San%20Francisco&hl=en-US&gl=US&ceid=US:en  (no just-published item; only older items resurfaced)
2026-09-07T16:26:25.575197+00:00  STALE    https://news.google.com/rss/search?q=marcus%20loveland&hl=en-US&gl=US&ceid=US:en  (no just-published item; only older items resurfaced)
2026-09-07T16:30:57.634468+00:00  CHANGED  https://news.google.com/rss/search?q=harvard&hl=en-US&gl=US&ceid=US:en  by=dhruv.patel  ch=directmessage  via=DM->dhruv.patel
2026-09-07T16:41:02.464927+00:00  STALE    https://news.google.com/rss/search?q=Harvard%20Management%20Company&hl=en-US&gl=US&ceid=US:en  (no just-published item; only older items resurfaced)
2026-09-07T16:41:02.464927+00:00  CHANGED  https://news.google.com/rss/search?q=Harvard&hl=en-US&gl=US&ceid=US:en  by=megan.blonigen  ch=directmessage  via=DM->megan.blonigen
2026-09-07T16:41:02.464927+00:00  STALE    https://news.google.com/rss/search?q=N.P.%20Narvekar&hl=en-US&gl=US&ceid=US:en  (no just-published item; only older items resurfaced)
2026-09-07T16:41:02.464927+00:00  CHANGED  https://news.google.com/rss/search?q=HMC&hl=en-US&gl=US&ceid=US:en  by=megan.blonigen  ch=directmessage  via=DM->megan.blonigen
2026-09-07T16:41:02.464927+00:00  STALE    https://news.google.com/rss/search?q=Rick%20Slocum&hl=en-US&gl=US&ceid=US:en  (no just-published item; only older items resurfaced)
2026-09-07T16:46:05.306572+00:00  STALE    https://news.google.com/rss/search?q=Sanjeev%20Daga&hl=en-US&gl=US&ceid=US:en  (no just-published item; only older items resurfaced)
2026-09-07T16:46:05.306572+00:00  STALE    https://news.google.com/rss/search?q=Tim%20Barakett&hl=en-US&gl=US&ceid=US:en  (no just-published item; only older items resurfaced)
2026-09-07T16:46:05.306572+00:00  STALE    https://news.google.com/rss/search?q=Alan%20Garber&hl=en-US&gl=US&ceid=US:en  (no just-published item; only older items resurfaced)
2026-09-07T16:46:05.306572+00:00  STALE    https://news.google.com/rss/search?q=Tricia%20Glynn&hl=en-US&gl=US&ceid=US:en  (no just-published item; only older items resurfaced)
2026-09-07T16:46:05.306572+00:00  STALE    https://news.google.com/rss/search?q=*Eric%20Doppstadt*&hl=en-US&gl=US&ceid=US:en  (no just-published item; only older items resurfaced)
2026-09-07T16:46:05.306572+00:00  STALE    https://news.google.com/rss/search?q=Paul%20Edgerley&hl=en-US&gl=US&ceid=US:en  (no just-published item; only older items resurfaced)
2026-09-07T16:46:05.306572+00:00  STALE    https://news.google.com/rss/search?q=Patrick%20Healy&hl=en-US&gl=US&ceid=US:en  (no just-published item; only older items resurfaced)
2026-09-07T16:46:05.306572+00:00  STALE    https://news.google.com/rss/search?q=Mary%20Erdoes&hl=en-US&gl=US&ceid=US:en  (no just-published item; only older items resurfaced)
2026-09-07T16:46:05.306572+00:00  STALE    https://news.google.com/rss/search?q=*Robert%20Jain*&hl=en-US&gl=US&ceid=US:en  (no just-published item; only older items resurfaced)
2026-09-07T16:46:05.306572+00:00  STALE    https://news.google.com/rss/search?q=*Mart%C3%ADn%20Escobari*&hl=en-US&gl=US&ceid=US:en  (no just-published item; only older items resurfaced)
2026-09-07T16:46:05.306572+00:00  STALE    https://news.google.com/rss/search?q=*Ritu%20Kalra*&hl=en-US&gl=US&ceid=US:en  (no just-published item; only older items resurfaced)
2026-09-07T16:46:05.306572+00:00  STALE    https://news.google.com/rss/search?q=Paul%20Finnegan&hl=en-US&gl=US&ceid=US:en  (no just-published item; only older items resurfaced)
2026-09-07T16:46:05.306572+00:00  STALE    https://news.google.com/rss/search?q=*Raymond%20McGuire*&hl=en-US&gl=US&ceid=US:en  (no just-published item; only older items resurfaced)
2026-09-07T16:46:05.306572+00:00  STALE    https://news.google.com/rss/search?q=Joshua%20Friedman&hl=en-US&gl=US&ceid=US:en  (no just-published item; only older items resurfaced)
2026-09-07T16:51:08.640182+00:00  STALE    https://news.google.com/rss/search?q=John%20Shue&hl=en-US&gl=US&ceid=US:en  (no just-published item; only older items resurfaced)
2026-09-07T16:56:10.808429+00:00  STALE    https://news.google.com/rss/search?q=*600%20Atlantic%20Avenue%20Boston*&hl=en-US&gl=US&ceid=US:en  (no just-published item; only older items resurfaced)
2026-09-07T16:56:10.808429+00:00  STALE    https://news.google.com/rss/search?q=Harvard%20investment&hl=en-US&gl=US&ceid=US:en  (no just-published item; only older items resurfaced)
2026-09-07T16:56:10.808429+00:00  STALE    https://news.google.com/rss/search?q=Harvard%20Singapore&hl=en-US&gl=US&ceid=US:en  (no just-published item; only older items resurfaced)
2026-09-07T16:56:10.808429+00:00  STALE    https://news.google.com/rss/search?q=HMC%20San%20Francisco&hl=en-US&gl=US&ceid=US:en  (no just-published item; only older items resurfaced)
2026-09-07T16:56:10.808429+00:00  STALE    https://news.google.com/rss/search?q=marcus%20loveland&hl=en-US&gl=US&ceid=US:en  (no just-published item; only older items resurfaced)
2026-09-07T17:01:04.124866+00:00  CHANGED  https://news.google.com/rss/search?q=harvard&hl=en-US&gl=US&ceid=US:en  by=dhruv.patel  ch=directmessage  via=DM->dhruv.patel
2026-09-07T17:11:09.199190+00:00  BLOCKED  https://dso.college.harvard.edu/office-culture-community/about-harvard-foundation
2026-09-07T17:11:09.199190+00:00  STALE    https://news.google.com/rss/search?q=Harvard%20Management%20Company&hl=en-US&gl=US&ceid=US:en  (no just-published item; only older items resurfaced)
2026-09-07T17:11:09.199190+00:00  CHANGED  https://news.google.com/rss/search?q=Harvard&hl=en-US&gl=US&ceid=US:en  by=megan.blonigen  ch=directmessage  via=DM->megan.blonigen
2026-09-07T17:11:09.199190+00:00  STALE    https://news.google.com/rss/search?q=N.P.%20Narvekar&hl=en-US&gl=US&ceid=US:en  (no just-published item; only older items resurfaced)
2026-09-07T17:11:09.199190+00:00  STALE    https://news.google.com/rss/search?q=HMC&hl=en-US&gl=US&ceid=US:en  (no just-published item; only older items resurfaced)
2026-09-07T17:11:09.199190+00:00  STALE    https://news.google.com/rss/search?q=Rick%20Slocum&hl=en-US&gl=US&ceid=US:en  (no just-published item; only older items resurfaced)
2026-09-07T17:16:15.361184+00:00  STALE    https://news.google.com/rss/search?q=Sanjeev%20Daga&hl=en-US&gl=US&ceid=US:en  (no just-published item; only older items resurfaced)
2026-09-07T17:16:15.361184+00:00  STALE    https://news.google.com/rss/search?q=Tim%20Barakett&hl=en-US&gl=US&ceid=US:en  (no just-published item; only older items resurfaced)
2026-09-07T17:16:15.361184+00:00  STALE    https://news.google.com/rss/search?q=Alan%20Garber&hl=en-US&gl=US&ceid=US:en  (no just-published item; only older items resurfaced)
2026-09-07T17:16:15.361184+00:00  STALE    https://news.google.com/rss/search?q=Tricia%20Glynn&hl=en-US&gl=US&ceid=US:en  (no just-published item; only older items resurfaced)
2026-09-07T17:16:15.361184+00:00  STALE    https://news.google.com/rss/search?q=*Eric%20Doppstadt*&hl=en-US&gl=US&ceid=US:en  (no just-published item; only older items resurfaced)
2026-09-07T17:16:15.361184+00:00  STALE    https://news.google.com/rss/search?q=Patrick%20Healy&hl=en-US&gl=US&ceid=US:en  (no just-published item; only older items resurfaced)
2026-09-07T17:16:15.361184+00:00  STALE    https://news.google.com/rss/search?q=Mary%20Erdoes&hl=en-US&gl=US&ceid=US:en  (no just-published item; only older items resurfaced)
2026-09-07T17:16:15.361184+00:00  STALE    https://news.google.com/rss/search?q=*Robert%20Jain*&hl=en-US&gl=US&ceid=US:en  (no just-published item; only older items resurfaced)
2026-09-07T17:16:15.361184+00:00  STALE    https://news.google.com/rss/search?q=*Ritu%20Kalra*&hl=en-US&gl=US&ceid=US:en  (no just-published item; only older items resurfaced)
2026-09-07T17:16:15.361184+00:00  STALE    https://news.google.com/rss/search?q=Paul%20Finnegan&hl=en-US&gl=US&ceid=US:en  (no just-published item; only older items resurfaced)
2026-09-07T17:16:15.361184+00:00  STALE    https://news.google.com/rss/search?q=*Raymond%20McGuire*&hl=en-US&gl=US&ceid=US:en  (no just-published item; only older items resurfaced)
2026-09-07T17:16:15.361184+00:00  STALE    https://news.google.com/rss/search?q=Joshua%20Friedman&hl=en-US&gl=US&ceid=US:en  (no just-published item; only older items resurfaced)
2026-09-07T17:21:18.283355+00:00  STALE    https://news.google.com/rss/search?q=John%20Shue&hl=en-US&gl=US&ceid=US:en  (no just-published item; only older items resurfaced)
2026-09-07T17:26:21.133972+00:00  CHANGED  https://thecrimson.com  by=dhruv.patel  ch=directmessage  via=DM->dhruv.patel
2026-09-07T17:26:21.133972+00:00  CHANGED  https://thecrimson.com  by=matteo.diaz  ch=matteo-internal  via=DM->matteo.diaz
2026-09-07T17:26:21.133972+00:00  CHANGED  https://thecrimson.com  by=sebastian.connolly  ch=directmessage  via=DM->sebastian.connolly
2026-09-07T17:26:21.133972+00:00  CHANGED  https://thecrimson.com  by=matteo.diaz  ch=directmessage  via=DM->matteo.diaz
2026-09-07T17:26:21.133972+00:00  STALE    https://news.google.com/rss/search?q=*600%20Atlantic%20Avenue%20Boston*&hl=en-US&gl=US&ceid=US:en  (no just-published item; only older items resurfaced)
2026-09-07T17:26:21.133972+00:00  STALE    https://news.google.com/rss/search?q=Harvard%20investment&hl=en-US&gl=US&ceid=US:en  (no just-published item; only older items resurfaced)
2026-09-07T17:26:21.133972+00:00  STALE    https://news.google.com/rss/search?q=Harvard%20Singapore&hl=en-US&gl=US&ceid=US:en  (no just-published item; only older items resurfaced)
2026-09-07T17:26:21.133972+00:00  STALE    https://news.google.com/rss/search?q=HMC%20San%20Francisco&hl=en-US&gl=US&ceid=US:en  (no just-published item; only older items resurfaced)
2026-09-07T17:26:21.133972+00:00  CHANGED  https://www.thecrimson.com/  by=megan.blonigen  ch=directmessage  via=DM->megan.blonigen
2026-09-07T17:26:21.133972+00:00  STALE    https://news.google.com/rss/search?q=marcus%20loveland&hl=en-US&gl=US&ceid=US:en  (no just-published item; only older items resurfaced)
2026-09-07T17:30:55.847935+00:00  CHANGED  https://thecrimson.com  by=dhruv.patel  ch=directmessage  via=DM->dhruv.patel
2026-09-07T17:30:55.847935+00:00  CHANGED  https://thecrimson.com  by=matteo.diaz  ch=matteo-internal  via=DM->matteo.diaz
2026-09-07T17:30:55.847935+00:00  CHANGED  https://thecrimson.com  by=sebastian.connolly  ch=directmessage  via=DM->sebastian.connolly
2026-09-07T17:30:55.847935+00:00  CHANGED  https://thecrimson.com  by=matteo.diaz  ch=directmessage  via=DM->matteo.diaz
2026-09-07T17:30:55.847935+00:00  CHANGED  https://news.google.com/rss/search?q=harvard&hl=en-US&gl=US&ceid=US:en  by=dhruv.patel  ch=directmessage  via=DM->dhruv.patel
2026-09-07T17:30:55.847935+00:00  CHANGED  https://www.thecrimson.com/  by=megan.blonigen  ch=directmessage  via=DM->megan.blonigen
2026-09-07T17:41:02.754020+00:00  STALE    https://news.google.com/rss/search?q=Harvard%20Management%20Company&hl=en-US&gl=US&ceid=US:en  (no just-published item; only older items resurfaced)
2026-09-07T17:41:02.754020+00:00  CHANGED  https://news.google.com/rss/search?q=Harvard&hl=en-US&gl=US&ceid=US:en  by=megan.blonigen  ch=directmessage  via=DM->megan.blonigen
2026-09-07T17:41:02.754020+00:00  STALE    https://news.google.com/rss/search?q=N.P.%20Narvekar&hl=en-US&gl=US&ceid=US:en  (no just-published item; only older items resurfaced)
2026-09-07T17:41:02.754020+00:00  STALE    https://news.google.com/rss/search?q=HMC&hl=en-US&gl=US&ceid=US:en  (no just-published item; only older items resurfaced)
2026-09-07T17:41:02.754020+00:00  STALE    https://news.google.com/rss/search?q=Rick%20Slocum&hl=en-US&gl=US&ceid=US:en  (no just-published item; only older items resurfaced)
2026-09-07T17:46:05.784881+00:00  STALE    https://news.google.com/rss/search?q=Tim%20Barakett&hl=en-US&gl=US&ceid=US:en  (no just-published item; only older items resurfaced)
2026-09-07T17:46:05.784881+00:00  STALE    https://news.google.com/rss/search?q=Alan%20Garber&hl=en-US&gl=US&ceid=US:en  (no just-published item; only older items resurfaced)
2026-09-07T17:46:05.784881+00:00  STALE    https://news.google.com/rss/search?q=Tricia%20Glynn&hl=en-US&gl=US&ceid=US:en  (no just-published item; only older items resurfaced)
2026-09-07T17:46:05.784881+00:00  STALE    https://news.google.com/rss/search?q=Patrick%20Healy&hl=en-US&gl=US&ceid=US:en  (no just-published item; only older items resurfaced)
2026-09-07T17:46:05.784881+00:00  STALE    https://news.google.com/rss/search?q=Mary%20Erdoes&hl=en-US&gl=US&ceid=US:en  (no just-published item; only older items resurfaced)
2026-09-07T17:46:05.784881+00:00  STALE    https://news.google.com/rss/search?q=*Robert%20Jain*&hl=en-US&gl=US&ceid=US:en  (no just-published item; only older items resurfaced)
2026-09-07T17:46:05.784881+00:00  STALE    https://news.google.com/rss/search?q=*Mart%C3%ADn%20Escobari*&hl=en-US&gl=US&ceid=US:en  (no just-published item; only older items resurfaced)
2026-09-07T17:46:05.784881+00:00  STALE    https://news.google.com/rss/search?q=*Ritu%20Kalra*&hl=en-US&gl=US&ceid=US:en  (no just-published item; only older items resurfaced)
2026-09-07T17:46:05.784881+00:00  STALE    https://news.google.com/rss/search?q=Paul%20Finnegan&hl=en-US&gl=US&ceid=US:en  (no just-published item; only older items resurfaced)
2026-09-07T17:46:05.784881+00:00  STALE    https://news.google.com/rss/search?q=*Raymond%20McGuire*&hl=en-US&gl=US&ceid=US:en  (no just-published item; only older items resurfaced)
2026-09-07T17:46:05.784881+00:00  STALE    https://news.google.com/rss/search?q=Joshua%20Friedman&hl=en-US&gl=US&ceid=US:en  (no just-published item; only older items resurfaced)
2026-09-07T17:51:09.484713+00:00  CHANGED  https://thecrimson.com  by=dhruv.patel  ch=directmessage  via=DM->dhruv.patel
2026-09-07T17:51:09.484713+00:00  CHANGED  https://thecrimson.com  by=matteo.diaz  ch=matteo-internal  via=DM->matteo.diaz
2026-09-07T17:51:09.484713+00:00  CHANGED  https://thecrimson.com  by=sebastian.connolly  ch=directmessage  via=DM->sebastian.connolly
2026-09-07T17:51:09.484713+00:00  CHANGED  https://thecrimson.com  by=matteo.diaz  ch=directmessage  via=DM->matteo.diaz
2026-09-07T17:51:09.484713+00:00  CHANGED  https://www.thecrimson.com/  by=megan.blonigen  ch=directmessage  via=DM->megan.blonigen
2026-09-07T17:51:09.484713+00:00  STALE    https://news.google.com/rss/search?q=John%20Shue&hl=en-US&gl=US&ceid=US:en  (no just-published item; only older items resurfaced)
2026-09-07T17:56:13.489794+00:00  STALE    https://news.google.com/rss/search?q=*600%20Atlantic%20Avenue%20Boston*&hl=en-US&gl=US&ceid=US:en  (no just-published item; only older items resurfaced)
2026-09-07T17:56:13.489794+00:00  STALE    https://news.google.com/rss/search?q=Harvard%20investment&hl=en-US&gl=US&ceid=US:en  (no just-published item; only older items resurfaced)
2026-09-07T17:56:13.489794+00:00  STALE    https://news.google.com/rss/search?q=Harvard%20Singapore&hl=en-US&gl=US&ceid=US:en  (no just-published item; only older items resurfaced)
2026-09-07T17:56:13.489794+00:00  STALE    https://news.google.com/rss/search?q=HMC%20San%20Francisco&hl=en-US&gl=US&ceid=US:en  (no just-published item; only older items resurfaced)
2026-09-07T17:56:13.489794+00:00  STALE    https://news.google.com/rss/search?q=marcus%20loveland&hl=en-US&gl=US&ceid=US:en  (no just-published item; only older items resurfaced)
2026-09-07T18:01:00.328078+00:00  CHANGED  https://thecrimson.com  by=dhruv.patel  ch=directmessage  via=DM->dhruv.patel
2026-09-07T18:01:00.328078+00:00  CHANGED  https://thecrimson.com  by=matteo.diaz  ch=matteo-internal  via=DM->matteo.diaz
2026-09-07T18:01:00.328078+00:00  CHANGED  https://thecrimson.com  by=sebastian.connolly  ch=directmessage  via=DM->sebastian.connolly
2026-09-07T18:01:00.328078+00:00  CHANGED  https://thecrimson.com  by=matteo.diaz  ch=directmessage  via=DM->matteo.diaz
2026-09-07T18:01:00.328078+00:00  CHANGED  https://news.google.com/rss/search?q=harvard&hl=en-US&gl=US&ceid=US:en  by=dhruv.patel  ch=directmessage  via=DM->dhruv.patel
2026-09-07T18:01:00.328078+00:00  CHANGED  https://www.thecrimson.com/  by=megan.blonigen  ch=directmessage  via=DM->megan.blonigen
2026-09-07T18:11:05.163626+00:00  BLOCKED  https://dso.college.harvard.edu/office-culture-community/about-harvard-foundation
2026-09-07T18:11:05.163626+00:00  CHANGED  https://news.google.com/rss/search?q=Harvard%20Management%20Company&hl=en-US&gl=US&ceid=US:en  by=megan.blonigen  ch=directmessage  via=DM->megan.blonigen
2026-09-07T18:11:05.163626+00:00  CHANGED  https://news.google.com/rss/search?q=Harvard&hl=en-US&gl=US&ceid=US:en  by=megan.blonigen  ch=directmessage  via=DM->megan.blonigen
2026-09-07T18:11:05.163626+00:00  STALE    https://news.google.com/rss/search?q=N.P.%20Narvekar&hl=en-US&gl=US&ceid=US:en  (no just-published item; only older items resurfaced)
2026-09-07T18:11:05.163626+00:00  CHANGED  https://news.google.com/rss/search?q=HMC&hl=en-US&gl=US&ceid=US:en  by=megan.blonigen  ch=directmessage  via=DM->megan.blonigen
2026-09-07T18:11:05.163626+00:00  STALE    https://news.google.com/rss/search?q=Rick%20Slocum&hl=en-US&gl=US&ceid=US:en  (no just-published item; only older items resurfaced)
2026-09-07T18:16:10.072328+00:00  CHANGED  https://www.hks.harvard.edu  by=jen.phan  ch=directmessage  via=DM->jen.phan
2026-09-07T18:16:10.072328+00:00  STALE    https://news.google.com/rss/search?q=Sanjeev%20Daga&hl=en-US&gl=US&ceid=US:en  (no just-published item; only older items resurfaced)
2026-09-07T18:16:10.072328+00:00  STALE    https://news.google.com/rss/search?q=Tim%20Barakett&hl=en-US&gl=US&ceid=US:en  (no just-published item; only older items resurfaced)
2026-09-07T18:16:10.072328+00:00  STALE    https://news.google.com/rss/search?q=Alan%20Garber&hl=en-US&gl=US&ceid=US:en  (no just-published item; only older items resurfaced)
2026-09-07T18:16:10.072328+00:00  STALE    https://news.google.com/rss/search?q=Tricia%20Glynn&hl=en-US&gl=US&ceid=US:en  (no just-published item; only older items resurfaced)
2026-09-07T18:16:10.072328+00:00  STALE    https://news.google.com/rss/search?q=*Eric%20Doppstadt*&hl=en-US&gl=US&ceid=US:en  (no just-published item; only older items resurfaced)
2026-09-07T18:16:10.072328+00:00  STALE    https://news.google.com/rss/search?q=Paul%20Edgerley&hl=en-US&gl=US&ceid=US:en  (no just-published item; only older items resurfaced)
2026-09-07T18:16:10.072328+00:00  STALE    https://news.google.com/rss/search?q=Patrick%20Healy&hl=en-US&gl=US&ceid=US:en  (no just-published item; only older items resurfaced)
2026-09-07T18:16:10.072328+00:00  STALE    https://news.google.com/rss/search?q=Mary%20Erdoes&hl=en-US&gl=US&ceid=US:en  (no just-published item; only older items resurfaced)
2026-09-07T18:16:10.072328+00:00  STALE    https://news.google.com/rss/search?q=*Robert%20Jain*&hl=en-US&gl=US&ceid=US:en  (no just-published item; only older items resurfaced)
2026-09-07T18:16:10.072328+00:00  STALE    https://news.google.com/rss/search?q=*Mart%C3%ADn%20Escobari*&hl=en-US&gl=US&ceid=US:en  (no just-published item; only older items resurfaced)
2026-09-07T18:16:10.072328+00:00  STALE    https://news.google.com/rss/search?q=*Ritu%20Kalra*&hl=en-US&gl=US&ceid=US:en  (no just-published item; only older items resurfaced)
2026-09-07T18:16:10.072328+00:00  STALE    https://news.google.com/rss/search?q=Paul%20Finnegan&hl=en-US&gl=US&ceid=US:en  (no just-published item; only older items resurfaced)
2026-09-07T18:16:10.072328+00:00  STALE    https://news.google.com/rss/search?q=*Raymond%20McGuire*&hl=en-US&gl=US&ceid=US:en  (no just-published item; only older items resurfaced)
2026-09-07T18:16:10.072328+00:00  STALE    https://news.google.com/rss/search?q=Joshua%20Friedman&hl=en-US&gl=US&ceid=US:en  (no just-published item; only older items resurfaced)
2026-09-07T18:21:13.509962+00:00  STALE    https://news.google.com/rss/search?q=John%20Shue&hl=en-US&gl=US&ceid=US:en  (no just-published item; only older items resurfaced)
2026-09-07T18:26:15.167932+00:00  CHANGED  https://news.google.com/rss/search?q=*600%20Atlantic%20Avenue%20Boston*&hl=en-US&gl=US&ceid=US:en  by=megan.blonigen  ch=directmessage  via=DM->megan.blonigen
2026-09-07T18:26:15.167932+00:00  CHANGED  https://news.google.com/rss/search?q=Harvard%20investment&hl=en-US&gl=US&ceid=US:en  by=megan.blonigen  ch=directmessage  via=DM->megan.blonigen
2026-09-07T18:26:15.167932+00:00  STALE    https://news.google.com/rss/search?q=Harvard%20Singapore&hl=en-US&gl=US&ceid=US:en  (no just-published item; only older items resurfaced)
2026-09-07T18:26:15.167932+00:00  STALE    https://news.google.com/rss/search?q=HMC%20San%20Francisco&hl=en-US&gl=US&ceid=US:en  (no just-published item; only older items resurfaced)
2026-09-07T18:26:15.167932+00:00  STALE    https://news.google.com/rss/search?q=marcus%20loveland&hl=en-US&gl=US&ceid=US:en  (no just-published item; only older items resurfaced)
2026-09-07T18:29:33.259371+00:00  CHANGED  https://news.google.com/rss/search?q=harvard&hl=en-US&gl=US&ceid=US:en  by=dhruv.patel  ch=directmessage  via=DM->dhruv.patel
2026-09-07T18:39:36.810483+00:00  CHANGED  https://news.google.com/rss/search?q=Harvard%20Management%20Company&hl=en-US&gl=US&ceid=US:en  by=megan.blonigen  ch=directmessage  via=DM->megan.blonigen
2026-09-07T18:39:36.810483+00:00  CHANGED  https://news.google.com/rss/search?q=Harvard&hl=en-US&gl=US&ceid=US:en  by=megan.blonigen  ch=directmessage  via=DM->megan.blonigen
2026-09-07T18:39:36.810483+00:00  STALE    https://news.google.com/rss/search?q=N.P.%20Narvekar&hl=en-US&gl=US&ceid=US:en  (no just-published item; only older items resurfaced)
2026-09-07T18:39:36.810483+00:00  CHANGED  https://news.google.com/rss/search?q=HMC&hl=en-US&gl=US&ceid=US:en  by=megan.blonigen  ch=directmessage  via=DM->megan.blonigen
2026-09-07T18:39:36.810483+00:00  STALE    https://news.google.com/rss/search?q=Rick%20Slocum&hl=en-US&gl=US&ceid=US:en  (no just-published item; only older items resurfaced)
2026-09-07T18:44:40.278155+00:00  STALE    https://news.google.com/rss/search?q=Sanjeev%20Daga&hl=en-US&gl=US&ceid=US:en  (no just-published item; only older items resurfaced)
2026-09-07T18:44:40.278155+00:00  STALE    https://news.google.com/rss/search?q=Tim%20Barakett&hl=en-US&gl=US&ceid=US:en  (no just-published item; only older items resurfaced)
2026-09-07T18:44:40.278155+00:00  STALE    https://news.google.com/rss/search?q=Alan%20Garber&hl=en-US&gl=US&ceid=US:en  (no just-published item; only older items resurfaced)
2026-09-07T18:44:40.278155+00:00  STALE    https://news.google.com/rss/search?q=Tricia%20Glynn&hl=en-US&gl=US&ceid=US:en  (no just-published item; only older items resurfaced)
2026-09-07T18:44:40.278155+00:00  STALE    https://news.google.com/rss/search?q=*Eric%20Doppstadt*&hl=en-US&gl=US&ceid=US:en  (no just-published item; only older items resurfaced)
2026-09-07T18:44:40.278155+00:00  STALE    https://news.google.com/rss/search?q=Paul%20Edgerley&hl=en-US&gl=US&ceid=US:en  (no just-published item; only older items resurfaced)
2026-09-07T18:44:40.278155+00:00  STALE    https://news.google.com/rss/search?q=Patrick%20Healy&hl=en-US&gl=US&ceid=US:en  (no just-published item; only older items resurfaced)
2026-09-07T18:44:40.278155+00:00  STALE    https://news.google.com/rss/search?q=Mary%20Erdoes&hl=en-US&gl=US&ceid=US:en  (no just-published item; only older items resurfaced)
2026-09-07T18:44:40.278155+00:00  STALE    https://news.google.com/rss/search?q=*Robert%20Jain*&hl=en-US&gl=US&ceid=US:en  (no just-published item; only older items resurfaced)
2026-09-07T18:44:40.278155+00:00  STALE    https://news.google.com/rss/search?q=*Mart%C3%ADn%20Escobari*&hl=en-US&gl=US&ceid=US:en  (no just-published item; only older items resurfaced)
2026-09-07T18:44:40.278155+00:00  STALE    https://news.google.com/rss/search?q=*Ritu%20Kalra*&hl=en-US&gl=US&ceid=US:en  (no just-published item; only older items resurfaced)
2026-09-07T18:44:40.278155+00:00  STALE    https://news.google.com/rss/search?q=Paul%20Finnegan&hl=en-US&gl=US&ceid=US:en  (no just-published item; only older items resurfaced)
2026-09-07T18:44:40.278155+00:00  STALE    https://news.google.com/rss/search?q=*Raymond%20McGuire*&hl=en-US&gl=US&ceid=US:en  (no just-published item; only older items resurfaced)
2026-09-07T18:44:40.278155+00:00  STALE    https://news.google.com/rss/search?q=Joshua%20Friedman&hl=en-US&gl=US&ceid=US:en  (no just-published item; only older items resurfaced)
2026-09-07T18:54:45.586638+00:00  CHANGED  https://news.google.com/rss/search?q=*600%20Atlantic%20Avenue%20Boston*&hl=en-US&gl=US&ceid=US:en  by=megan.blonigen  ch=directmessage  via=DM->megan.blonigen
2026-09-07T18:54:45.586638+00:00  CHANGED  https://news.google.com/rss/search?q=Harvard%20investment&hl=en-US&gl=US&ceid=US:en  by=megan.blonigen  ch=directmessage  via=DM->megan.blonigen
2026-09-07T18:54:45.586638+00:00  STALE    https://news.google.com/rss/search?q=Harvard%20Singapore&hl=en-US&gl=US&ceid=US:en  (no just-published item; only older items resurfaced)
2026-09-07T18:54:45.586638+00:00  STALE    https://news.google.com/rss/search?q=HMC%20San%20Francisco&hl=en-US&gl=US&ceid=US:en  (no just-published item; only older items resurfaced)
2026-09-07T18:54:45.586638+00:00  STALE    https://news.google.com/rss/search?q=John%20Shue&hl=en-US&gl=US&ceid=US:en  (no just-published item; only older items resurfaced)
2026-09-07T18:54:45.586638+00:00  STALE    https://news.google.com/rss/search?q=marcus%20loveland&hl=en-US&gl=US&ceid=US:en  (no just-published item; only older items resurfaced)
2026-09-07T19:26:08.766677+00:00  CHANGED  https://news.google.com/rss/search?q=*600%20Atlantic%20Avenue%20Boston*&hl=en-US&gl=US&ceid=US:en  by=megan.blonigen  ch=directmessage  via=DM->megan.blonigen
2026-09-07T19:26:08.766677+00:00  STALE    https://news.google.com/rss/search?q=Harvard%20investment&hl=en-US&gl=US&ceid=US:en  (no just-published item; only older items resurfaced)
2026-09-07T19:26:08.766677+00:00  STALE    https://news.google.com/rss/search?q=Harvard%20Singapore&hl=en-US&gl=US&ceid=US:en  (no just-published item; only older items resurfaced)
2026-09-07T19:26:08.766677+00:00  CHANGED  https://news.google.com/rss/search?q=HMC%20San%20Francisco&hl=en-US&gl=US&ceid=US:en  by=megan.blonigen  ch=directmessage  via=DM->megan.blonigen
2026-09-07T19:26:08.766677+00:00  STALE    https://news.google.com/rss/search?q=John%20Shue&hl=en-US&gl=US&ceid=US:en  (no just-published item; only older items resurfaced)
2026-09-07T19:26:08.766677+00:00  CHANGED  https://news.google.com/rss/search?q=marcus%20loveland&hl=en-US&gl=US&ceid=US:en  by=megan.blonigen  ch=directmessage  via=DM->megan.blonigen
2026-09-07T19:33:53.499086+00:00  STALE    https://news.google.com/rss/search?q=harvard&hl=en-US&gl=US&ceid=US:en  (no just-published item; only older items resurfaced)
2026-09-07T19:39:29.154330+00:00  STALE    https://news.google.com/rss/search?q=Harvard%20Management%20Company&hl=en-US&gl=US&ceid=US:en  (no just-published item; only older items resurfaced)
2026-09-07T19:39:29.154330+00:00  STALE    https://news.google.com/rss/search?q=Harvard&hl=en-US&gl=US&ceid=US:en  (no just-published item; only older items resurfaced)
2026-09-07T19:39:29.154330+00:00  STALE    https://news.google.com/rss/search?q=N.P.%20Narvekar&hl=en-US&gl=US&ceid=US:en  (no just-published item; only older items resurfaced)
2026-09-07T19:39:29.154330+00:00  STALE    https://news.google.com/rss/search?q=HMC&hl=en-US&gl=US&ceid=US:en  (no just-published item; only older items resurfaced)
2026-09-07T19:39:29.154330+00:00  STALE    https://news.google.com/rss/search?q=Rick%20Slocum&hl=en-US&gl=US&ceid=US:en  (no just-published item; only older items resurfaced)
2026-09-07T19:46:44.457832+00:00  CHANGED  https://news.google.com/rss/search?q=Sanjeev%20Daga&hl=en-US&gl=US&ceid=US:en  by=megan.blonigen  ch=directmessage  via=DM->megan.blonigen
2026-09-07T19:46:44.457832+00:00  CHANGED  https://news.google.com/rss/search?q=Tim%20Barakett&hl=en-US&gl=US&ceid=US:en  by=megan.blonigen  ch=directmessage  via=DM->megan.blonigen
2026-09-07T19:46:44.457832+00:00  STALE    https://news.google.com/rss/search?q=Alan%20Garber&hl=en-US&gl=US&ceid=US:en  (no just-published item; only older items resurfaced)
2026-09-07T19:46:44.457832+00:00  STALE    https://news.google.com/rss/search?q=Tricia%20Glynn&hl=en-US&gl=US&ceid=US:en  (no just-published item; only older items resurfaced)
2026-09-07T19:46:44.457832+00:00  ERROR    https://news.google.com/rss/search?q=*Eric%20Doppstadt*&hl=en-US&gl=US&ceid=US:en  HTTP Error 503: Service Unavailable
2026-09-07T19:46:44.457832+00:00  STALE    https://news.google.com/rss/search?q=Paul%20Edgerley&hl=en-US&gl=US&ceid=US:en  (no just-published item; only older items resurfaced)
2026-09-07T19:46:44.457832+00:00  ERROR    https://news.google.com/rss/search?q=Patrick%20Healy&hl=en-US&gl=US&ceid=US:en  HTTP Error 503: Service Unavailable
2026-09-07T19:46:44.457832+00:00  STALE    https://news.google.com/rss/search?q=Mary%20Erdoes&hl=en-US&gl=US&ceid=US:en  (no just-published item; only older items resurfaced)
2026-09-07T19:46:44.457832+00:00  STALE    https://news.google.com/rss/search?q=*Robert%20Jain*&hl=en-US&gl=US&ceid=US:en  (no just-published item; only older items resurfaced)
2026-09-07T20:22:19.653074+00:00  STALE    https://news.google.com/rss/search?q=Sanjeev%20Daga&hl=en-US&gl=US&ceid=US:en  (no just-published item; only older items resurfaced)
2026-09-07T20:22:19.653074+00:00  STALE    https://news.google.com/rss/search?q=Tim%20Barakett&hl=en-US&gl=US&ceid=US:en  (no just-published item; only older items resurfaced)
2026-09-07T20:22:19.653074+00:00  STALE    https://news.google.com/rss/search?q=Alan%20Garber&hl=en-US&gl=US&ceid=US:en  (no just-published item; only older items resurfaced)
2026-09-07T20:22:19.653074+00:00  STALE    https://news.google.com/rss/search?q=Tricia%20Glynn&hl=en-US&gl=US&ceid=US:en  (no just-published item; only older items resurfaced)
2026-09-07T20:22:19.653074+00:00  STALE    https://news.google.com/rss/search?q=Paul%20Edgerley&hl=en-US&gl=US&ceid=US:en  (no just-published item; only older items resurfaced)
2026-09-07T20:22:19.653074+00:00  STALE    https://news.google.com/rss/search?q=Patrick%20Healy&hl=en-US&gl=US&ceid=US:en  (no just-published item; only older items resurfaced)
2026-09-07T20:22:19.653074+00:00  STALE    https://news.google.com/rss/search?q=Mary%20Erdoes&hl=en-US&gl=US&ceid=US:en  (no just-published item; only older items resurfaced)
2026-09-07T20:22:19.653074+00:00  STALE    https://news.google.com/rss/search?q=*Robert%20Jain*&hl=en-US&gl=US&ceid=US:en  (no just-published item; only older items resurfaced)
2026-09-07T20:22:19.653074+00:00  STALE    https://news.google.com/rss/search?q=*Mart%C3%ADn%20Escobari*&hl=en-US&gl=US&ceid=US:en  (no just-published item; only older items resurfaced)
2026-09-07T20:22:19.653074+00:00  STALE    https://news.google.com/rss/search?q=*Ritu%20Kalra*&hl=en-US&gl=US&ceid=US:en  (no just-published item; only older items resurfaced)
2026-09-07T20:22:19.653074+00:00  STALE    https://news.google.com/rss/search?q=Paul%20Finnegan&hl=en-US&gl=US&ceid=US:en  (no just-published item; only older items resurfaced)
2026-09-07T20:22:19.653074+00:00  STALE    https://news.google.com/rss/search?q=*Raymond%20McGuire*&hl=en-US&gl=US&ceid=US:en  (no just-published item; only older items resurfaced)
2026-09-07T20:22:19.653074+00:00  STALE    https://news.google.com/rss/search?q=Joshua%20Friedman&hl=en-US&gl=US&ceid=US:en  (no just-published item; only older items resurfaced)
2026-09-07T20:27:22.190207+00:00  STALE    https://news.google.com/rss/search?q=*600%20Atlantic%20Avenue%20Boston*&hl=en-US&gl=US&ceid=US:en  (no just-published item; only older items resurfaced)
2026-09-07T20:27:22.190207+00:00  STALE    https://news.google.com/rss/search?q=Harvard%20investment&hl=en-US&gl=US&ceid=US:en  (no just-published item; only older items resurfaced)
2026-09-07T20:27:22.190207+00:00  STALE    https://news.google.com/rss/search?q=Harvard%20Singapore&hl=en-US&gl=US&ceid=US:en  (no just-published item; only older items resurfaced)
2026-09-07T20:27:22.190207+00:00  STALE    https://news.google.com/rss/search?q=HMC%20San%20Francisco&hl=en-US&gl=US&ceid=US:en  (no just-published item; only older items resurfaced)
2026-09-07T20:27:22.190207+00:00  STALE    https://news.google.com/rss/search?q=John%20Shue&hl=en-US&gl=US&ceid=US:en  (no just-published item; only older items resurfaced)
2026-09-07T20:27:22.190207+00:00  STALE    https://news.google.com/rss/search?q=marcus%20loveland&hl=en-US&gl=US&ceid=US:en  (no just-published item; only older items resurfaced)
2026-09-07T20:37:29.163665+00:00  CHANGED  https://news.google.com/rss/search?q=harvard&hl=en-US&gl=US&ceid=US:en  by=dhruv.patel  ch=directmessage  via=DM->dhruv.patel
2026-09-07T20:42:31.308310+00:00  STALE    https://news.google.com/rss/search?q=Harvard%20Management%20Company&hl=en-US&gl=US&ceid=US:en  (no just-published item; only older items resurfaced)
2026-09-07T20:42:31.308310+00:00  CHANGED  https://news.google.com/rss/search?q=Harvard&hl=en-US&gl=US&ceid=US:en  by=megan.blonigen  ch=directmessage  via=DM->megan.blonigen
2026-09-07T20:42:31.308310+00:00  STALE    https://news.google.com/rss/search?q=N.P.%20Narvekar&hl=en-US&gl=US&ceid=US:en  (no just-published item; only older items resurfaced)
2026-09-07T20:42:31.308310+00:00  STALE    https://news.google.com/rss/search?q=HMC&hl=en-US&gl=US&ceid=US:en  (no just-published item; only older items resurfaced)
2026-09-07T20:42:31.308310+00:00  STALE    https://news.google.com/rss/search?q=Rick%20Slocum&hl=en-US&gl=US&ceid=US:en  (no just-published item; only older items resurfaced)
2026-09-07T21:13:58.090539+00:00  BLOCKED  https://dso.college.harvard.edu/office-culture-community/about-harvard-foundation
2026-09-07T21:13:58.090539+00:00  CHANGED  https://news.google.com/rss/search?q=Harvard%20Management%20Company&hl=en-US&gl=US&ceid=US:en  by=megan.blonigen  ch=directmessage  via=DM->megan.blonigen
2026-09-07T21:13:58.090539+00:00  CHANGED  https://news.google.com/rss/search?q=Harvard&hl=en-US&gl=US&ceid=US:en  by=megan.blonigen  ch=directmessage  via=DM->megan.blonigen
2026-09-07T21:13:58.090539+00:00  STALE    https://news.google.com/rss/search?q=N.P.%20Narvekar&hl=en-US&gl=US&ceid=US:en  (no just-published item; only older items resurfaced)
2026-09-07T21:13:58.090539+00:00  CHANGED  https://news.google.com/rss/search?q=HMC&hl=en-US&gl=US&ceid=US:en  by=megan.blonigen  ch=directmessage  via=DM->megan.blonigen
2026-09-07T21:13:58.090539+00:00  STALE    https://news.google.com/rss/search?q=Rick%20Slocum&hl=en-US&gl=US&ceid=US:en  (no just-published item; only older items resurfaced)
2026-09-07T21:19:03.384815+00:00  CHANGED  https://www.hks.harvard.edu  by=jen.phan  ch=directmessage  via=DM->jen.phan
2026-09-07T21:24:05.626508+00:00  STALE    https://news.google.com/rss/search?q=Sanjeev%20Daga&hl=en-US&gl=US&ceid=US:en  (no just-published item; only older items resurfaced)
2026-09-07T21:24:05.626508+00:00  STALE    https://news.google.com/rss/search?q=Tim%20Barakett&hl=en-US&gl=US&ceid=US:en  (no just-published item; only older items resurfaced)
2026-09-07T21:24:05.626508+00:00  STALE    https://news.google.com/rss/search?q=Alan%20Garber&hl=en-US&gl=US&ceid=US:en  (no just-published item; only older items resurfaced)
2026-09-07T21:24:05.626508+00:00  STALE    https://news.google.com/rss/search?q=Tricia%20Glynn&hl=en-US&gl=US&ceid=US:en  (no just-published item; only older items resurfaced)
2026-09-07T21:24:05.626508+00:00  STALE    https://news.google.com/rss/search?q=*Eric%20Doppstadt*&hl=en-US&gl=US&ceid=US:en  (no just-published item; only older items resurfaced)
2026-09-07T21:24:05.626508+00:00  STALE    https://news.google.com/rss/search?q=Paul%20Edgerley&hl=en-US&gl=US&ceid=US:en  (no just-published item; only older items resurfaced)
2026-09-07T21:24:05.626508+00:00  STALE    https://news.google.com/rss/search?q=Patrick%20Healy&hl=en-US&gl=US&ceid=US:en  (no just-published item; only older items resurfaced)
2026-09-07T21:24:05.626508+00:00  STALE    https://news.google.com/rss/search?q=Mary%20Erdoes&hl=en-US&gl=US&ceid=US:en  (no just-published item; only older items resurfaced)
2026-09-07T21:24:05.626508+00:00  STALE    https://news.google.com/rss/search?q=*Robert%20Jain*&hl=en-US&gl=US&ceid=US:en  (no just-published item; only older items resurfaced)
2026-09-07T21:24:05.626508+00:00  STALE    https://news.google.com/rss/search?q=*Mart%C3%ADn%20Escobari*&hl=en-US&gl=US&ceid=US:en  (no just-published item; only older items resurfaced)
2026-09-07T21:24:05.626508+00:00  STALE    https://news.google.com/rss/search?q=*Ritu%20Kalra*&hl=en-US&gl=US&ceid=US:en  (no just-published item; only older items resurfaced)
2026-09-07T21:24:05.626508+00:00  STALE    https://news.google.com/rss/search?q=Paul%20Finnegan&hl=en-US&gl=US&ceid=US:en  (no just-published item; only older items resurfaced)
2026-09-07T21:24:05.626508+00:00  STALE    https://news.google.com/rss/search?q=*Raymond%20McGuire*&hl=en-US&gl=US&ceid=US:en  (no just-published item; only older items resurfaced)
2026-09-07T21:24:05.626508+00:00  STALE    https://news.google.com/rss/search?q=Joshua%20Friedman&hl=en-US&gl=US&ceid=US:en  (no just-published item; only older items resurfaced)
2026-09-07T21:29:07.758823+00:00  CHANGED  https://news.google.com/rss/search?q=*600%20Atlantic%20Avenue%20Boston*&hl=en-US&gl=US&ceid=US:en  by=megan.blonigen  ch=directmessage  via=DM->megan.blonigen
2026-09-07T21:29:07.758823+00:00  STALE    https://news.google.com/rss/search?q=Harvard%20investment&hl=en-US&gl=US&ceid=US:en  (no just-published item; only older items resurfaced)
2026-09-07T21:29:07.758823+00:00  STALE    https://news.google.com/rss/search?q=Harvard%20Singapore&hl=en-US&gl=US&ceid=US:en  (no just-published item; only older items resurfaced)
2026-09-07T21:29:07.758823+00:00  STALE    https://news.google.com/rss/search?q=HMC%20San%20Francisco&hl=en-US&gl=US&ceid=US:en  (no just-published item; only older items resurfaced)
2026-09-07T21:29:07.758823+00:00  STALE    https://news.google.com/rss/search?q=John%20Shue&hl=en-US&gl=US&ceid=US:en  (no just-published item; only older items resurfaced)
2026-09-07T21:29:07.758823+00:00  STALE    https://news.google.com/rss/search?q=marcus%20loveland&hl=en-US&gl=US&ceid=US:en  (no just-published item; only older items resurfaced)
2026-09-07T22:11:01.070633+00:00  CHANGED  https://news.google.com/rss/search?q=harvard&hl=en-US&gl=US&ceid=US:en  by=dhruv.patel  ch=directmessage  via=DM->dhruv.patel
2026-09-07T22:16:04.030756+00:00  BLOCKED  https://dso.college.harvard.edu/office-culture-community/about-harvard-foundation
2026-09-07T22:16:04.030756+00:00  STALE    https://news.google.com/rss/search?q=Harvard%20Management%20Company&hl=en-US&gl=US&ceid=US:en  (no just-published item; only older items resurfaced)
2026-09-07T22:16:04.030756+00:00  CHANGED  https://news.google.com/rss/search?q=Harvard&hl=en-US&gl=US&ceid=US:en  by=megan.blonigen  ch=directmessage  via=DM->megan.blonigen
2026-09-07T22:16:04.030756+00:00  STALE    https://news.google.com/rss/search?q=N.P.%20Narvekar&hl=en-US&gl=US&ceid=US:en  (no just-published item; only older items resurfaced)
2026-09-07T22:16:04.030756+00:00  STALE    https://news.google.com/rss/search?q=HMC&hl=en-US&gl=US&ceid=US:en  (no just-published item; only older items resurfaced)
2026-09-07T22:16:04.030756+00:00  STALE    https://news.google.com/rss/search?q=Rick%20Slocum&hl=en-US&gl=US&ceid=US:en  (no just-published item; only older items resurfaced)
2026-09-07T22:26:11.187971+00:00  STALE    https://news.google.com/rss/search?q=Sanjeev%20Daga&hl=en-US&gl=US&ceid=US:en  (no just-published item; only older items resurfaced)
2026-09-07T22:26:11.187971+00:00  STALE    https://news.google.com/rss/search?q=Tim%20Barakett&hl=en-US&gl=US&ceid=US:en  (no just-published item; only older items resurfaced)
2026-09-07T22:26:11.187971+00:00  STALE    https://news.google.com/rss/search?q=Alan%20Garber&hl=en-US&gl=US&ceid=US:en  (no just-published item; only older items resurfaced)
2026-09-07T22:26:11.187971+00:00  STALE    https://news.google.com/rss/search?q=Tricia%20Glynn&hl=en-US&gl=US&ceid=US:en  (no just-published item; only older items resurfaced)
2026-09-07T22:26:11.187971+00:00  STALE    https://news.google.com/rss/search?q=*Eric%20Doppstadt*&hl=en-US&gl=US&ceid=US:en  (no just-published item; only older items resurfaced)
2026-09-07T22:26:11.187971+00:00  STALE    https://news.google.com/rss/search?q=Paul%20Edgerley&hl=en-US&gl=US&ceid=US:en  (no just-published item; only older items resurfaced)
2026-09-07T22:26:11.187971+00:00  STALE    https://news.google.com/rss/search?q=Patrick%20Healy&hl=en-US&gl=US&ceid=US:en  (no just-published item; only older items resurfaced)
2026-09-07T22:26:11.187971+00:00  STALE    https://news.google.com/rss/search?q=Mary%20Erdoes&hl=en-US&gl=US&ceid=US:en  (no just-published item; only older items resurfaced)
2026-09-07T22:26:11.187971+00:00  STALE    https://news.google.com/rss/search?q=*Robert%20Jain*&hl=en-US&gl=US&ceid=US:en  (no just-published item; only older items resurfaced)
2026-09-07T22:26:11.187971+00:00  STALE    https://news.google.com/rss/search?q=*Mart%C3%ADn%20Escobari*&hl=en-US&gl=US&ceid=US:en  (no just-published item; only older items resurfaced)
2026-09-07T22:26:11.187971+00:00  STALE    https://news.google.com/rss/search?q=*Ritu%20Kalra*&hl=en-US&gl=US&ceid=US:en  (no just-published item; only older items resurfaced)
2026-09-07T22:26:11.187971+00:00  STALE    https://news.google.com/rss/search?q=Paul%20Finnegan&hl=en-US&gl=US&ceid=US:en  (no just-published item; only older items resurfaced)
2026-09-07T22:26:11.187971+00:00  STALE    https://news.google.com/rss/search?q=*Raymond%20McGuire*&hl=en-US&gl=US&ceid=US:en  (no just-published item; only older items resurfaced)
2026-09-07T22:26:11.187971+00:00  STALE    https://news.google.com/rss/search?q=Joshua%20Friedman&hl=en-US&gl=US&ceid=US:en  (no just-published item; only older items resurfaced)
2026-09-07T22:31:03.234667+00:00  STALE    https://news.google.com/rss/search?q=*600%20Atlantic%20Avenue%20Boston*&hl=en-US&gl=US&ceid=US:en  (no just-published item; only older items resurfaced)
2026-09-07T22:31:03.234667+00:00  STALE    https://news.google.com/rss/search?q=Harvard%20investment&hl=en-US&gl=US&ceid=US:en  (no just-published item; only older items resurfaced)
2026-09-07T22:31:03.234667+00:00  STALE    https://news.google.com/rss/search?q=Harvard%20Singapore&hl=en-US&gl=US&ceid=US:en  (no just-published item; only older items resurfaced)
2026-09-07T22:31:03.234667+00:00  STALE    https://news.google.com/rss/search?q=HMC%20San%20Francisco&hl=en-US&gl=US&ceid=US:en  (no just-published item; only older items resurfaced)
2026-09-07T22:31:03.234667+00:00  STALE    https://news.google.com/rss/search?q=John%20Shue&hl=en-US&gl=US&ceid=US:en  (no just-published item; only older items resurfaced)
2026-09-07T22:31:03.234667+00:00  STALE    https://news.google.com/rss/search?q=marcus%20loveland&hl=en-US&gl=US&ceid=US:en  (no just-published item; only older items resurfaced)
2026-09-07T22:41:09.252393+00:00  CHANGED  https://news.google.com/rss/search?q=harvard&hl=en-US&gl=US&ceid=US:en  by=dhruv.patel  ch=directmessage  via=DM->dhruv.patel
2026-09-07T22:46:11.960076+00:00  STALE    https://news.google.com/rss/search?q=Harvard%20Management%20Company&hl=en-US&gl=US&ceid=US:en  (no just-published item; only older items resurfaced)
2026-09-07T22:46:11.960076+00:00  CHANGED  https://news.google.com/rss/search?q=Harvard&hl=en-US&gl=US&ceid=US:en  by=megan.blonigen  ch=directmessage  via=DM->megan.blonigen
2026-09-07T22:46:11.960076+00:00  STALE    https://news.google.com/rss/search?q=N.P.%20Narvekar&hl=en-US&gl=US&ceid=US:en  (no just-published item; only older items resurfaced)
2026-09-07T22:46:11.960076+00:00  CHANGED  https://news.google.com/rss/search?q=HMC&hl=en-US&gl=US&ceid=US:en  by=megan.blonigen  ch=directmessage  via=DM->megan.blonigen
2026-09-07T22:46:11.960076+00:00  STALE    https://news.google.com/rss/search?q=Rick%20Slocum&hl=en-US&gl=US&ceid=US:en  (no just-published item; only older items resurfaced)
2026-09-07T22:56:17.330650+00:00  STALE    https://news.google.com/rss/search?q=Sanjeev%20Daga&hl=en-US&gl=US&ceid=US:en  (no just-published item; only older items resurfaced)
2026-09-07T22:56:17.330650+00:00  STALE    https://news.google.com/rss/search?q=Tim%20Barakett&hl=en-US&gl=US&ceid=US:en  (no just-published item; only older items resurfaced)
2026-09-07T22:56:17.330650+00:00  STALE    https://news.google.com/rss/search?q=Alan%20Garber&hl=en-US&gl=US&ceid=US:en  (no just-published item; only older items resurfaced)
2026-09-07T22:56:17.330650+00:00  STALE    https://news.google.com/rss/search?q=Tricia%20Glynn&hl=en-US&gl=US&ceid=US:en  (no just-published item; only older items resurfaced)
2026-09-07T22:56:17.330650+00:00  STALE    https://news.google.com/rss/search?q=Paul%20Edgerley&hl=en-US&gl=US&ceid=US:en  (no just-published item; only older items resurfaced)
2026-09-07T22:56:17.330650+00:00  STALE    https://news.google.com/rss/search?q=Patrick%20Healy&hl=en-US&gl=US&ceid=US:en  (no just-published item; only older items resurfaced)
2026-09-07T22:56:17.330650+00:00  STALE    https://news.google.com/rss/search?q=Mary%20Erdoes&hl=en-US&gl=US&ceid=US:en  (no just-published item; only older items resurfaced)
2026-09-07T22:56:17.330650+00:00  STALE    https://news.google.com/rss/search?q=*Robert%20Jain*&hl=en-US&gl=US&ceid=US:en  (no just-published item; only older items resurfaced)
2026-09-07T22:56:17.330650+00:00  STALE    https://news.google.com/rss/search?q=*Mart%C3%ADn%20Escobari*&hl=en-US&gl=US&ceid=US:en  (no just-published item; only older items resurfaced)
2026-09-07T22:56:17.330650+00:00  STALE    https://news.google.com/rss/search?q=*Ritu%20Kalra*&hl=en-US&gl=US&ceid=US:en  (no just-published item; only older items resurfaced)
2026-09-07T22:56:17.330650+00:00  STALE    https://news.google.com/rss/search?q=Paul%20Finnegan&hl=en-US&gl=US&ceid=US:en  (no just-published item; only older items resurfaced)
2026-09-07T22:56:17.330650+00:00  STALE    https://news.google.com/rss/search?q=*Raymond%20McGuire*&hl=en-US&gl=US&ceid=US:en  (no just-published item; only older items resurfaced)
2026-09-07T22:56:17.330650+00:00  STALE    https://news.google.com/rss/search?q=Joshua%20Friedman&hl=en-US&gl=US&ceid=US:en  (no just-published item; only older items resurfaced)
2026-09-07T23:01:00.103283+00:00  FLAPPED  https://www.ed.gov/about/news/press-release
2026-09-07T23:01:00.103283+00:00  STALE    https://news.google.com/rss/search?q=*600%20Atlantic%20Avenue%20Boston*&hl=en-US&gl=US&ceid=US:en  (no just-published item; only older items resurfaced)
2026-09-07T23:01:00.103283+00:00  STALE    https://news.google.com/rss/search?q=Harvard%20investment&hl=en-US&gl=US&ceid=US:en  (no just-published item; only older items resurfaced)
2026-09-07T23:01:00.103283+00:00  STALE    https://news.google.com/rss/search?q=Harvard%20Singapore&hl=en-US&gl=US&ceid=US:en  (no just-published item; only older items resurfaced)
2026-09-07T23:01:00.103283+00:00  STALE    https://news.google.com/rss/search?q=HMC%20San%20Francisco&hl=en-US&gl=US&ceid=US:en  (no just-published item; only older items resurfaced)
2026-09-07T23:01:00.103283+00:00  STALE    https://news.google.com/rss/search?q=John%20Shue&hl=en-US&gl=US&ceid=US:en  (no just-published item; only older items resurfaced)
2026-09-07T23:01:00.103283+00:00  STALE    https://news.google.com/rss/search?q=marcus%20loveland&hl=en-US&gl=US&ceid=US:en  (no just-published item; only older items resurfaced)
2026-09-07T23:11:09.400526+00:00  FLAPPED  https://www.ed.gov/about/news/press-release
2026-09-07T23:11:09.400526+00:00  STALE    https://news.google.com/rss/search?q=harvard&hl=en-US&gl=US&ceid=US:en  (no just-published item; only older items resurfaced)
2026-09-07T23:16:16.053275+00:00  BLOCKED  https://dso.college.harvard.edu/office-culture-community/about-harvard-foundation
2026-09-07T23:16:16.053275+00:00  FLAPPED  https://www.ed.gov/about/news/press-release
2026-09-07T23:16:16.053275+00:00  STALE    https://news.google.com/rss/search?q=Harvard%20Management%20Company&hl=en-US&gl=US&ceid=US:en  (no just-published item; only older items resurfaced)
2026-09-07T23:16:16.053275+00:00  CHANGED  https://news.google.com/rss/search?q=Harvard&hl=en-US&gl=US&ceid=US:en  by=megan.blonigen  ch=directmessage  via=DM->megan.blonigen
2026-09-07T23:16:16.053275+00:00  STALE    https://news.google.com/rss/search?q=N.P.%20Narvekar&hl=en-US&gl=US&ceid=US:en  (no just-published item; only older items resurfaced)
2026-09-07T23:16:16.053275+00:00  STALE    https://news.google.com/rss/search?q=Rick%20Slocum&hl=en-US&gl=US&ceid=US:en  (no just-published item; only older items resurfaced)
2026-09-07T23:21:23.030610+00:00  FLAPPED  https://www.ed.gov/about/news/press-release
2026-09-07T23:26:30.044263+00:00  STALE    https://news.google.com/rss/search?q=Sanjeev%20Daga&hl=en-US&gl=US&ceid=US:en  (no just-published item; only older items resurfaced)
2026-09-07T23:26:30.044263+00:00  STALE    https://news.google.com/rss/search?q=Tim%20Barakett&hl=en-US&gl=US&ceid=US:en  (no just-published item; only older items resurfaced)
2026-09-07T23:26:30.044263+00:00  STALE    https://news.google.com/rss/search?q=Alan%20Garber&hl=en-US&gl=US&ceid=US:en  (no just-published item; only older items resurfaced)
2026-09-07T23:26:30.044263+00:00  STALE    https://news.google.com/rss/search?q=Tricia%20Glynn&hl=en-US&gl=US&ceid=US:en  (no just-published item; only older items resurfaced)
2026-09-07T23:26:30.044263+00:00  STALE    https://news.google.com/rss/search?q=*Eric%20Doppstadt*&hl=en-US&gl=US&ceid=US:en  (no just-published item; only older items resurfaced)
2026-09-07T23:26:30.044263+00:00  STALE    https://news.google.com/rss/search?q=Paul%20Edgerley&hl=en-US&gl=US&ceid=US:en  (no just-published item; only older items resurfaced)
2026-09-07T23:26:30.044263+00:00  STALE    https://news.google.com/rss/search?q=Patrick%20Healy&hl=en-US&gl=US&ceid=US:en  (no just-published item; only older items resurfaced)
2026-09-07T23:26:30.044263+00:00  STALE    https://news.google.com/rss/search?q=Mary%20Erdoes&hl=en-US&gl=US&ceid=US:en  (no just-published item; only older items resurfaced)
2026-09-07T23:26:30.044263+00:00  STALE    https://news.google.com/rss/search?q=*Robert%20Jain*&hl=en-US&gl=US&ceid=US:en  (no just-published item; only older items resurfaced)
2026-09-07T23:26:30.044263+00:00  STALE    https://news.google.com/rss/search?q=*Mart%C3%ADn%20Escobari*&hl=en-US&gl=US&ceid=US:en  (no just-published item; only older items resurfaced)
2026-09-07T23:26:30.044263+00:00  STALE    https://news.google.com/rss/search?q=*Ritu%20Kalra*&hl=en-US&gl=US&ceid=US:en  (no just-published item; only older items resurfaced)
2026-09-07T23:26:30.044263+00:00  STALE    https://news.google.com/rss/search?q=Paul%20Finnegan&hl=en-US&gl=US&ceid=US:en  (no just-published item; only older items resurfaced)
2026-09-07T23:26:30.044263+00:00  STALE    https://news.google.com/rss/search?q=*Raymond%20McGuire*&hl=en-US&gl=US&ceid=US:en  (no just-published item; only older items resurfaced)
2026-09-07T23:26:30.044263+00:00  STALE    https://news.google.com/rss/search?q=Joshua%20Friedman&hl=en-US&gl=US&ceid=US:en  (no just-published item; only older items resurfaced)
2026-09-07T23:30:57.437807+00:00  ERROR    https://www.courtlistener.com/docket/72520538/united-states-v-president-and-fellows-of-harvard-college/?order_by=desc  HTTP Error 502: Bad Gateway
2026-09-07T23:30:57.437807+00:00  STALE    https://news.google.com/rss/search?q=*600%20Atlantic%20Avenue%20Boston*&hl=en-US&gl=US&ceid=US:en  (no just-published item; only older items resurfaced)
2026-09-07T23:30:57.437807+00:00  STALE    https://news.google.com/rss/search?q=Harvard%20investment&hl=en-US&gl=US&ceid=US:en  (no just-published item; only older items resurfaced)
2026-09-07T23:30:57.437807+00:00  STALE    https://news.google.com/rss/search?q=Harvard%20Singapore&hl=en-US&gl=US&ceid=US:en  (no just-published item; only older items resurfaced)
2026-09-07T23:30:57.437807+00:00  STALE    https://news.google.com/rss/search?q=HMC%20San%20Francisco&hl=en-US&gl=US&ceid=US:en  (no just-published item; only older items resurfaced)
2026-09-07T23:30:57.437807+00:00  STALE    https://news.google.com/rss/search?q=John%20Shue&hl=en-US&gl=US&ceid=US:en  (no just-published item; only older items resurfaced)
2026-09-07T23:30:57.437807+00:00  STALE    https://news.google.com/rss/search?q=marcus%20loveland&hl=en-US&gl=US&ceid=US:en  (no just-published item; only older items resurfaced)
2026-09-07T23:41:04.469968+00:00  STALE    https://news.google.com/rss/search?q=harvard&hl=en-US&gl=US&ceid=US:en  (no just-published item; only older items resurfaced)
2026-09-07T23:46:06.613654+00:00  CHANGED  https://news.google.com/rss/search?q=Harvard%20Management%20Company&hl=en-US&gl=US&ceid=US:en  by=megan.blonigen  ch=directmessage  via=DM->megan.blonigen
2026-09-07T23:46:06.613654+00:00  CHANGED  https://news.google.com/rss/search?q=Harvard&hl=en-US&gl=US&ceid=US:en  by=megan.blonigen  ch=directmessage  via=DM->megan.blonigen
2026-09-07T23:46:06.613654+00:00  STALE    https://news.google.com/rss/search?q=N.P.%20Narvekar&hl=en-US&gl=US&ceid=US:en  (no just-published item; only older items resurfaced)
2026-09-07T23:46:06.613654+00:00  STALE    https://news.google.com/rss/search?q=Rick%20Slocum&hl=en-US&gl=US&ceid=US:en  (no just-published item; only older items resurfaced)
2026-09-07T23:56:11.078100+00:00  STALE    https://news.google.com/rss/search?q=Sanjeev%20Daga&hl=en-US&gl=US&ceid=US:en  (no just-published item; only older items resurfaced)
2026-09-07T23:56:11.078100+00:00  STALE    https://news.google.com/rss/search?q=Tim%20Barakett&hl=en-US&gl=US&ceid=US:en  (no just-published item; only older items resurfaced)
2026-09-07T23:56:11.078100+00:00  STALE    https://news.google.com/rss/search?q=Alan%20Garber&hl=en-US&gl=US&ceid=US:en  (no just-published item; only older items resurfaced)
2026-09-07T23:56:11.078100+00:00  STALE    https://news.google.com/rss/search?q=Tricia%20Glynn&hl=en-US&gl=US&ceid=US:en  (no just-published item; only older items resurfaced)
2026-09-07T23:56:11.078100+00:00  STALE    https://news.google.com/rss/search?q=Paul%20Edgerley&hl=en-US&gl=US&ceid=US:en  (no just-published item; only older items resurfaced)
2026-09-07T23:56:11.078100+00:00  STALE    https://news.google.com/rss/search?q=Patrick%20Healy&hl=en-US&gl=US&ceid=US:en  (no just-published item; only older items resurfaced)
2026-09-07T23:56:11.078100+00:00  STALE    https://news.google.com/rss/search?q=Mary%20Erdoes&hl=en-US&gl=US&ceid=US:en  (no just-published item; only older items resurfaced)
2026-09-07T23:56:11.078100+00:00  STALE    https://news.google.com/rss/search?q=*Robert%20Jain*&hl=en-US&gl=US&ceid=US:en  (no just-published item; only older items resurfaced)
2026-09-07T23:56:11.078100+00:00  STALE    https://news.google.com/rss/search?q=*Mart%C3%ADn%20Escobari*&hl=en-US&gl=US&ceid=US:en  (no just-published item; only older items resurfaced)
2026-09-07T23:56:11.078100+00:00  STALE    https://news.google.com/rss/search?q=*Ritu%20Kalra*&hl=en-US&gl=US&ceid=US:en  (no just-published item; only older items resurfaced)
2026-09-07T23:56:11.078100+00:00  STALE    https://news.google.com/rss/search?q=Paul%20Finnegan&hl=en-US&gl=US&ceid=US:en  (no just-published item; only older items resurfaced)
2026-09-07T23:56:11.078100+00:00  STALE    https://news.google.com/rss/search?q=*Raymond%20McGuire*&hl=en-US&gl=US&ceid=US:en  (no just-published item; only older items resurfaced)
2026-09-07T23:56:11.078100+00:00  STALE    https://news.google.com/rss/search?q=Joshua%20Friedman&hl=en-US&gl=US&ceid=US:en  (no just-published item; only older items resurfaced)
2026-09-08T00:00:53.208200+00:00  STALE    https://news.google.com/rss/search?q=*600%20Atlantic%20Avenue%20Boston*&hl=en-US&gl=US&ceid=US:en  (no just-published item; only older items resurfaced)
2026-09-08T00:00:53.208200+00:00  STALE    https://news.google.com/rss/search?q=Harvard%20investment&hl=en-US&gl=US&ceid=US:en  (no just-published item; only older items resurfaced)
2026-09-08T00:00:53.208200+00:00  STALE    https://news.google.com/rss/search?q=Harvard%20Singapore&hl=en-US&gl=US&ceid=US:en  (no just-published item; only older items resurfaced)
2026-09-08T00:00:53.208200+00:00  STALE    https://news.google.com/rss/search?q=HMC%20San%20Francisco&hl=en-US&gl=US&ceid=US:en  (no just-published item; only older items resurfaced)
2026-09-08T00:00:53.208200+00:00  STALE    https://news.google.com/rss/search?q=John%20Shue&hl=en-US&gl=US&ceid=US:en  (no just-published item; only older items resurfaced)
2026-09-08T00:00:53.208200+00:00  STALE    https://news.google.com/rss/search?q=marcus%20loveland&hl=en-US&gl=US&ceid=US:en  (no just-published item; only older items resurfaced)
2026-09-08T00:11:02.145411+00:00  STALE    https://news.google.com/rss/search?q=harvard&hl=en-US&gl=US&ceid=US:en  (no just-published item; only older items resurfaced)
2026-09-08T00:16:05.858312+00:00  BLOCKED  https://dso.college.harvard.edu/office-culture-community/about-harvard-foundation
2026-09-08T00:16:05.858312+00:00  STALE    https://news.google.com/rss/search?q=Harvard%20Management%20Company&hl=en-US&gl=US&ceid=US:en  (no just-published item; only older items resurfaced)
2026-09-08T00:16:05.858312+00:00  STALE    https://news.google.com/rss/search?q=Harvard&hl=en-US&gl=US&ceid=US:en  (no just-published item; only older items resurfaced)
2026-09-08T00:16:05.858312+00:00  STALE    https://news.google.com/rss/search?q=N.P.%20Narvekar&hl=en-US&gl=US&ceid=US:en  (no just-published item; only older items resurfaced)
2026-09-08T00:16:05.858312+00:00  STALE    https://news.google.com/rss/search?q=Rick%20Slocum&hl=en-US&gl=US&ceid=US:en  (no just-published item; only older items resurfaced)
2026-09-08T00:21:10.364012+00:00  CHANGED  https://www.hks.harvard.edu  by=jen.phan  ch=directmessage  via=DM->jen.phan
2026-09-08T00:26:13.597738+00:00  STALE    https://news.google.com/rss/search?q=Sanjeev%20Daga&hl=en-US&gl=US&ceid=US:en  (no just-published item; only older items resurfaced)
2026-09-08T00:26:13.597738+00:00  STALE    https://news.google.com/rss/search?q=Tim%20Barakett&hl=en-US&gl=US&ceid=US:en  (no just-published item; only older items resurfaced)
2026-09-08T00:26:13.597738+00:00  STALE    https://news.google.com/rss/search?q=Alan%20Garber&hl=en-US&gl=US&ceid=US:en  (no just-published item; only older items resurfaced)
2026-09-08T00:26:13.597738+00:00  STALE    https://news.google.com/rss/search?q=Tricia%20Glynn&hl=en-US&gl=US&ceid=US:en  (no just-published item; only older items resurfaced)
2026-09-08T00:26:13.597738+00:00  STALE    https://news.google.com/rss/search?q=*Eric%20Doppstadt*&hl=en-US&gl=US&ceid=US:en  (no just-published item; only older items resurfaced)
2026-09-08T00:26:13.597738+00:00  STALE    https://news.google.com/rss/search?q=Paul%20Edgerley&hl=en-US&gl=US&ceid=US:en  (no just-published item; only older items resurfaced)
2026-09-08T00:26:13.597738+00:00  STALE    https://news.google.com/rss/search?q=Patrick%20Healy&hl=en-US&gl=US&ceid=US:en  (no just-published item; only older items resurfaced)
2026-09-08T00:26:13.597738+00:00  STALE    https://news.google.com/rss/search?q=Mary%20Erdoes&hl=en-US&gl=US&ceid=US:en  (no just-published item; only older items resurfaced)
2026-09-08T00:26:13.597738+00:00  STALE    https://news.google.com/rss/search?q=*Robert%20Jain*&hl=en-US&gl=US&ceid=US:en  (no just-published item; only older items resurfaced)
2026-09-08T00:26:13.597738+00:00  STALE    https://news.google.com/rss/search?q=*Mart%C3%ADn%20Escobari*&hl=en-US&gl=US&ceid=US:en  (no just-published item; only older items resurfaced)
2026-09-08T00:26:13.597738+00:00  STALE    https://news.google.com/rss/search?q=*Ritu%20Kalra*&hl=en-US&gl=US&ceid=US:en  (no just-published item; only older items resurfaced)
2026-09-08T00:26:13.597738+00:00  STALE    https://news.google.com/rss/search?q=Paul%20Finnegan&hl=en-US&gl=US&ceid=US:en  (no just-published item; only older items resurfaced)
2026-09-08T00:26:13.597738+00:00  STALE    https://news.google.com/rss/search?q=*Raymond%20McGuire*&hl=en-US&gl=US&ceid=US:en  (no just-published item; only older items resurfaced)
2026-09-08T00:26:13.597738+00:00  STALE    https://news.google.com/rss/search?q=Joshua%20Friedman&hl=en-US&gl=US&ceid=US:en  (no just-published item; only older items resurfaced)
2026-09-08T00:30:52.860119+00:00  STALE    https://news.google.com/rss/search?q=*600%20Atlantic%20Avenue%20Boston*&hl=en-US&gl=US&ceid=US:en  (no just-published item; only older items resurfaced)
2026-09-08T00:30:52.860119+00:00  STALE    https://news.google.com/rss/search?q=Harvard%20investment&hl=en-US&gl=US&ceid=US:en  (no just-published item; only older items resurfaced)
2026-09-08T00:30:52.860119+00:00  STALE    https://news.google.com/rss/search?q=Harvard%20Singapore&hl=en-US&gl=US&ceid=US:en  (no just-published item; only older items resurfaced)
2026-09-08T00:30:52.860119+00:00  STALE    https://news.google.com/rss/search?q=HMC%20San%20Francisco&hl=en-US&gl=US&ceid=US:en  (no just-published item; only older items resurfaced)
2026-09-08T00:30:52.860119+00:00  STALE    https://news.google.com/rss/search?q=John%20Shue&hl=en-US&gl=US&ceid=US:en  (no just-published item; only older items resurfaced)
2026-09-08T00:30:52.860119+00:00  STALE    https://news.google.com/rss/search?q=marcus%20loveland&hl=en-US&gl=US&ceid=US:en  (no just-published item; only older items resurfaced)
2026-09-08T00:40:58.207963+00:00  STALE    https://news.google.com/rss/search?q=harvard&hl=en-US&gl=US&ceid=US:en  (no just-published item; only older items resurfaced)
2026-09-08T00:46:00.329181+00:00  STALE    https://news.google.com/rss/search?q=Harvard%20Management%20Company&hl=en-US&gl=US&ceid=US:en  (no just-published item; only older items resurfaced)
2026-09-08T00:46:00.329181+00:00  STALE    https://news.google.com/rss/search?q=Harvard&hl=en-US&gl=US&ceid=US:en  (no just-published item; only older items resurfaced)
2026-09-08T00:46:00.329181+00:00  STALE    https://news.google.com/rss/search?q=N.P.%20Narvekar&hl=en-US&gl=US&ceid=US:en  (no just-published item; only older items resurfaced)
2026-09-08T00:46:00.329181+00:00  STALE    https://news.google.com/rss/search?q=Rick%20Slocum&hl=en-US&gl=US&ceid=US:en  (no just-published item; only older items resurfaced)
2026-09-08T00:51:02.079509+00:00  ERROR    https://www.courtlistener.com/docket/72090192/president-and-fellows-of-harvard-college-v-us-department-of-health-and/?order_by=desc  HTTP Error 502: Bad Gateway
2026-09-08T00:56:03.786359+00:00  STALE    https://news.google.com/rss/search?q=Sanjeev%20Daga&hl=en-US&gl=US&ceid=US:en  (no just-published item; only older items resurfaced)
2026-09-08T00:56:03.786359+00:00  STALE    https://news.google.com/rss/search?q=Tim%20Barakett&hl=en-US&gl=US&ceid=US:en  (no just-published item; only older items resurfaced)
2026-09-08T00:56:03.786359+00:00  STALE    https://news.google.com/rss/search?q=Alan%20Garber&hl=en-US&gl=US&ceid=US:en  (no just-published item; only older items resurfaced)
2026-09-08T00:56:03.786359+00:00  STALE    https://news.google.com/rss/search?q=Tricia%20Glynn&hl=en-US&gl=US&ceid=US:en  (no just-published item; only older items resurfaced)
2026-09-08T00:56:03.786359+00:00  STALE    https://news.google.com/rss/search?q=*Eric%20Doppstadt*&hl=en-US&gl=US&ceid=US:en  (no just-published item; only older items resurfaced)
2026-09-08T00:56:03.786359+00:00  STALE    https://news.google.com/rss/search?q=Paul%20Edgerley&hl=en-US&gl=US&ceid=US:en  (no just-published item; only older items resurfaced)
2026-09-08T00:56:03.786359+00:00  STALE    https://news.google.com/rss/search?q=Patrick%20Healy&hl=en-US&gl=US&ceid=US:en  (no just-published item; only older items resurfaced)
2026-09-08T00:56:03.786359+00:00  STALE    https://news.google.com/rss/search?q=Mary%20Erdoes&hl=en-US&gl=US&ceid=US:en  (no just-published item; only older items resurfaced)
2026-09-08T00:56:03.786359+00:00  STALE    https://news.google.com/rss/search?q=*Robert%20Jain*&hl=en-US&gl=US&ceid=US:en  (no just-published item; only older items resurfaced)
2026-09-08T00:56:03.786359+00:00  STALE    https://news.google.com/rss/search?q=*Mart%C3%ADn%20Escobari*&hl=en-US&gl=US&ceid=US:en  (no just-published item; only older items resurfaced)
2026-09-08T00:56:03.786359+00:00  STALE    https://news.google.com/rss/search?q=*Ritu%20Kalra*&hl=en-US&gl=US&ceid=US:en  (no just-published item; only older items resurfaced)
2026-09-08T00:56:03.786359+00:00  STALE    https://news.google.com/rss/search?q=Paul%20Finnegan&hl=en-US&gl=US&ceid=US:en  (no just-published item; only older items resurfaced)
2026-09-08T00:56:03.786359+00:00  STALE    https://news.google.com/rss/search?q=*Raymond%20McGuire*&hl=en-US&gl=US&ceid=US:en  (no just-published item; only older items resurfaced)
2026-09-08T00:56:03.786359+00:00  STALE    https://news.google.com/rss/search?q=Joshua%20Friedman&hl=en-US&gl=US&ceid=US:en  (no just-published item; only older items resurfaced)
2026-09-08T01:27:37.613198+00:00  STALE    https://news.google.com/rss/search?q=Sanjeev%20Daga&hl=en-US&gl=US&ceid=US:en  (no just-published item; only older items resurfaced)
2026-09-08T01:27:37.613198+00:00  STALE    https://news.google.com/rss/search?q=Tim%20Barakett&hl=en-US&gl=US&ceid=US:en  (no just-published item; only older items resurfaced)
2026-09-08T01:27:37.613198+00:00  STALE    https://news.google.com/rss/search?q=Alan%20Garber&hl=en-US&gl=US&ceid=US:en  (no just-published item; only older items resurfaced)
2026-09-08T01:27:37.613198+00:00  STALE    https://news.google.com/rss/search?q=Tricia%20Glynn&hl=en-US&gl=US&ceid=US:en  (no just-published item; only older items resurfaced)
2026-09-08T01:27:37.613198+00:00  STALE    https://news.google.com/rss/search?q=Paul%20Edgerley&hl=en-US&gl=US&ceid=US:en  (no just-published item; only older items resurfaced)
2026-09-08T01:27:37.613198+00:00  STALE    https://news.google.com/rss/search?q=Patrick%20Healy&hl=en-US&gl=US&ceid=US:en  (no just-published item; only older items resurfaced)
2026-09-08T01:27:37.613198+00:00  STALE    https://news.google.com/rss/search?q=Mary%20Erdoes&hl=en-US&gl=US&ceid=US:en  (no just-published item; only older items resurfaced)
2026-09-08T01:27:37.613198+00:00  STALE    https://news.google.com/rss/search?q=*Robert%20Jain*&hl=en-US&gl=US&ceid=US:en  (no just-published item; only older items resurfaced)
2026-09-08T01:27:37.613198+00:00  STALE    https://news.google.com/rss/search?q=*Mart%C3%ADn%20Escobari*&hl=en-US&gl=US&ceid=US:en  (no just-published item; only older items resurfaced)
2026-09-08T01:27:37.613198+00:00  STALE    https://news.google.com/rss/search?q=*Ritu%20Kalra*&hl=en-US&gl=US&ceid=US:en  (no just-published item; only older items resurfaced)
2026-09-08T01:27:37.613198+00:00  STALE    https://news.google.com/rss/search?q=*Raymond%20McGuire*&hl=en-US&gl=US&ceid=US:en  (no just-published item; only older items resurfaced)
2026-09-08T01:27:37.613198+00:00  STALE    https://news.google.com/rss/search?q=Joshua%20Friedman&hl=en-US&gl=US&ceid=US:en  (no just-published item; only older items resurfaced)
2026-09-08T01:32:39.951458+00:00  STALE    https://news.google.com/rss/search?q=*600%20Atlantic%20Avenue%20Boston*&hl=en-US&gl=US&ceid=US:en  (no just-published item; only older items resurfaced)
2026-09-08T01:32:39.951458+00:00  STALE    https://news.google.com/rss/search?q=Harvard%20investment&hl=en-US&gl=US&ceid=US:en  (no just-published item; only older items resurfaced)
2026-09-08T01:32:39.951458+00:00  STALE    https://news.google.com/rss/search?q=Harvard%20Singapore&hl=en-US&gl=US&ceid=US:en  (no just-published item; only older items resurfaced)
2026-09-08T01:32:39.951458+00:00  STALE    https://news.google.com/rss/search?q=HMC%20San%20Francisco&hl=en-US&gl=US&ceid=US:en  (no just-published item; only older items resurfaced)
2026-09-08T01:32:39.951458+00:00  STALE    https://news.google.com/rss/search?q=John%20Shue&hl=en-US&gl=US&ceid=US:en  (no just-published item; only older items resurfaced)
2026-09-08T01:32:39.951458+00:00  STALE    https://news.google.com/rss/search?q=marcus%20loveland&hl=en-US&gl=US&ceid=US:en  (no just-published item; only older items resurfaced)
2026-09-08T01:42:44.509827+00:00  CHANGED  https://thecrimson.com  by=dhruv.patel  ch=directmessage  via=DM->dhruv.patel
2026-09-08T01:42:44.509827+00:00  CHANGED  https://thecrimson.com  by=matteo.diaz  ch=matteo-internal  via=DM->matteo.diaz
2026-09-08T01:42:44.509827+00:00  CHANGED  https://thecrimson.com  by=sebastian.connolly  ch=directmessage  via=DM->sebastian.connolly
2026-09-08T01:42:44.509827+00:00  CHANGED  https://thecrimson.com  by=matteo.diaz  ch=directmessage  via=DM->matteo.diaz
2026-09-08T01:42:44.509827+00:00  STALE    https://news.google.com/rss/search?q=harvard&hl=en-US&gl=US&ceid=US:en  (no just-published item; only older items resurfaced)
2026-09-08T01:42:44.509827+00:00  CHANGED  https://www.thecrimson.com/  by=megan.blonigen  ch=directmessage  via=DM->megan.blonigen
2026-09-08T01:47:47.445044+00:00  STALE    https://news.google.com/rss/search?q=Harvard%20Management%20Company&hl=en-US&gl=US&ceid=US:en  (no just-published item; only older items resurfaced)
2026-09-08T01:47:47.445044+00:00  STALE    https://news.google.com/rss/search?q=Harvard&hl=en-US&gl=US&ceid=US:en  (no just-published item; only older items resurfaced)
2026-09-08T01:47:47.445044+00:00  STALE    https://news.google.com/rss/search?q=N.P.%20Narvekar&hl=en-US&gl=US&ceid=US:en  (no just-published item; only older items resurfaced)
2026-09-08T01:47:47.445044+00:00  STALE    https://news.google.com/rss/search?q=Rick%20Slocum&hl=en-US&gl=US&ceid=US:en  (no just-published item; only older items resurfaced)
2026-09-08T02:19:24.757851+00:00  BLOCKED  https://dso.college.harvard.edu/office-culture-community/about-harvard-foundation
2026-09-08T02:19:24.757851+00:00  STALE    https://news.google.com/rss/search?q=Harvard%20Management%20Company&hl=en-US&gl=US&ceid=US:en  (no just-published item; only older items resurfaced)
2026-09-08T02:19:24.757851+00:00  STALE    https://news.google.com/rss/search?q=Harvard&hl=en-US&gl=US&ceid=US:en  (no just-published item; only older items resurfaced)
2026-09-08T02:19:24.757851+00:00  STALE    https://news.google.com/rss/search?q=N.P.%20Narvekar&hl=en-US&gl=US&ceid=US:en  (no just-published item; only older items resurfaced)
2026-09-08T02:19:24.757851+00:00  STALE    https://news.google.com/rss/search?q=Rick%20Slocum&hl=en-US&gl=US&ceid=US:en  (no just-published item; only older items resurfaced)
2026-09-08T02:29:30.760711+00:00  STALE    https://news.google.com/rss/search?q=Sanjeev%20Daga&hl=en-US&gl=US&ceid=US:en  (no just-published item; only older items resurfaced)
2026-09-08T02:29:30.760711+00:00  STALE    https://news.google.com/rss/search?q=Alan%20Garber&hl=en-US&gl=US&ceid=US:en  (no just-published item; only older items resurfaced)
2026-09-08T02:29:30.760711+00:00  STALE    https://news.google.com/rss/search?q=Tricia%20Glynn&hl=en-US&gl=US&ceid=US:en  (no just-published item; only older items resurfaced)
2026-09-08T02:29:30.760711+00:00  STALE    https://news.google.com/rss/search?q=Paul%20Edgerley&hl=en-US&gl=US&ceid=US:en  (no just-published item; only older items resurfaced)
2026-09-08T02:29:30.760711+00:00  STALE    https://news.google.com/rss/search?q=Patrick%20Healy&hl=en-US&gl=US&ceid=US:en  (no just-published item; only older items resurfaced)
2026-09-08T02:29:30.760711+00:00  STALE    https://news.google.com/rss/search?q=Mary%20Erdoes&hl=en-US&gl=US&ceid=US:en  (no just-published item; only older items resurfaced)
2026-09-08T02:29:30.760711+00:00  STALE    https://news.google.com/rss/search?q=*Robert%20Jain*&hl=en-US&gl=US&ceid=US:en  (no just-published item; only older items resurfaced)
2026-09-08T02:29:30.760711+00:00  STALE    https://news.google.com/rss/search?q=*Mart%C3%ADn%20Escobari*&hl=en-US&gl=US&ceid=US:en  (no just-published item; only older items resurfaced)
2026-09-08T02:29:30.760711+00:00  STALE    https://news.google.com/rss/search?q=*Ritu%20Kalra*&hl=en-US&gl=US&ceid=US:en  (no just-published item; only older items resurfaced)
2026-09-08T02:29:30.760711+00:00  STALE    https://news.google.com/rss/search?q=Paul%20Finnegan&hl=en-US&gl=US&ceid=US:en  (no just-published item; only older items resurfaced)
2026-09-08T02:29:30.760711+00:00  STALE    https://news.google.com/rss/search?q=*Raymond%20McGuire*&hl=en-US&gl=US&ceid=US:en  (no just-published item; only older items resurfaced)
2026-09-08T02:29:30.760711+00:00  STALE    https://news.google.com/rss/search?q=Joshua%20Friedman&hl=en-US&gl=US&ceid=US:en  (no just-published item; only older items resurfaced)
2026-09-08T02:34:33.855779+00:00  STALE    https://news.google.com/rss/search?q=*600%20Atlantic%20Avenue%20Boston*&hl=en-US&gl=US&ceid=US:en  (no just-published item; only older items resurfaced)
2026-09-08T02:34:33.855779+00:00  STALE    https://news.google.com/rss/search?q=Harvard%20investment&hl=en-US&gl=US&ceid=US:en  (no just-published item; only older items resurfaced)
2026-09-08T02:34:33.855779+00:00  STALE    https://news.google.com/rss/search?q=Harvard%20Singapore&hl=en-US&gl=US&ceid=US:en  (no just-published item; only older items resurfaced)
2026-09-08T02:34:33.855779+00:00  STALE    https://news.google.com/rss/search?q=HMC%20San%20Francisco&hl=en-US&gl=US&ceid=US:en  (no just-published item; only older items resurfaced)
2026-09-08T02:34:33.855779+00:00  STALE    https://news.google.com/rss/search?q=John%20Shue&hl=en-US&gl=US&ceid=US:en  (no just-published item; only older items resurfaced)
2026-09-08T02:34:33.855779+00:00  STALE    https://news.google.com/rss/search?q=marcus%20loveland&hl=en-US&gl=US&ceid=US:en  (no just-published item; only older items resurfaced)
2026-09-08T03:16:40.067636+00:00  STALE    https://news.google.com/rss/search?q=harvard&hl=en-US&gl=US&ceid=US:en  (no just-published item; only older items resurfaced)
2026-09-08T03:21:43.822545+00:00  BLOCKED  https://dso.college.harvard.edu/office-culture-community/about-harvard-foundation
2026-09-08T03:21:43.822545+00:00  STALE    https://news.google.com/rss/search?q=Harvard%20Management%20Company&hl=en-US&gl=US&ceid=US:en  (no just-published item; only older items resurfaced)
2026-09-08T03:21:43.822545+00:00  CHANGED  https://news.google.com/rss/search?q=Harvard&hl=en-US&gl=US&ceid=US:en  by=megan.blonigen  ch=directmessage  via=DM->megan.blonigen
2026-09-08T03:21:43.822545+00:00  STALE    https://news.google.com/rss/search?q=N.P.%20Narvekar&hl=en-US&gl=US&ceid=US:en  (no just-published item; only older items resurfaced)
2026-09-08T03:21:43.822545+00:00  STALE    https://news.google.com/rss/search?q=Rick%20Slocum&hl=en-US&gl=US&ceid=US:en  (no just-published item; only older items resurfaced)
2026-09-08T03:26:49.322564+00:00  CHANGED  https://www.hks.harvard.edu  by=jen.phan  ch=directmessage  via=DM->jen.phan
2026-09-08T03:31:52.672545+00:00  STALE    https://news.google.com/rss/search?q=Sanjeev%20Daga&hl=en-US&gl=US&ceid=US:en  (no just-published item; only older items resurfaced)
2026-09-08T03:31:52.672545+00:00  STALE    https://news.google.com/rss/search?q=Tim%20Barakett&hl=en-US&gl=US&ceid=US:en  (no just-published item; only older items resurfaced)
2026-09-08T03:31:52.672545+00:00  STALE    https://news.google.com/rss/search?q=Alan%20Garber&hl=en-US&gl=US&ceid=US:en  (no just-published item; only older items resurfaced)
2026-09-08T03:31:52.672545+00:00  STALE    https://news.google.com/rss/search?q=Tricia%20Glynn&hl=en-US&gl=US&ceid=US:en  (no just-published item; only older items resurfaced)
2026-09-08T03:31:52.672545+00:00  STALE    https://news.google.com/rss/search?q=*Eric%20Doppstadt*&hl=en-US&gl=US&ceid=US:en  (no just-published item; only older items resurfaced)
2026-09-08T03:31:52.672545+00:00  STALE    https://news.google.com/rss/search?q=Paul%20Edgerley&hl=en-US&gl=US&ceid=US:en  (no just-published item; only older items resurfaced)
2026-09-08T03:31:52.672545+00:00  STALE    https://news.google.com/rss/search?q=Patrick%20Healy&hl=en-US&gl=US&ceid=US:en  (no just-published item; only older items resurfaced)
2026-09-08T03:31:52.672545+00:00  STALE    https://news.google.com/rss/search?q=Mary%20Erdoes&hl=en-US&gl=US&ceid=US:en  (no just-published item; only older items resurfaced)
2026-09-08T03:31:52.672545+00:00  STALE    https://news.google.com/rss/search?q=*Robert%20Jain*&hl=en-US&gl=US&ceid=US:en  (no just-published item; only older items resurfaced)
2026-09-08T03:31:52.672545+00:00  STALE    https://news.google.com/rss/search?q=*Mart%C3%ADn%20Escobari*&hl=en-US&gl=US&ceid=US:en  (no just-published item; only older items resurfaced)
2026-09-08T03:31:52.672545+00:00  STALE    https://news.google.com/rss/search?q=*Ritu%20Kalra*&hl=en-US&gl=US&ceid=US:en  (no just-published item; only older items resurfaced)
2026-09-08T03:31:52.672545+00:00  STALE    https://news.google.com/rss/search?q=Paul%20Finnegan&hl=en-US&gl=US&ceid=US:en  (no just-published item; only older items resurfaced)
2026-09-08T03:31:52.672545+00:00  STALE    https://news.google.com/rss/search?q=*Raymond%20McGuire*&hl=en-US&gl=US&ceid=US:en  (no just-published item; only older items resurfaced)
2026-09-08T03:31:52.672545+00:00  STALE    https://news.google.com/rss/search?q=Joshua%20Friedman&hl=en-US&gl=US&ceid=US:en  (no just-published item; only older items resurfaced)
2026-09-08T04:01:02.104089+00:00  STALE    https://news.google.com/rss/search?q=Sanjeev%20Daga&hl=en-US&gl=US&ceid=US:en  (no just-published item; only older items resurfaced)
2026-09-08T04:01:02.104089+00:00  STALE    https://news.google.com/rss/search?q=Tim%20Barakett&hl=en-US&gl=US&ceid=US:en  (no just-published item; only older items resurfaced)
2026-09-08T04:01:02.104089+00:00  STALE    https://news.google.com/rss/search?q=Alan%20Garber&hl=en-US&gl=US&ceid=US:en  (no just-published item; only older items resurfaced)
2026-09-08T04:01:02.104089+00:00  STALE    https://news.google.com/rss/search?q=Tricia%20Glynn&hl=en-US&gl=US&ceid=US:en  (no just-published item; only older items resurfaced)
2026-09-08T04:01:02.104089+00:00  STALE    https://news.google.com/rss/search?q=*Eric%20Doppstadt*&hl=en-US&gl=US&ceid=US:en  (no just-published item; only older items resurfaced)
2026-09-08T04:01:02.104089+00:00  STALE    https://news.google.com/rss/search?q=Paul%20Edgerley&hl=en-US&gl=US&ceid=US:en  (no just-published item; only older items resurfaced)
2026-09-08T04:01:02.104089+00:00  STALE    https://news.google.com/rss/search?q=Patrick%20Healy&hl=en-US&gl=US&ceid=US:en  (no just-published item; only older items resurfaced)
2026-09-08T04:01:02.104089+00:00  STALE    https://news.google.com/rss/search?q=Mary%20Erdoes&hl=en-US&gl=US&ceid=US:en  (no just-published item; only older items resurfaced)
2026-09-08T04:01:02.104089+00:00  STALE    https://news.google.com/rss/search?q=*Robert%20Jain*&hl=en-US&gl=US&ceid=US:en  (no just-published item; only older items resurfaced)
2026-09-08T04:01:02.104089+00:00  STALE    https://news.google.com/rss/search?q=*Mart%C3%ADn%20Escobari*&hl=en-US&gl=US&ceid=US:en  (no just-published item; only older items resurfaced)
2026-09-08T04:01:02.104089+00:00  STALE    https://news.google.com/rss/search?q=*Ritu%20Kalra*&hl=en-US&gl=US&ceid=US:en  (no just-published item; only older items resurfaced)
2026-09-08T04:01:02.104089+00:00  STALE    https://news.google.com/rss/search?q=Paul%20Finnegan&hl=en-US&gl=US&ceid=US:en  (no just-published item; only older items resurfaced)
2026-09-08T04:01:02.104089+00:00  STALE    https://news.google.com/rss/search?q=*Raymond%20McGuire*&hl=en-US&gl=US&ceid=US:en  (no just-published item; only older items resurfaced)
2026-09-08T04:01:02.104089+00:00  STALE    https://news.google.com/rss/search?q=Joshua%20Friedman&hl=en-US&gl=US&ceid=US:en  (no just-published item; only older items resurfaced)
2026-09-08T04:11:06.543705+00:00  STALE    https://news.google.com/rss/search?q=*600%20Atlantic%20Avenue%20Boston*&hl=en-US&gl=US&ceid=US:en  (no just-published item; only older items resurfaced)
2026-09-08T04:11:06.543705+00:00  STALE    https://news.google.com/rss/search?q=Harvard%20investment&hl=en-US&gl=US&ceid=US:en  (no just-published item; only older items resurfaced)
2026-09-08T04:11:06.543705+00:00  STALE    https://news.google.com/rss/search?q=Harvard%20Singapore&hl=en-US&gl=US&ceid=US:en  (no just-published item; only older items resurfaced)
2026-09-08T04:11:06.543705+00:00  STALE    https://news.google.com/rss/search?q=HMC%20San%20Francisco&hl=en-US&gl=US&ceid=US:en  (no just-published item; only older items resurfaced)
2026-09-08T04:11:06.543705+00:00  STALE    https://news.google.com/rss/search?q=John%20Shue&hl=en-US&gl=US&ceid=US:en  (no just-published item; only older items resurfaced)
2026-09-08T04:11:06.543705+00:00  STALE    https://news.google.com/rss/search?q=marcus%20loveland&hl=en-US&gl=US&ceid=US:en  (no just-published item; only older items resurfaced)
2026-09-08T04:16:08.611190+00:00  STALE    https://news.google.com/rss/search?q=harvard&hl=en-US&gl=US&ceid=US:en  (no just-published item; only older items resurfaced)
2026-09-08T04:21:10.783885+00:00  BLOCKED  https://dso.college.harvard.edu/office-culture-community/about-harvard-foundation
2026-09-08T04:26:14.811805+00:00  STALE    https://news.google.com/rss/search?q=Harvard%20Management%20Company&hl=en-US&gl=US&ceid=US:en  (no just-published item; only older items resurfaced)
2026-09-08T04:26:14.811805+00:00  STALE    https://news.google.com/rss/search?q=Harvard&hl=en-US&gl=US&ceid=US:en  (no just-published item; only older items resurfaced)
2026-09-08T04:26:14.811805+00:00  STALE    https://news.google.com/rss/search?q=N.P.%20Narvekar&hl=en-US&gl=US&ceid=US:en  (no just-published item; only older items resurfaced)
2026-09-08T04:26:14.811805+00:00  STALE    https://news.google.com/rss/search?q=Rick%20Slocum&hl=en-US&gl=US&ceid=US:en  (no just-published item; only older items resurfaced)
2026-09-08T04:31:05.912403+00:00  STALE    https://news.google.com/rss/search?q=Sanjeev%20Daga&hl=en-US&gl=US&ceid=US:en  (no just-published item; only older items resurfaced)
2026-09-08T04:31:05.912403+00:00  STALE    https://news.google.com/rss/search?q=Tim%20Barakett&hl=en-US&gl=US&ceid=US:en  (no just-published item; only older items resurfaced)
2026-09-08T04:31:05.912403+00:00  STALE    https://news.google.com/rss/search?q=Alan%20Garber&hl=en-US&gl=US&ceid=US:en  (no just-published item; only older items resurfaced)
2026-09-08T04:31:05.912403+00:00  STALE    https://news.google.com/rss/search?q=Tricia%20Glynn&hl=en-US&gl=US&ceid=US:en  (no just-published item; only older items resurfaced)
2026-09-08T04:31:05.912403+00:00  STALE    https://news.google.com/rss/search?q=*Eric%20Doppstadt*&hl=en-US&gl=US&ceid=US:en  (no just-published item; only older items resurfaced)
2026-09-08T04:31:05.912403+00:00  STALE    https://news.google.com/rss/search?q=Paul%20Edgerley&hl=en-US&gl=US&ceid=US:en  (no just-published item; only older items resurfaced)
2026-09-08T04:31:05.912403+00:00  STALE    https://news.google.com/rss/search?q=Patrick%20Healy&hl=en-US&gl=US&ceid=US:en  (no just-published item; only older items resurfaced)
2026-09-08T04:31:05.912403+00:00  STALE    https://news.google.com/rss/search?q=Mary%20Erdoes&hl=en-US&gl=US&ceid=US:en  (no just-published item; only older items resurfaced)
2026-09-08T04:31:05.912403+00:00  STALE    https://news.google.com/rss/search?q=*Robert%20Jain*&hl=en-US&gl=US&ceid=US:en  (no just-published item; only older items resurfaced)
2026-09-08T04:31:05.912403+00:00  STALE    https://news.google.com/rss/search?q=*Mart%C3%ADn%20Escobari*&hl=en-US&gl=US&ceid=US:en  (no just-published item; only older items resurfaced)
2026-09-08T04:31:05.912403+00:00  STALE    https://news.google.com/rss/search?q=*Ritu%20Kalra*&hl=en-US&gl=US&ceid=US:en  (no just-published item; only older items resurfaced)
2026-09-08T04:31:05.912403+00:00  STALE    https://news.google.com/rss/search?q=Paul%20Finnegan&hl=en-US&gl=US&ceid=US:en  (no just-published item; only older items resurfaced)
2026-09-08T04:31:05.912403+00:00  STALE    https://news.google.com/rss/search?q=*Raymond%20McGuire*&hl=en-US&gl=US&ceid=US:en  (no just-published item; only older items resurfaced)
2026-09-08T04:31:05.912403+00:00  STALE    https://news.google.com/rss/search?q=Joshua%20Friedman&hl=en-US&gl=US&ceid=US:en  (no just-published item; only older items resurfaced)
2026-09-08T04:36:08.031512+00:00  CHANGED  https://thecrimson.com  by=dhruv.patel  ch=directmessage  via=DM->dhruv.patel
2026-09-08T04:36:08.031512+00:00  CHANGED  https://thecrimson.com  by=matteo.diaz  ch=matteo-internal  via=DM->matteo.diaz
2026-09-08T04:36:08.031512+00:00  CHANGED  https://thecrimson.com  by=sebastian.connolly  ch=directmessage  via=DM->sebastian.connolly
2026-09-08T04:36:08.031512+00:00  CHANGED  https://thecrimson.com  by=matteo.diaz  ch=directmessage  via=DM->matteo.diaz
2026-09-08T04:36:08.031512+00:00  CHANGED  https://www.thecrimson.com/  by=megan.blonigen  ch=directmessage  via=DM->megan.blonigen
2026-09-08T04:41:12.390980+00:00  CHANGED  https://thecrimson.com  by=dhruv.patel  ch=directmessage  via=DM->dhruv.patel
2026-09-08T04:41:12.390980+00:00  CHANGED  https://thecrimson.com  by=matteo.diaz  ch=matteo-internal  via=DM->matteo.diaz
2026-09-08T04:41:12.390980+00:00  CHANGED  https://thecrimson.com  by=sebastian.connolly  ch=directmessage  via=DM->sebastian.connolly
2026-09-08T04:41:12.390980+00:00  CHANGED  https://thecrimson.com  by=matteo.diaz  ch=directmessage  via=DM->matteo.diaz
2026-09-08T04:41:12.390980+00:00  STALE    https://news.google.com/rss/search?q=*600%20Atlantic%20Avenue%20Boston*&hl=en-US&gl=US&ceid=US:en  (no just-published item; only older items resurfaced)
2026-09-08T04:41:12.390980+00:00  STALE    https://news.google.com/rss/search?q=Harvard%20investment&hl=en-US&gl=US&ceid=US:en  (no just-published item; only older items resurfaced)
2026-09-08T04:41:12.390980+00:00  STALE    https://news.google.com/rss/search?q=Harvard%20Singapore&hl=en-US&gl=US&ceid=US:en  (no just-published item; only older items resurfaced)
2026-09-08T04:41:12.390980+00:00  STALE    https://news.google.com/rss/search?q=HMC%20San%20Francisco&hl=en-US&gl=US&ceid=US:en  (no just-published item; only older items resurfaced)
2026-09-08T04:41:12.390980+00:00  CHANGED  https://www.thecrimson.com/  by=megan.blonigen  ch=directmessage  via=DM->megan.blonigen
2026-09-08T04:41:12.390980+00:00  STALE    https://news.google.com/rss/search?q=John%20Shue&hl=en-US&gl=US&ceid=US:en  (no just-published item; only older items resurfaced)
2026-09-08T04:41:12.390980+00:00  STALE    https://news.google.com/rss/search?q=marcus%20loveland&hl=en-US&gl=US&ceid=US:en  (no just-published item; only older items resurfaced)
2026-09-08T04:46:17.702532+00:00  CHANGED  https://news.google.com/rss/search?q=harvard&hl=en-US&gl=US&ceid=US:en  by=dhruv.patel  ch=directmessage  via=DM->dhruv.patel
2026-09-08T04:56:23.092260+00:00  STALE    https://news.google.com/rss/search?q=Harvard%20Management%20Company&hl=en-US&gl=US&ceid=US:en  (no just-published item; only older items resurfaced)
2026-09-08T04:56:23.092260+00:00  CHANGED  https://news.google.com/rss/search?q=Harvard&hl=en-US&gl=US&ceid=US:en  by=megan.blonigen  ch=directmessage  via=DM->megan.blonigen
2026-09-08T04:56:23.092260+00:00  STALE    https://news.google.com/rss/search?q=N.P.%20Narvekar&hl=en-US&gl=US&ceid=US:en  (no just-published item; only older items resurfaced)
2026-09-08T04:56:23.092260+00:00  STALE    https://news.google.com/rss/search?q=Rick%20Slocum&hl=en-US&gl=US&ceid=US:en  (no just-published item; only older items resurfaced)
2026-09-08T05:01:03.137583+00:00  STALE    https://news.google.com/rss/search?q=Sanjeev%20Daga&hl=en-US&gl=US&ceid=US:en  (no just-published item; only older items resurfaced)
2026-09-08T05:01:03.137583+00:00  STALE    https://news.google.com/rss/search?q=Alan%20Garber&hl=en-US&gl=US&ceid=US:en  (no just-published item; only older items resurfaced)
2026-09-08T05:01:03.137583+00:00  STALE    https://news.google.com/rss/search?q=Tricia%20Glynn&hl=en-US&gl=US&ceid=US:en  (no just-published item; only older items resurfaced)
2026-09-08T05:01:03.137583+00:00  STALE    https://news.google.com/rss/search?q=*Eric%20Doppstadt*&hl=en-US&gl=US&ceid=US:en  (no just-published item; only older items resurfaced)
2026-09-08T05:01:03.137583+00:00  STALE    https://news.google.com/rss/search?q=Paul%20Edgerley&hl=en-US&gl=US&ceid=US:en  (no just-published item; only older items resurfaced)
2026-09-08T05:01:03.137583+00:00  STALE    https://news.google.com/rss/search?q=Patrick%20Healy&hl=en-US&gl=US&ceid=US:en  (no just-published item; only older items resurfaced)
2026-09-08T05:01:03.137583+00:00  STALE    https://news.google.com/rss/search?q=Mary%20Erdoes&hl=en-US&gl=US&ceid=US:en  (no just-published item; only older items resurfaced)
2026-09-08T05:01:03.137583+00:00  STALE    https://news.google.com/rss/search?q=*Robert%20Jain*&hl=en-US&gl=US&ceid=US:en  (no just-published item; only older items resurfaced)
2026-09-08T05:01:03.137583+00:00  STALE    https://news.google.com/rss/search?q=*Mart%C3%ADn%20Escobari*&hl=en-US&gl=US&ceid=US:en  (no just-published item; only older items resurfaced)
2026-09-08T05:01:03.137583+00:00  STALE    https://news.google.com/rss/search?q=*Ritu%20Kalra*&hl=en-US&gl=US&ceid=US:en  (no just-published item; only older items resurfaced)
2026-09-08T05:01:03.137583+00:00  STALE    https://news.google.com/rss/search?q=Paul%20Finnegan&hl=en-US&gl=US&ceid=US:en  (no just-published item; only older items resurfaced)
2026-09-08T05:01:03.137583+00:00  STALE    https://news.google.com/rss/search?q=*Raymond%20McGuire*&hl=en-US&gl=US&ceid=US:en  (no just-published item; only older items resurfaced)
2026-09-08T05:01:03.137583+00:00  STALE    https://news.google.com/rss/search?q=Joshua%20Friedman&hl=en-US&gl=US&ceid=US:en  (no just-published item; only older items resurfaced)
2026-09-08T05:11:08.211019+00:00  STALE    https://news.google.com/rss/search?q=*600%20Atlantic%20Avenue%20Boston*&hl=en-US&gl=US&ceid=US:en  (no just-published item; only older items resurfaced)
2026-09-08T05:11:08.211019+00:00  STALE    https://news.google.com/rss/search?q=Harvard%20investment&hl=en-US&gl=US&ceid=US:en  (no just-published item; only older items resurfaced)
2026-09-08T05:11:08.211019+00:00  STALE    https://news.google.com/rss/search?q=Harvard%20Singapore&hl=en-US&gl=US&ceid=US:en  (no just-published item; only older items resurfaced)
2026-09-08T05:11:08.211019+00:00  STALE    https://news.google.com/rss/search?q=HMC%20San%20Francisco&hl=en-US&gl=US&ceid=US:en  (no just-published item; only older items resurfaced)
2026-09-08T05:11:08.211019+00:00  STALE    https://news.google.com/rss/search?q=John%20Shue&hl=en-US&gl=US&ceid=US:en  (no just-published item; only older items resurfaced)
2026-09-08T05:11:08.211019+00:00  STALE    https://news.google.com/rss/search?q=marcus%20loveland&hl=en-US&gl=US&ceid=US:en  (no just-published item; only older items resurfaced)
2026-09-08T05:16:10.793657+00:00  CHANGED  https://news.google.com/rss/search?q=harvard&hl=en-US&gl=US&ceid=US:en  by=dhruv.patel  ch=directmessage  via=DM->dhruv.patel
2026-09-08T05:21:13.821952+00:00  BLOCKED  https://dso.college.harvard.edu/office-culture-community/about-harvard-foundation
2026-09-08T05:26:16.993504+00:00  STALE    https://news.google.com/rss/search?q=Harvard%20Management%20Company&hl=en-US&gl=US&ceid=US:en  (no just-published item; only older items resurfaced)
2026-09-08T05:26:16.993504+00:00  CHANGED  https://news.google.com/rss/search?q=Harvard&hl=en-US&gl=US&ceid=US:en  by=megan.blonigen  ch=directmessage  via=DM->megan.blonigen
2026-09-08T05:26:16.993504+00:00  STALE    https://news.google.com/rss/search?q=N.P.%20Narvekar&hl=en-US&gl=US&ceid=US:en  (no just-published item; only older items resurfaced)
2026-09-08T05:26:16.993504+00:00  STALE    https://news.google.com/rss/search?q=Rick%20Slocum&hl=en-US&gl=US&ceid=US:en  (no just-published item; only older items resurfaced)
2026-09-08T05:31:08.170761+00:00  STALE    https://news.google.com/rss/search?q=Sanjeev%20Daga&hl=en-US&gl=US&ceid=US:en  (no just-published item; only older items resurfaced)
2026-09-08T05:31:08.170761+00:00  STALE    https://news.google.com/rss/search?q=Tim%20Barakett&hl=en-US&gl=US&ceid=US:en  (no just-published item; only older items resurfaced)
2026-09-08T05:31:08.170761+00:00  STALE    https://news.google.com/rss/search?q=Alan%20Garber&hl=en-US&gl=US&ceid=US:en  (no just-published item; only older items resurfaced)
2026-09-08T05:31:08.170761+00:00  STALE    https://news.google.com/rss/search?q=Tricia%20Glynn&hl=en-US&gl=US&ceid=US:en  (no just-published item; only older items resurfaced)
2026-09-08T05:31:08.170761+00:00  STALE    https://news.google.com/rss/search?q=*Eric%20Doppstadt*&hl=en-US&gl=US&ceid=US:en  (no just-published item; only older items resurfaced)
2026-09-08T05:31:08.170761+00:00  STALE    https://news.google.com/rss/search?q=Paul%20Edgerley&hl=en-US&gl=US&ceid=US:en  (no just-published item; only older items resurfaced)
2026-09-08T05:31:08.170761+00:00  STALE    https://news.google.com/rss/search?q=Patrick%20Healy&hl=en-US&gl=US&ceid=US:en  (no just-published item; only older items resurfaced)
2026-09-08T05:31:08.170761+00:00  STALE    https://news.google.com/rss/search?q=Mary%20Erdoes&hl=en-US&gl=US&ceid=US:en  (no just-published item; only older items resurfaced)
2026-09-08T05:31:08.170761+00:00  STALE    https://news.google.com/rss/search?q=*Robert%20Jain*&hl=en-US&gl=US&ceid=US:en  (no just-published item; only older items resurfaced)
2026-09-08T05:31:08.170761+00:00  STALE    https://news.google.com/rss/search?q=*Mart%C3%ADn%20Escobari*&hl=en-US&gl=US&ceid=US:en  (no just-published item; only older items resurfaced)
2026-09-08T05:31:08.170761+00:00  STALE    https://news.google.com/rss/search?q=*Ritu%20Kalra*&hl=en-US&gl=US&ceid=US:en  (no just-published item; only older items resurfaced)
2026-09-08T05:31:08.170761+00:00  STALE    https://news.google.com/rss/search?q=Paul%20Finnegan&hl=en-US&gl=US&ceid=US:en  (no just-published item; only older items resurfaced)
2026-09-08T05:31:08.170761+00:00  STALE    https://news.google.com/rss/search?q=*Raymond%20McGuire*&hl=en-US&gl=US&ceid=US:en  (no just-published item; only older items resurfaced)
2026-09-08T05:31:08.170761+00:00  STALE    https://news.google.com/rss/search?q=Joshua%20Friedman&hl=en-US&gl=US&ceid=US:en  (no just-published item; only older items resurfaced)
2026-09-08T05:41:14.135945+00:00  STALE    https://news.google.com/rss/search?q=*600%20Atlantic%20Avenue%20Boston*&hl=en-US&gl=US&ceid=US:en  (no just-published item; only older items resurfaced)
2026-09-08T05:41:14.135945+00:00  STALE    https://news.google.com/rss/search?q=Harvard%20investment&hl=en-US&gl=US&ceid=US:en  (no just-published item; only older items resurfaced)
2026-09-08T05:41:14.135945+00:00  STALE    https://news.google.com/rss/search?q=Harvard%20Singapore&hl=en-US&gl=US&ceid=US:en  (no just-published item; only older items resurfaced)
2026-09-08T05:41:14.135945+00:00  STALE    https://news.google.com/rss/search?q=HMC%20San%20Francisco&hl=en-US&gl=US&ceid=US:en  (no just-published item; only older items resurfaced)
2026-09-08T05:41:14.135945+00:00  STALE    https://news.google.com/rss/search?q=John%20Shue&hl=en-US&gl=US&ceid=US:en  (no just-published item; only older items resurfaced)
2026-09-08T05:41:14.135945+00:00  STALE    https://news.google.com/rss/search?q=marcus%20loveland&hl=en-US&gl=US&ceid=US:en  (no just-published item; only older items resurfaced)
2026-09-08T05:46:16.107292+00:00  CHANGED  https://news.google.com/rss/search?q=harvard&hl=en-US&gl=US&ceid=US:en  by=dhruv.patel  ch=directmessage  via=DM->dhruv.patel
2026-09-08T05:56:20.678150+00:00  STALE    https://news.google.com/rss/search?q=Harvard%20Management%20Company&hl=en-US&gl=US&ceid=US:en  (no just-published item; only older items resurfaced)
2026-09-08T05:56:20.678150+00:00  CHANGED  https://news.google.com/rss/search?q=Harvard&hl=en-US&gl=US&ceid=US:en  by=megan.blonigen  ch=directmessage  via=DM->megan.blonigen
2026-09-08T05:56:20.678150+00:00  STALE    https://news.google.com/rss/search?q=N.P.%20Narvekar&hl=en-US&gl=US&ceid=US:en  (no just-published item; only older items resurfaced)
2026-09-08T05:56:20.678150+00:00  STALE    https://news.google.com/rss/search?q=Rick%20Slocum&hl=en-US&gl=US&ceid=US:en  (no just-published item; only older items resurfaced)
2026-09-08T06:00:51.592586+00:00  STALE    https://news.google.com/rss/search?q=Sanjeev%20Daga&hl=en-US&gl=US&ceid=US:en  (no just-published item; only older items resurfaced)
2026-09-08T06:00:51.592586+00:00  STALE    https://news.google.com/rss/search?q=Tim%20Barakett&hl=en-US&gl=US&ceid=US:en  (no just-published item; only older items resurfaced)
2026-09-08T06:00:51.592586+00:00  STALE    https://news.google.com/rss/search?q=Alan%20Garber&hl=en-US&gl=US&ceid=US:en  (no just-published item; only older items resurfaced)
2026-09-08T06:00:51.592586+00:00  STALE    https://news.google.com/rss/search?q=Tricia%20Glynn&hl=en-US&gl=US&ceid=US:en  (no just-published item; only older items resurfaced)
2026-09-08T06:00:51.592586+00:00  STALE    https://news.google.com/rss/search?q=*Eric%20Doppstadt*&hl=en-US&gl=US&ceid=US:en  (no just-published item; only older items resurfaced)
2026-09-08T06:00:51.592586+00:00  STALE    https://news.google.com/rss/search?q=Paul%20Edgerley&hl=en-US&gl=US&ceid=US:en  (no just-published item; only older items resurfaced)
2026-09-08T06:00:51.592586+00:00  STALE    https://news.google.com/rss/search?q=Patrick%20Healy&hl=en-US&gl=US&ceid=US:en  (no just-published item; only older items resurfaced)
2026-09-08T06:00:51.592586+00:00  STALE    https://news.google.com/rss/search?q=Mary%20Erdoes&hl=en-US&gl=US&ceid=US:en  (no just-published item; only older items resurfaced)
2026-09-08T06:00:51.592586+00:00  STALE    https://news.google.com/rss/search?q=*Robert%20Jain*&hl=en-US&gl=US&ceid=US:en  (no just-published item; only older items resurfaced)
2026-09-08T06:00:51.592586+00:00  STALE    https://news.google.com/rss/search?q=*Mart%C3%ADn%20Escobari*&hl=en-US&gl=US&ceid=US:en  (no just-published item; only older items resurfaced)
2026-09-08T06:00:51.592586+00:00  STALE    https://news.google.com/rss/search?q=*Ritu%20Kalra*&hl=en-US&gl=US&ceid=US:en  (no just-published item; only older items resurfaced)
2026-09-08T06:00:51.592586+00:00  STALE    https://news.google.com/rss/search?q=Paul%20Finnegan&hl=en-US&gl=US&ceid=US:en  (no just-published item; only older items resurfaced)
2026-09-08T06:00:51.592586+00:00  STALE    https://news.google.com/rss/search?q=*Raymond%20McGuire*&hl=en-US&gl=US&ceid=US:en  (no just-published item; only older items resurfaced)
2026-09-08T06:00:51.592586+00:00  STALE    https://news.google.com/rss/search?q=Joshua%20Friedman&hl=en-US&gl=US&ceid=US:en  (no just-published item; only older items resurfaced)
2026-09-08T06:10:56.385831+00:00  STALE    https://news.google.com/rss/search?q=*600%20Atlantic%20Avenue%20Boston*&hl=en-US&gl=US&ceid=US:en  (no just-published item; only older items resurfaced)
2026-09-08T06:10:56.385831+00:00  STALE    https://news.google.com/rss/search?q=Harvard%20investment&hl=en-US&gl=US&ceid=US:en  (no just-published item; only older items resurfaced)
2026-09-08T06:10:56.385831+00:00  STALE    https://news.google.com/rss/search?q=Harvard%20Singapore&hl=en-US&gl=US&ceid=US:en  (no just-published item; only older items resurfaced)
2026-09-08T06:10:56.385831+00:00  STALE    https://news.google.com/rss/search?q=HMC%20San%20Francisco&hl=en-US&gl=US&ceid=US:en  (no just-published item; only older items resurfaced)
2026-09-08T06:10:56.385831+00:00  STALE    https://news.google.com/rss/search?q=John%20Shue&hl=en-US&gl=US&ceid=US:en  (no just-published item; only older items resurfaced)
2026-09-08T06:10:56.385831+00:00  STALE    https://news.google.com/rss/search?q=marcus%20loveland&hl=en-US&gl=US&ceid=US:en  (no just-published item; only older items resurfaced)
2026-09-08T06:15:58.990152+00:00  STALE    https://news.google.com/rss/search?q=harvard&hl=en-US&gl=US&ceid=US:en  (no just-published item; only older items resurfaced)
2026-09-08T06:21:01.645379+00:00  BLOCKED  https://dso.college.harvard.edu/office-culture-community/about-harvard-foundation
2026-09-08T06:26:05.101594+00:00  CHANGED  https://www.hks.harvard.edu  by=jen.phan  ch=directmessage  via=DM->jen.phan
2026-09-08T06:26:05.101594+00:00  STALE    https://news.google.com/rss/search?q=Harvard%20Management%20Company&hl=en-US&gl=US&ceid=US:en  (no just-published item; only older items resurfaced)
2026-09-08T06:26:05.101594+00:00  STALE    https://news.google.com/rss/search?q=Harvard&hl=en-US&gl=US&ceid=US:en  (no just-published item; only older items resurfaced)
2026-09-08T06:26:05.101594+00:00  STALE    https://news.google.com/rss/search?q=N.P.%20Narvekar&hl=en-US&gl=US&ceid=US:en  (no just-published item; only older items resurfaced)
2026-09-08T06:26:05.101594+00:00  STALE    https://news.google.com/rss/search?q=Rick%20Slocum&hl=en-US&gl=US&ceid=US:en  (no just-published item; only older items resurfaced)
2026-09-08T06:31:19.894617+00:00  STALE    https://news.google.com/rss/search?q=Sanjeev%20Daga&hl=en-US&gl=US&ceid=US:en  (no just-published item; only older items resurfaced)
2026-09-08T06:31:19.894617+00:00  STALE    https://news.google.com/rss/search?q=Tim%20Barakett&hl=en-US&gl=US&ceid=US:en  (no just-published item; only older items resurfaced)
2026-09-08T06:31:19.894617+00:00  STALE    https://news.google.com/rss/search?q=Alan%20Garber&hl=en-US&gl=US&ceid=US:en  (no just-published item; only older items resurfaced)
2026-09-08T06:31:19.894617+00:00  STALE    https://news.google.com/rss/search?q=Tricia%20Glynn&hl=en-US&gl=US&ceid=US:en  (no just-published item; only older items resurfaced)
2026-09-08T06:31:19.894617+00:00  STALE    https://news.google.com/rss/search?q=*Eric%20Doppstadt*&hl=en-US&gl=US&ceid=US:en  (no just-published item; only older items resurfaced)
2026-09-08T06:31:19.894617+00:00  STALE    https://news.google.com/rss/search?q=Paul%20Edgerley&hl=en-US&gl=US&ceid=US:en  (no just-published item; only older items resurfaced)
2026-09-08T06:31:19.894617+00:00  STALE    https://news.google.com/rss/search?q=Patrick%20Healy&hl=en-US&gl=US&ceid=US:en  (no just-published item; only older items resurfaced)
2026-09-08T06:31:19.894617+00:00  STALE    https://news.google.com/rss/search?q=Mary%20Erdoes&hl=en-US&gl=US&ceid=US:en  (no just-published item; only older items resurfaced)
2026-09-08T06:31:19.894617+00:00  STALE    https://news.google.com/rss/search?q=*Robert%20Jain*&hl=en-US&gl=US&ceid=US:en  (no just-published item; only older items resurfaced)
2026-09-08T06:31:19.894617+00:00  STALE    https://news.google.com/rss/search?q=*Ritu%20Kalra*&hl=en-US&gl=US&ceid=US:en  (no just-published item; only older items resurfaced)
2026-09-08T06:31:19.894617+00:00  STALE    https://news.google.com/rss/search?q=Paul%20Finnegan&hl=en-US&gl=US&ceid=US:en  (no just-published item; only older items resurfaced)
2026-09-08T06:31:19.894617+00:00  STALE    https://news.google.com/rss/search?q=*Raymond%20McGuire*&hl=en-US&gl=US&ceid=US:en  (no just-published item; only older items resurfaced)
2026-09-08T06:31:19.894617+00:00  STALE    https://news.google.com/rss/search?q=Joshua%20Friedman&hl=en-US&gl=US&ceid=US:en  (no just-published item; only older items resurfaced)
2026-09-08T06:41:25.352525+00:00  STALE    https://news.google.com/rss/search?q=*600%20Atlantic%20Avenue%20Boston*&hl=en-US&gl=US&ceid=US:en  (no just-published item; only older items resurfaced)
2026-09-08T06:41:25.352525+00:00  STALE    https://news.google.com/rss/search?q=Harvard%20investment&hl=en-US&gl=US&ceid=US:en  (no just-published item; only older items resurfaced)
2026-09-08T06:41:25.352525+00:00  STALE    https://news.google.com/rss/search?q=Harvard%20Singapore&hl=en-US&gl=US&ceid=US:en  (no just-published item; only older items resurfaced)
2026-09-08T06:41:25.352525+00:00  STALE    https://news.google.com/rss/search?q=HMC%20San%20Francisco&hl=en-US&gl=US&ceid=US:en  (no just-published item; only older items resurfaced)
2026-09-08T06:41:25.352525+00:00  STALE    https://news.google.com/rss/search?q=John%20Shue&hl=en-US&gl=US&ceid=US:en  (no just-published item; only older items resurfaced)
2026-09-08T06:41:25.352525+00:00  STALE    https://news.google.com/rss/search?q=marcus%20loveland&hl=en-US&gl=US&ceid=US:en  (no just-published item; only older items resurfaced)
2026-09-08T06:46:29.331701+00:00  STALE    https://news.google.com/rss/search?q=harvard&hl=en-US&gl=US&ceid=US:en  (no just-published item; only older items resurfaced)
2026-09-08T06:56:33.156751+00:00  STALE    https://news.google.com/rss/search?q=Harvard%20Management%20Company&hl=en-US&gl=US&ceid=US:en  (no just-published item; only older items resurfaced)
2026-09-08T06:56:33.156751+00:00  STALE    https://news.google.com/rss/search?q=Harvard&hl=en-US&gl=US&ceid=US:en  (no just-published item; only older items resurfaced)
2026-09-08T06:56:33.156751+00:00  STALE    https://news.google.com/rss/search?q=N.P.%20Narvekar&hl=en-US&gl=US&ceid=US:en  (no just-published item; only older items resurfaced)
2026-09-08T06:56:33.156751+00:00  STALE    https://news.google.com/rss/search?q=Rick%20Slocum&hl=en-US&gl=US&ceid=US:en  (no just-published item; only older items resurfaced)
2026-09-08T07:28:06.091847+00:00  STALE    https://news.google.com/rss/search?q=Harvard%20Management%20Company&hl=en-US&gl=US&ceid=US:en  (no just-published item; only older items resurfaced)
2026-09-08T07:28:06.091847+00:00  STALE    https://news.google.com/rss/search?q=Harvard&hl=en-US&gl=US&ceid=US:en  (no just-published item; only older items resurfaced)
2026-09-08T07:28:06.091847+00:00  STALE    https://news.google.com/rss/search?q=N.P.%20Narvekar&hl=en-US&gl=US&ceid=US:en  (no just-published item; only older items resurfaced)
2026-09-08T07:28:06.091847+00:00  STALE    https://news.google.com/rss/search?q=Rick%20Slocum&hl=en-US&gl=US&ceid=US:en  (no just-published item; only older items resurfaced)
2026-09-08T07:33:09.230938+00:00  STALE    https://news.google.com/rss/search?q=Sanjeev%20Daga&hl=en-US&gl=US&ceid=US:en  (no just-published item; only older items resurfaced)
2026-09-08T07:33:09.230938+00:00  STALE    https://news.google.com/rss/search?q=Tim%20Barakett&hl=en-US&gl=US&ceid=US:en  (no just-published item; only older items resurfaced)
2026-09-08T07:33:09.230938+00:00  STALE    https://news.google.com/rss/search?q=Alan%20Garber&hl=en-US&gl=US&ceid=US:en  (no just-published item; only older items resurfaced)
2026-09-08T07:33:09.230938+00:00  STALE    https://news.google.com/rss/search?q=Tricia%20Glynn&hl=en-US&gl=US&ceid=US:en  (no just-published item; only older items resurfaced)
2026-09-08T07:33:09.230938+00:00  STALE    https://news.google.com/rss/search?q=*Eric%20Doppstadt*&hl=en-US&gl=US&ceid=US:en  (no just-published item; only older items resurfaced)
2026-09-08T07:33:09.230938+00:00  STALE    https://news.google.com/rss/search?q=Paul%20Edgerley&hl=en-US&gl=US&ceid=US:en  (no just-published item; only older items resurfaced)
2026-09-08T07:33:09.230938+00:00  STALE    https://news.google.com/rss/search?q=Patrick%20Healy&hl=en-US&gl=US&ceid=US:en  (no just-published item; only older items resurfaced)
2026-09-08T07:33:09.230938+00:00  STALE    https://news.google.com/rss/search?q=Mary%20Erdoes&hl=en-US&gl=US&ceid=US:en  (no just-published item; only older items resurfaced)
2026-09-08T07:33:09.230938+00:00  STALE    https://news.google.com/rss/search?q=*Robert%20Jain*&hl=en-US&gl=US&ceid=US:en  (no just-published item; only older items resurfaced)
2026-09-08T07:33:09.230938+00:00  STALE    https://news.google.com/rss/search?q=*Ritu%20Kalra*&hl=en-US&gl=US&ceid=US:en  (no just-published item; only older items resurfaced)
2026-09-08T07:33:09.230938+00:00  STALE    https://news.google.com/rss/search?q=Paul%20Finnegan&hl=en-US&gl=US&ceid=US:en  (no just-published item; only older items resurfaced)
2026-09-08T07:33:09.230938+00:00  STALE    https://news.google.com/rss/search?q=*Raymond%20McGuire*&hl=en-US&gl=US&ceid=US:en  (no just-published item; only older items resurfaced)
2026-09-08T07:33:09.230938+00:00  STALE    https://news.google.com/rss/search?q=Joshua%20Friedman&hl=en-US&gl=US&ceid=US:en  (no just-published item; only older items resurfaced)
2026-09-08T07:43:16.614210+00:00  STALE    https://news.google.com/rss/search?q=*600%20Atlantic%20Avenue%20Boston*&hl=en-US&gl=US&ceid=US:en  (no just-published item; only older items resurfaced)
2026-09-08T07:43:16.614210+00:00  STALE    https://news.google.com/rss/search?q=Harvard%20investment&hl=en-US&gl=US&ceid=US:en  (no just-published item; only older items resurfaced)
2026-09-08T07:43:16.614210+00:00  STALE    https://news.google.com/rss/search?q=Harvard%20Singapore&hl=en-US&gl=US&ceid=US:en  (no just-published item; only older items resurfaced)
2026-09-08T07:43:16.614210+00:00  STALE    https://news.google.com/rss/search?q=HMC%20San%20Francisco&hl=en-US&gl=US&ceid=US:en  (no just-published item; only older items resurfaced)
2026-09-08T07:43:16.614210+00:00  STALE    https://news.google.com/rss/search?q=John%20Shue&hl=en-US&gl=US&ceid=US:en  (no just-published item; only older items resurfaced)
2026-09-08T07:43:16.614210+00:00  STALE    https://news.google.com/rss/search?q=marcus%20loveland&hl=en-US&gl=US&ceid=US:en  (no just-published item; only older items resurfaced)
2026-09-08T07:48:19.115421+00:00  STALE    https://news.google.com/rss/search?q=harvard&hl=en-US&gl=US&ceid=US:en  (no just-published item; only older items resurfaced)
2026-09-08T08:20:05.089767+00:00  CHANGED  https://www.courtlistener.com/docket/72275604/united-states-v-president-and-fellows-of-harvard-college-harvard/?order_by=desc  by=hugo.chiasson  ch=directmessage  via=DM->hugo.chiasson
2026-09-08T08:20:05.089767+00:00  STALE    https://news.google.com/rss/search?q=harvard&hl=en-US&gl=US&ceid=US:en  (no just-published item; only older items resurfaced)
2026-09-08T08:25:40.921067+00:00  BLOCKED  https://dso.college.harvard.edu/office-culture-community/about-harvard-foundation
2026-09-08T08:30:43.539806+00:00  STALE    https://news.google.com/rss/search?q=Harvard%20Management%20Company&hl=en-US&gl=US&ceid=US:en  (no just-published item; only older items resurfaced)
2026-09-08T08:30:43.539806+00:00  STALE    https://news.google.com/rss/search?q=Harvard&hl=en-US&gl=US&ceid=US:en  (no just-published item; only older items resurfaced)
2026-09-08T08:30:43.539806+00:00  STALE    https://news.google.com/rss/search?q=N.P.%20Narvekar&hl=en-US&gl=US&ceid=US:en  (no just-published item; only older items resurfaced)
2026-09-08T08:30:43.539806+00:00  STALE    https://news.google.com/rss/search?q=Rick%20Slocum&hl=en-US&gl=US&ceid=US:en  (no just-published item; only older items resurfaced)
2026-09-08T08:37:32.347283+00:00  CHANGED  https://news.google.com/rss/search?q=Sanjeev%20Daga&hl=en-US&gl=US&ceid=US:en  by=megan.blonigen  ch=directmessage  via=DM->megan.blonigen
2026-09-08T08:37:32.347283+00:00  CHANGED  https://news.google.com/rss/search?q=Tim%20Barakett&hl=en-US&gl=US&ceid=US:en  by=megan.blonigen  ch=directmessage  via=DM->megan.blonigen
2026-09-08T08:37:32.347283+00:00  STALE    https://news.google.com/rss/search?q=Alan%20Garber&hl=en-US&gl=US&ceid=US:en  (no just-published item; only older items resurfaced)
2026-09-08T08:37:32.347283+00:00  ERROR    https://news.google.com/rss/search?q=Tricia%20Glynn&hl=en-US&gl=US&ceid=US:en  HTTP Error 503: Service Unavailable
2026-09-08T08:37:32.347283+00:00  CHANGED  https://news.google.com/rss/search?q=*Eric%20Doppstadt*&hl=en-US&gl=US&ceid=US:en  by=megan.blonigen  ch=directmessage  via=DM->megan.blonigen
2026-09-08T08:37:32.347283+00:00  ERROR    https://news.google.com/rss/search?q=Paul%20Edgerley&hl=en-US&gl=US&ceid=US:en  HTTP Error 503: Service Unavailable
2026-09-08T08:37:32.347283+00:00  STALE    https://news.google.com/rss/search?q=Patrick%20Healy&hl=en-US&gl=US&ceid=US:en  (no just-published item; only older items resurfaced)
2026-09-08T08:37:32.347283+00:00  STALE    https://news.google.com/rss/search?q=Mary%20Erdoes&hl=en-US&gl=US&ceid=US:en  (no just-published item; only older items resurfaced)
2026-09-08T08:37:32.347283+00:00  STALE    https://news.google.com/rss/search?q=*Robert%20Jain*&hl=en-US&gl=US&ceid=US:en  (no just-published item; only older items resurfaced)
2026-09-08T09:13:17.590965+00:00  STALE    https://news.google.com/rss/search?q=Sanjeev%20Daga&hl=en-US&gl=US&ceid=US:en  (no just-published item; only older items resurfaced)
2026-09-08T09:13:17.590965+00:00  STALE    https://news.google.com/rss/search?q=Tim%20Barakett&hl=en-US&gl=US&ceid=US:en  (no just-published item; only older items resurfaced)
2026-09-08T09:13:17.590965+00:00  STALE    https://news.google.com/rss/search?q=Alan%20Garber&hl=en-US&gl=US&ceid=US:en  (no just-published item; only older items resurfaced)
2026-09-08T09:13:17.590965+00:00  STALE    https://news.google.com/rss/search?q=Tricia%20Glynn&hl=en-US&gl=US&ceid=US:en  (no just-published item; only older items resurfaced)
2026-09-08T09:13:17.590965+00:00  STALE    https://news.google.com/rss/search?q=*Eric%20Doppstadt*&hl=en-US&gl=US&ceid=US:en  (no just-published item; only older items resurfaced)
2026-09-08T09:13:17.590965+00:00  STALE    https://news.google.com/rss/search?q=Paul%20Edgerley&hl=en-US&gl=US&ceid=US:en  (no just-published item; only older items resurfaced)
2026-09-08T09:13:17.590965+00:00  STALE    https://news.google.com/rss/search?q=Patrick%20Healy&hl=en-US&gl=US&ceid=US:en  (no just-published item; only older items resurfaced)
2026-09-08T09:13:17.590965+00:00  STALE    https://news.google.com/rss/search?q=Mary%20Erdoes&hl=en-US&gl=US&ceid=US:en  (no just-published item; only older items resurfaced)
2026-09-08T09:13:17.590965+00:00  STALE    https://news.google.com/rss/search?q=*Robert%20Jain*&hl=en-US&gl=US&ceid=US:en  (no just-published item; only older items resurfaced)
2026-09-08T09:13:17.590965+00:00  STALE    https://news.google.com/rss/search?q=*Mart%C3%ADn%20Escobari*&hl=en-US&gl=US&ceid=US:en  (no just-published item; only older items resurfaced)
2026-09-08T09:13:17.590965+00:00  STALE    https://news.google.com/rss/search?q=*Ritu%20Kalra*&hl=en-US&gl=US&ceid=US:en  (no just-published item; only older items resurfaced)
2026-09-08T09:13:17.590965+00:00  STALE    https://news.google.com/rss/search?q=Paul%20Finnegan&hl=en-US&gl=US&ceid=US:en  (no just-published item; only older items resurfaced)
2026-09-08T09:13:17.590965+00:00  STALE    https://news.google.com/rss/search?q=*Raymond%20McGuire*&hl=en-US&gl=US&ceid=US:en  (no just-published item; only older items resurfaced)
2026-09-08T09:13:17.590965+00:00  STALE    https://news.google.com/rss/search?q=Joshua%20Friedman&hl=en-US&gl=US&ceid=US:en  (no just-published item; only older items resurfaced)
2026-09-08T09:18:20.534528+00:00  STALE    https://news.google.com/rss/search?q=*600%20Atlantic%20Avenue%20Boston*&hl=en-US&gl=US&ceid=US:en  (no just-published item; only older items resurfaced)
2026-09-08T09:18:20.534528+00:00  STALE    https://news.google.com/rss/search?q=Harvard%20investment&hl=en-US&gl=US&ceid=US:en  (no just-published item; only older items resurfaced)
2026-09-08T09:18:20.534528+00:00  STALE    https://news.google.com/rss/search?q=Harvard%20Singapore&hl=en-US&gl=US&ceid=US:en  (no just-published item; only older items resurfaced)
2026-09-08T09:18:20.534528+00:00  STALE    https://news.google.com/rss/search?q=HMC%20San%20Francisco&hl=en-US&gl=US&ceid=US:en  (no just-published item; only older items resurfaced)
2026-09-08T09:18:20.534528+00:00  STALE    https://news.google.com/rss/search?q=John%20Shue&hl=en-US&gl=US&ceid=US:en  (no just-published item; only older items resurfaced)
2026-09-08T09:18:20.534528+00:00  STALE    https://news.google.com/rss/search?q=marcus%20loveland&hl=en-US&gl=US&ceid=US:en  (no just-published item; only older items resurfaced)
2026-09-08T09:23:22.461839+00:00  CHANGED  https://news.google.com/rss/search?q=harvard&hl=en-US&gl=US&ceid=US:en  by=dhruv.patel  ch=directmessage  via=DM->dhruv.patel
2026-09-08T09:28:25.169447+00:00  BLOCKED  https://dso.college.harvard.edu/office-culture-community/about-harvard-foundation
2026-09-08T09:33:31.358967+00:00  STALE    https://news.google.com/rss/search?q=Harvard%20Management%20Company&hl=en-US&gl=US&ceid=US:en  (no just-published item; only older items resurfaced)
2026-09-08T09:33:31.358967+00:00  CHANGED  https://news.google.com/rss/search?q=Harvard&hl=en-US&gl=US&ceid=US:en  by=megan.blonigen  ch=directmessage  via=DM->megan.blonigen
2026-09-08T09:33:31.358967+00:00  STALE    https://news.google.com/rss/search?q=N.P.%20Narvekar&hl=en-US&gl=US&ceid=US:en  (no just-published item; only older items resurfaced)
2026-09-08T09:33:31.358967+00:00  STALE    https://news.google.com/rss/search?q=Rick%20Slocum&hl=en-US&gl=US&ceid=US:en  (no just-published item; only older items resurfaced)
2026-09-08T10:05:51.894900+00:00  STALE    https://news.google.com/rss/search?q=Harvard%20Management%20Company&hl=en-US&gl=US&ceid=US:en  (no just-published item; only older items resurfaced)
2026-09-08T10:05:51.894900+00:00  STALE    https://news.google.com/rss/search?q=Harvard&hl=en-US&gl=US&ceid=US:en  (no just-published item; only older items resurfaced)
2026-09-08T10:05:51.894900+00:00  STALE    https://news.google.com/rss/search?q=N.P.%20Narvekar&hl=en-US&gl=US&ceid=US:en  (no just-published item; only older items resurfaced)
2026-09-08T10:05:51.894900+00:00  STALE    https://news.google.com/rss/search?q=Rick%20Slocum&hl=en-US&gl=US&ceid=US:en  (no just-published item; only older items resurfaced)
2026-09-08T10:15:59.398054+00:00  STALE    https://news.google.com/rss/search?q=Sanjeev%20Daga&hl=en-US&gl=US&ceid=US:en  (no just-published item; only older items resurfaced)
2026-09-08T10:15:59.398054+00:00  STALE    https://news.google.com/rss/search?q=Tim%20Barakett&hl=en-US&gl=US&ceid=US:en  (no just-published item; only older items resurfaced)
2026-09-08T10:15:59.398054+00:00  STALE    https://news.google.com/rss/search?q=Alan%20Garber&hl=en-US&gl=US&ceid=US:en  (no just-published item; only older items resurfaced)
2026-09-08T10:15:59.398054+00:00  STALE    https://news.google.com/rss/search?q=Tricia%20Glynn&hl=en-US&gl=US&ceid=US:en  (no just-published item; only older items resurfaced)
2026-09-08T10:15:59.398054+00:00  STALE    https://news.google.com/rss/search?q=*Eric%20Doppstadt*&hl=en-US&gl=US&ceid=US:en  (no just-published item; only older items resurfaced)
2026-09-08T10:15:59.398054+00:00  STALE    https://news.google.com/rss/search?q=Paul%20Edgerley&hl=en-US&gl=US&ceid=US:en  (no just-published item; only older items resurfaced)
2026-09-08T10:15:59.398054+00:00  STALE    https://news.google.com/rss/search?q=Patrick%20Healy&hl=en-US&gl=US&ceid=US:en  (no just-published item; only older items resurfaced)
2026-09-08T10:15:59.398054+00:00  STALE    https://news.google.com/rss/search?q=Mary%20Erdoes&hl=en-US&gl=US&ceid=US:en  (no just-published item; only older items resurfaced)
2026-09-08T10:15:59.398054+00:00  STALE    https://news.google.com/rss/search?q=*Robert%20Jain*&hl=en-US&gl=US&ceid=US:en  (no just-published item; only older items resurfaced)
2026-09-08T10:15:59.398054+00:00  STALE    https://news.google.com/rss/search?q=*Mart%C3%ADn%20Escobari*&hl=en-US&gl=US&ceid=US:en  (no just-published item; only older items resurfaced)
2026-09-08T10:15:59.398054+00:00  STALE    https://news.google.com/rss/search?q=*Ritu%20Kalra*&hl=en-US&gl=US&ceid=US:en  (no just-published item; only older items resurfaced)
2026-09-08T10:15:59.398054+00:00  STALE    https://news.google.com/rss/search?q=Paul%20Finnegan&hl=en-US&gl=US&ceid=US:en  (no just-published item; only older items resurfaced)
2026-09-08T10:15:59.398054+00:00  STALE    https://news.google.com/rss/search?q=*Raymond%20McGuire*&hl=en-US&gl=US&ceid=US:en  (no just-published item; only older items resurfaced)
2026-09-08T10:15:59.398054+00:00  STALE    https://news.google.com/rss/search?q=Joshua%20Friedman&hl=en-US&gl=US&ceid=US:en  (no just-published item; only older items resurfaced)
2026-09-08T10:21:02.275404+00:00  STALE    https://news.google.com/rss/search?q=*600%20Atlantic%20Avenue%20Boston*&hl=en-US&gl=US&ceid=US:en  (no just-published item; only older items resurfaced)
2026-09-08T10:21:02.275404+00:00  STALE    https://news.google.com/rss/search?q=Harvard%20investment&hl=en-US&gl=US&ceid=US:en  (no just-published item; only older items resurfaced)
2026-09-08T10:21:02.275404+00:00  STALE    https://news.google.com/rss/search?q=Harvard%20Singapore&hl=en-US&gl=US&ceid=US:en  (no just-published item; only older items resurfaced)
2026-09-08T10:21:02.275404+00:00  STALE    https://news.google.com/rss/search?q=HMC%20San%20Francisco&hl=en-US&gl=US&ceid=US:en  (no just-published item; only older items resurfaced)
2026-09-08T10:21:02.275404+00:00  STALE    https://news.google.com/rss/search?q=John%20Shue&hl=en-US&gl=US&ceid=US:en  (no just-published item; only older items resurfaced)
2026-09-08T10:21:02.275404+00:00  STALE    https://news.google.com/rss/search?q=marcus%20loveland&hl=en-US&gl=US&ceid=US:en  (no just-published item; only older items resurfaced)
2026-09-08T10:26:05.466284+00:00  CHANGED  https://news.google.com/rss/search?q=harvard&hl=en-US&gl=US&ceid=US:en  by=dhruv.patel  ch=directmessage  via=DM->dhruv.patel
2026-09-08T10:31:06.539725+00:00  BLOCKED  https://dso.college.harvard.edu/office-culture-community/about-harvard-foundation
2026-09-08T10:36:11.451870+00:00  STALE    https://news.google.com/rss/search?q=Harvard%20Management%20Company&hl=en-US&gl=US&ceid=US:en  (no just-published item; only older items resurfaced)
2026-09-08T10:36:11.451870+00:00  CHANGED  https://news.google.com/rss/search?q=Harvard&hl=en-US&gl=US&ceid=US:en  by=megan.blonigen  ch=directmessage  via=DM->megan.blonigen
2026-09-08T10:36:11.451870+00:00  STALE    https://news.google.com/rss/search?q=N.P.%20Narvekar&hl=en-US&gl=US&ceid=US:en  (no just-published item; only older items resurfaced)
2026-09-08T10:36:11.451870+00:00  STALE    https://news.google.com/rss/search?q=Rick%20Slocum&hl=en-US&gl=US&ceid=US:en  (no just-published item; only older items resurfaced)
2026-09-08T10:46:17.885107+00:00  STALE    https://news.google.com/rss/search?q=Sanjeev%20Daga&hl=en-US&gl=US&ceid=US:en  (no just-published item; only older items resurfaced)
2026-09-08T10:46:17.885107+00:00  STALE    https://news.google.com/rss/search?q=Tim%20Barakett&hl=en-US&gl=US&ceid=US:en  (no just-published item; only older items resurfaced)
2026-09-08T10:46:17.885107+00:00  STALE    https://news.google.com/rss/search?q=Alan%20Garber&hl=en-US&gl=US&ceid=US:en  (no just-published item; only older items resurfaced)
2026-09-08T10:46:17.885107+00:00  STALE    https://news.google.com/rss/search?q=Tricia%20Glynn&hl=en-US&gl=US&ceid=US:en  (no just-published item; only older items resurfaced)
2026-09-08T10:46:17.885107+00:00  STALE    https://news.google.com/rss/search?q=*Eric%20Doppstadt*&hl=en-US&gl=US&ceid=US:en  (no just-published item; only older items resurfaced)
2026-09-08T10:46:17.885107+00:00  STALE    https://news.google.com/rss/search?q=Paul%20Edgerley&hl=en-US&gl=US&ceid=US:en  (no just-published item; only older items resurfaced)
2026-09-08T10:46:17.885107+00:00  STALE    https://news.google.com/rss/search?q=Patrick%20Healy&hl=en-US&gl=US&ceid=US:en  (no just-published item; only older items resurfaced)
2026-09-08T10:46:17.885107+00:00  STALE    https://news.google.com/rss/search?q=Mary%20Erdoes&hl=en-US&gl=US&ceid=US:en  (no just-published item; only older items resurfaced)
2026-09-08T10:46:17.885107+00:00  STALE    https://news.google.com/rss/search?q=*Robert%20Jain*&hl=en-US&gl=US&ceid=US:en  (no just-published item; only older items resurfaced)
2026-09-08T10:46:17.885107+00:00  STALE    https://news.google.com/rss/search?q=*Mart%C3%ADn%20Escobari*&hl=en-US&gl=US&ceid=US:en  (no just-published item; only older items resurfaced)
2026-09-08T10:46:17.885107+00:00  STALE    https://news.google.com/rss/search?q=*Ritu%20Kalra*&hl=en-US&gl=US&ceid=US:en  (no just-published item; only older items resurfaced)
2026-09-08T10:46:17.885107+00:00  STALE    https://news.google.com/rss/search?q=Paul%20Finnegan&hl=en-US&gl=US&ceid=US:en  (no just-published item; only older items resurfaced)
2026-09-08T10:46:17.885107+00:00  STALE    https://news.google.com/rss/search?q=*Raymond%20McGuire*&hl=en-US&gl=US&ceid=US:en  (no just-published item; only older items resurfaced)
2026-09-08T10:46:17.885107+00:00  STALE    https://news.google.com/rss/search?q=Joshua%20Friedman&hl=en-US&gl=US&ceid=US:en  (no just-published item; only older items resurfaced)
2026-09-08T10:51:21.384197+00:00  STALE    https://news.google.com/rss/search?q=*600%20Atlantic%20Avenue%20Boston*&hl=en-US&gl=US&ceid=US:en  (no just-published item; only older items resurfaced)
2026-09-08T10:51:21.384197+00:00  STALE    https://news.google.com/rss/search?q=Harvard%20investment&hl=en-US&gl=US&ceid=US:en  (no just-published item; only older items resurfaced)
2026-09-08T10:51:21.384197+00:00  STALE    https://news.google.com/rss/search?q=Harvard%20Singapore&hl=en-US&gl=US&ceid=US:en  (no just-published item; only older items resurfaced)
2026-09-08T10:51:21.384197+00:00  STALE    https://news.google.com/rss/search?q=HMC%20San%20Francisco&hl=en-US&gl=US&ceid=US:en  (no just-published item; only older items resurfaced)
2026-09-08T10:51:21.384197+00:00  STALE    https://news.google.com/rss/search?q=John%20Shue&hl=en-US&gl=US&ceid=US:en  (no just-published item; only older items resurfaced)
2026-09-08T10:51:21.384197+00:00  STALE    https://news.google.com/rss/search?q=marcus%20loveland&hl=en-US&gl=US&ceid=US:en  (no just-published item; only older items resurfaced)
2026-09-08T10:56:23.856564+00:00  STALE    https://news.google.com/rss/search?q=harvard&hl=en-US&gl=US&ceid=US:en  (no just-published item; only older items resurfaced)
2026-09-08T11:06:01.952857+00:00  STALE    https://news.google.com/rss/search?q=Harvard%20Management%20Company&hl=en-US&gl=US&ceid=US:en  (no just-published item; only older items resurfaced)
2026-09-08T11:06:01.952857+00:00  STALE    https://news.google.com/rss/search?q=Harvard&hl=en-US&gl=US&ceid=US:en  (no just-published item; only older items resurfaced)
2026-09-08T11:06:01.952857+00:00  STALE    https://news.google.com/rss/search?q=N.P.%20Narvekar&hl=en-US&gl=US&ceid=US:en  (no just-published item; only older items resurfaced)
2026-09-08T11:06:01.952857+00:00  STALE    https://news.google.com/rss/search?q=Rick%20Slocum&hl=en-US&gl=US&ceid=US:en  (no just-published item; only older items resurfaced)
2026-09-08T11:16:06.135896+00:00  STALE    https://news.google.com/rss/search?q=Sanjeev%20Daga&hl=en-US&gl=US&ceid=US:en  (no just-published item; only older items resurfaced)
2026-09-08T11:16:06.135896+00:00  STALE    https://news.google.com/rss/search?q=Tim%20Barakett&hl=en-US&gl=US&ceid=US:en  (no just-published item; only older items resurfaced)
2026-09-08T11:16:06.135896+00:00  STALE    https://news.google.com/rss/search?q=Alan%20Garber&hl=en-US&gl=US&ceid=US:en  (no just-published item; only older items resurfaced)
2026-09-08T11:16:06.135896+00:00  STALE    https://news.google.com/rss/search?q=Tricia%20Glynn&hl=en-US&gl=US&ceid=US:en  (no just-published item; only older items resurfaced)
2026-09-08T11:16:06.135896+00:00  STALE    https://news.google.com/rss/search?q=Paul%20Edgerley&hl=en-US&gl=US&ceid=US:en  (no just-published item; only older items resurfaced)
2026-09-08T11:16:06.135896+00:00  STALE    https://news.google.com/rss/search?q=Patrick%20Healy&hl=en-US&gl=US&ceid=US:en  (no just-published item; only older items resurfaced)
2026-09-08T11:16:06.135896+00:00  STALE    https://news.google.com/rss/search?q=Mary%20Erdoes&hl=en-US&gl=US&ceid=US:en  (no just-published item; only older items resurfaced)
2026-09-08T11:16:06.135896+00:00  STALE    https://news.google.com/rss/search?q=*Robert%20Jain*&hl=en-US&gl=US&ceid=US:en  (no just-published item; only older items resurfaced)
2026-09-08T11:16:06.135896+00:00  STALE    https://news.google.com/rss/search?q=*Mart%C3%ADn%20Escobari*&hl=en-US&gl=US&ceid=US:en  (no just-published item; only older items resurfaced)
2026-09-08T11:16:06.135896+00:00  STALE    https://news.google.com/rss/search?q=*Ritu%20Kalra*&hl=en-US&gl=US&ceid=US:en  (no just-published item; only older items resurfaced)
2026-09-08T11:16:06.135896+00:00  STALE    https://news.google.com/rss/search?q=Paul%20Finnegan&hl=en-US&gl=US&ceid=US:en  (no just-published item; only older items resurfaced)
2026-09-08T11:16:06.135896+00:00  STALE    https://news.google.com/rss/search?q=*Raymond%20McGuire*&hl=en-US&gl=US&ceid=US:en  (no just-published item; only older items resurfaced)
2026-09-08T11:16:06.135896+00:00  STALE    https://news.google.com/rss/search?q=Joshua%20Friedman&hl=en-US&gl=US&ceid=US:en  (no just-published item; only older items resurfaced)
2026-09-08T11:21:08.795137+00:00  STALE    https://news.google.com/rss/search?q=*600%20Atlantic%20Avenue%20Boston*&hl=en-US&gl=US&ceid=US:en  (no just-published item; only older items resurfaced)
2026-09-08T11:21:08.795137+00:00  STALE    https://news.google.com/rss/search?q=Harvard%20investment&hl=en-US&gl=US&ceid=US:en  (no just-published item; only older items resurfaced)
2026-09-08T11:21:08.795137+00:00  STALE    https://news.google.com/rss/search?q=Harvard%20Singapore&hl=en-US&gl=US&ceid=US:en  (no just-published item; only older items resurfaced)
2026-09-08T11:21:08.795137+00:00  STALE    https://news.google.com/rss/search?q=HMC%20San%20Francisco&hl=en-US&gl=US&ceid=US:en  (no just-published item; only older items resurfaced)
2026-09-08T11:21:08.795137+00:00  STALE    https://news.google.com/rss/search?q=John%20Shue&hl=en-US&gl=US&ceid=US:en  (no just-published item; only older items resurfaced)
2026-09-08T11:21:08.795137+00:00  STALE    https://news.google.com/rss/search?q=marcus%20loveland&hl=en-US&gl=US&ceid=US:en  (no just-published item; only older items resurfaced)
2026-09-08T11:26:10.762482+00:00  STALE    https://news.google.com/rss/search?q=harvard&hl=en-US&gl=US&ceid=US:en  (no just-published item; only older items resurfaced)
2026-09-08T11:31:18.521987+00:00  BLOCKED  https://dso.college.harvard.edu/office-culture-community/about-harvard-foundation
2026-09-08T11:36:22.674031+00:00  CHANGED  https://www.hks.harvard.edu  by=jen.phan  ch=directmessage  via=DM->jen.phan
2026-09-08T11:36:22.674031+00:00  STALE    https://news.google.com/rss/search?q=Harvard%20Management%20Company&hl=en-US&gl=US&ceid=US:en  (no just-published item; only older items resurfaced)
2026-09-08T11:36:22.674031+00:00  STALE    https://news.google.com/rss/search?q=Harvard&hl=en-US&gl=US&ceid=US:en  (no just-published item; only older items resurfaced)
2026-09-08T11:36:22.674031+00:00  STALE    https://news.google.com/rss/search?q=N.P.%20Narvekar&hl=en-US&gl=US&ceid=US:en  (no just-published item; only older items resurfaced)
2026-09-08T11:36:22.674031+00:00  STALE    https://news.google.com/rss/search?q=Rick%20Slocum&hl=en-US&gl=US&ceid=US:en  (no just-published item; only older items resurfaced)
2026-09-08T11:46:27.346158+00:00  CHANGED  https://www.courtlistener.com/docket/72090192/president-and-fellows-of-harvard-college-v-us-department-of-health-and/?order_by=desc  by=hugo.chiasson  ch=directmessage  via=DM->hugo.chiasson
2026-09-08T11:46:27.346158+00:00  STALE    https://news.google.com/rss/search?q=Sanjeev%20Daga&hl=en-US&gl=US&ceid=US:en  (no just-published item; only older items resurfaced)
2026-09-08T11:46:27.346158+00:00  STALE    https://news.google.com/rss/search?q=Tim%20Barakett&hl=en-US&gl=US&ceid=US:en  (no just-published item; only older items resurfaced)
2026-09-08T11:46:27.346158+00:00  STALE    https://news.google.com/rss/search?q=Alan%20Garber&hl=en-US&gl=US&ceid=US:en  (no just-published item; only older items resurfaced)
2026-09-08T11:46:27.346158+00:00  STALE    https://news.google.com/rss/search?q=Tricia%20Glynn&hl=en-US&gl=US&ceid=US:en  (no just-published item; only older items resurfaced)
2026-09-08T11:46:27.346158+00:00  STALE    https://news.google.com/rss/search?q=Patrick%20Healy&hl=en-US&gl=US&ceid=US:en  (no just-published item; only older items resurfaced)
2026-09-08T11:46:27.346158+00:00  STALE    https://news.google.com/rss/search?q=Mary%20Erdoes&hl=en-US&gl=US&ceid=US:en  (no just-published item; only older items resurfaced)
2026-09-08T11:46:27.346158+00:00  STALE    https://news.google.com/rss/search?q=*Robert%20Jain*&hl=en-US&gl=US&ceid=US:en  (no just-published item; only older items resurfaced)
2026-09-08T11:46:27.346158+00:00  STALE    https://news.google.com/rss/search?q=*Ritu%20Kalra*&hl=en-US&gl=US&ceid=US:en  (no just-published item; only older items resurfaced)
2026-09-08T11:46:27.346158+00:00  STALE    https://news.google.com/rss/search?q=Paul%20Finnegan&hl=en-US&gl=US&ceid=US:en  (no just-published item; only older items resurfaced)
2026-09-08T11:46:27.346158+00:00  STALE    https://news.google.com/rss/search?q=*Raymond%20McGuire*&hl=en-US&gl=US&ceid=US:en  (no just-published item; only older items resurfaced)
2026-09-08T11:46:27.346158+00:00  STALE    https://news.google.com/rss/search?q=Joshua%20Friedman&hl=en-US&gl=US&ceid=US:en  (no just-published item; only older items resurfaced)
2026-09-08T11:51:30.158430+00:00  CHANGED  https://www.courtlistener.com/docket/72090192/president-and-fellows-of-harvard-college-v-us-department-of-health-and/?order_by=desc  by=hugo.chiasson  ch=directmessage  via=DM->hugo.chiasson
2026-09-08T11:51:30.158430+00:00  STALE    https://news.google.com/rss/search?q=*600%20Atlantic%20Avenue%20Boston*&hl=en-US&gl=US&ceid=US:en  (no just-published item; only older items resurfaced)
2026-09-08T11:51:30.158430+00:00  STALE    https://news.google.com/rss/search?q=Harvard%20investment&hl=en-US&gl=US&ceid=US:en  (no just-published item; only older items resurfaced)
2026-09-08T11:51:30.158430+00:00  STALE    https://news.google.com/rss/search?q=Harvard%20Singapore&hl=en-US&gl=US&ceid=US:en  (no just-published item; only older items resurfaced)
2026-09-08T11:51:30.158430+00:00  STALE    https://news.google.com/rss/search?q=HMC%20San%20Francisco&hl=en-US&gl=US&ceid=US:en  (no just-published item; only older items resurfaced)
2026-09-08T11:51:30.158430+00:00  STALE    https://news.google.com/rss/search?q=marcus%20loveland&hl=en-US&gl=US&ceid=US:en  (no just-published item; only older items resurfaced)
2026-09-08T11:56:32.994010+00:00  STALE    https://news.google.com/rss/search?q=harvard&hl=en-US&gl=US&ceid=US:en  (no just-published item; only older items resurfaced)
2026-09-08T12:01:26.010721+00:00  CHANGED  https://thecrimson.com  by=dhruv.patel  ch=directmessage  via=DM->dhruv.patel
2026-09-08T12:01:26.010721+00:00  CHANGED  https://thecrimson.com  by=matteo.diaz  ch=matteo-internal  via=DM->matteo.diaz
2026-09-08T12:01:26.010721+00:00  CHANGED  https://thecrimson.com  by=sebastian.connolly  ch=directmessage  via=DM->sebastian.connolly
2026-09-08T12:01:26.010721+00:00  CHANGED  https://thecrimson.com  by=matteo.diaz  ch=directmessage  via=DM->matteo.diaz
2026-09-08T12:01:26.010721+00:00  ERROR    https://www.courtlistener.com/docket/72090192/president-and-fellows-of-harvard-college-v-us-department-of-health-and/?order_by=desc  HTTP Error 502: Bad Gateway
2026-09-08T12:01:26.010721+00:00  CHANGED  https://www.thecrimson.com/  by=megan.blonigen  ch=directmessage  via=DM->megan.blonigen
2026-09-08T12:06:30.508254+00:00  STALE    https://news.google.com/rss/search?q=Harvard%20Management%20Company&hl=en-US&gl=US&ceid=US:en  (no just-published item; only older items resurfaced)
2026-09-08T12:06:30.508254+00:00  CHANGED  https://news.google.com/rss/search?q=Harvard&hl=en-US&gl=US&ceid=US:en  by=megan.blonigen  ch=directmessage  via=DM->megan.blonigen
2026-09-08T12:06:30.508254+00:00  STALE    https://news.google.com/rss/search?q=N.P.%20Narvekar&hl=en-US&gl=US&ceid=US:en  (no just-published item; only older items resurfaced)
2026-09-08T12:06:30.508254+00:00  STALE    https://news.google.com/rss/search?q=Rick%20Slocum&hl=en-US&gl=US&ceid=US:en  (no just-published item; only older items resurfaced)
2026-09-08T12:16:34.477365+00:00  CHANGED  https://thecrimson.com  by=dhruv.patel  ch=directmessage  via=DM->dhruv.patel
2026-09-08T12:16:34.477365+00:00  CHANGED  https://thecrimson.com  by=matteo.diaz  ch=matteo-internal  via=DM->matteo.diaz
2026-09-08T12:16:34.477365+00:00  CHANGED  https://thecrimson.com  by=sebastian.connolly  ch=directmessage  via=DM->sebastian.connolly
2026-09-08T12:16:34.477365+00:00  CHANGED  https://thecrimson.com  by=matteo.diaz  ch=directmessage  via=DM->matteo.diaz
2026-09-08T12:16:34.477365+00:00  STALE    https://news.google.com/rss/search?q=Sanjeev%20Daga&hl=en-US&gl=US&ceid=US:en  (no just-published item; only older items resurfaced)
2026-09-08T12:16:34.477365+00:00  STALE    https://news.google.com/rss/search?q=Tim%20Barakett&hl=en-US&gl=US&ceid=US:en  (no just-published item; only older items resurfaced)
2026-09-08T12:16:34.477365+00:00  CHANGED  https://news.google.com/rss/search?q=Alan%20Garber&hl=en-US&gl=US&ceid=US:en  by=megan.blonigen  ch=directmessage  via=DM->megan.blonigen
2026-09-08T12:16:34.477365+00:00  STALE    https://news.google.com/rss/search?q=Patrick%20Healy&hl=en-US&gl=US&ceid=US:en  (no just-published item; only older items resurfaced)
2026-09-08T12:16:34.477365+00:00  STALE    https://news.google.com/rss/search?q=Mary%20Erdoes&hl=en-US&gl=US&ceid=US:en  (no just-published item; only older items resurfaced)
2026-09-08T12:16:34.477365+00:00  STALE    https://news.google.com/rss/search?q=*Robert%20Jain*&hl=en-US&gl=US&ceid=US:en  (no just-published item; only older items resurfaced)
2026-09-08T12:16:34.477365+00:00  STALE    https://news.google.com/rss/search?q=*Mart%C3%ADn%20Escobari*&hl=en-US&gl=US&ceid=US:en  (no just-published item; only older items resurfaced)
2026-09-08T12:16:34.477365+00:00  STALE    https://news.google.com/rss/search?q=*Ritu%20Kalra*&hl=en-US&gl=US&ceid=US:en  (no just-published item; only older items resurfaced)
2026-09-08T12:16:34.477365+00:00  STALE    https://news.google.com/rss/search?q=*Raymond%20McGuire*&hl=en-US&gl=US&ceid=US:en  (no just-published item; only older items resurfaced)
2026-09-08T12:16:34.477365+00:00  STALE    https://news.google.com/rss/search?q=Joshua%20Friedman&hl=en-US&gl=US&ceid=US:en  (no just-published item; only older items resurfaced)
2026-09-08T12:16:34.477365+00:00  CHANGED  https://www.thecrimson.com/  by=megan.blonigen  ch=directmessage  via=DM->megan.blonigen
2026-09-08T12:21:40.713077+00:00  CHANGED  https://thecrimson.com  by=dhruv.patel  ch=directmessage  via=DM->dhruv.patel
2026-09-08T12:21:40.713077+00:00  CHANGED  https://thecrimson.com  by=matteo.diaz  ch=matteo-internal  via=DM->matteo.diaz
2026-09-08T12:21:40.713077+00:00  CHANGED  https://thecrimson.com  by=sebastian.connolly  ch=directmessage  via=DM->sebastian.connolly
2026-09-08T12:21:40.713077+00:00  CHANGED  https://thecrimson.com  by=matteo.diaz  ch=directmessage  via=DM->matteo.diaz
2026-09-08T12:21:40.713077+00:00  STALE    https://news.google.com/rss/search?q=*600%20Atlantic%20Avenue%20Boston*&hl=en-US&gl=US&ceid=US:en  (no just-published item; only older items resurfaced)
2026-09-08T12:21:40.713077+00:00  STALE    https://news.google.com/rss/search?q=Harvard%20investment&hl=en-US&gl=US&ceid=US:en  (no just-published item; only older items resurfaced)
2026-09-08T12:21:40.713077+00:00  STALE    https://news.google.com/rss/search?q=Harvard%20Singapore&hl=en-US&gl=US&ceid=US:en  (no just-published item; only older items resurfaced)
2026-09-08T12:21:40.713077+00:00  STALE    https://news.google.com/rss/search?q=HMC%20San%20Francisco&hl=en-US&gl=US&ceid=US:en  (no just-published item; only older items resurfaced)
2026-09-08T12:21:40.713077+00:00  CHANGED  https://www.thecrimson.com/  by=megan.blonigen  ch=directmessage  via=DM->megan.blonigen
2026-09-08T12:21:40.713077+00:00  STALE    https://news.google.com/rss/search?q=John%20Shue&hl=en-US&gl=US&ceid=US:en  (no just-published item; only older items resurfaced)
2026-09-08T12:21:40.713077+00:00  STALE    https://news.google.com/rss/search?q=marcus%20loveland&hl=en-US&gl=US&ceid=US:en  (no just-published item; only older items resurfaced)
2026-09-08T12:26:45.501970+00:00  CHANGED  https://news.google.com/rss/search?q=harvard&hl=en-US&gl=US&ceid=US:en  by=dhruv.patel  ch=directmessage  via=DM->dhruv.patel
2026-09-08T12:30:55.630645+00:00  BLOCKED  https://dso.college.harvard.edu/office-culture-community/about-harvard-foundation
2026-09-08T12:35:59.429771+00:00  STALE    https://news.google.com/rss/search?q=Harvard%20Management%20Company&hl=en-US&gl=US&ceid=US:en  (no just-published item; only older items resurfaced)
2026-09-08T12:35:59.429771+00:00  CHANGED  https://news.google.com/rss/search?q=Harvard&hl=en-US&gl=US&ceid=US:en  by=megan.blonigen  ch=directmessage  via=DM->megan.blonigen
2026-09-08T12:35:59.429771+00:00  STALE    https://news.google.com/rss/search?q=N.P.%20Narvekar&hl=en-US&gl=US&ceid=US:en  (no just-published item; only older items resurfaced)
2026-09-08T12:35:59.429771+00:00  STALE    https://news.google.com/rss/search?q=Rick%20Slocum&hl=en-US&gl=US&ceid=US:en  (no just-published item; only older items resurfaced)
2026-09-08T12:46:04.355670+00:00  STALE    https://news.google.com/rss/search?q=Sanjeev%20Daga&hl=en-US&gl=US&ceid=US:en  (no just-published item; only older items resurfaced)
2026-09-08T12:46:04.355670+00:00  STALE    https://news.google.com/rss/search?q=Tim%20Barakett&hl=en-US&gl=US&ceid=US:en  (no just-published item; only older items resurfaced)
2026-09-08T12:46:04.355670+00:00  STALE    https://news.google.com/rss/search?q=Alan%20Garber&hl=en-US&gl=US&ceid=US:en  (no just-published item; only older items resurfaced)
2026-09-08T12:46:04.355670+00:00  STALE    https://news.google.com/rss/search?q=Tricia%20Glynn&hl=en-US&gl=US&ceid=US:en  (no just-published item; only older items resurfaced)
2026-09-08T12:46:04.355670+00:00  STALE    https://news.google.com/rss/search?q=*Eric%20Doppstadt*&hl=en-US&gl=US&ceid=US:en  (no just-published item; only older items resurfaced)
2026-09-08T12:46:04.355670+00:00  STALE    https://news.google.com/rss/search?q=Paul%20Edgerley&hl=en-US&gl=US&ceid=US:en  (no just-published item; only older items resurfaced)
2026-09-08T12:46:04.355670+00:00  STALE    https://news.google.com/rss/search?q=Patrick%20Healy&hl=en-US&gl=US&ceid=US:en  (no just-published item; only older items resurfaced)
2026-09-08T12:46:04.355670+00:00  STALE    https://news.google.com/rss/search?q=Mary%20Erdoes&hl=en-US&gl=US&ceid=US:en  (no just-published item; only older items resurfaced)
2026-09-08T12:46:04.355670+00:00  STALE    https://news.google.com/rss/search?q=*Robert%20Jain*&hl=en-US&gl=US&ceid=US:en  (no just-published item; only older items resurfaced)
2026-09-08T12:46:04.355670+00:00  STALE    https://news.google.com/rss/search?q=*Mart%C3%ADn%20Escobari*&hl=en-US&gl=US&ceid=US:en  (no just-published item; only older items resurfaced)
2026-09-08T12:46:04.355670+00:00  STALE    https://news.google.com/rss/search?q=*Ritu%20Kalra*&hl=en-US&gl=US&ceid=US:en  (no just-published item; only older items resurfaced)
2026-09-08T12:46:04.355670+00:00  STALE    https://news.google.com/rss/search?q=Paul%20Finnegan&hl=en-US&gl=US&ceid=US:en  (no just-published item; only older items resurfaced)
2026-09-08T12:46:04.355670+00:00  STALE    https://news.google.com/rss/search?q=*Raymond%20McGuire*&hl=en-US&gl=US&ceid=US:en  (no just-published item; only older items resurfaced)
2026-09-08T12:46:04.355670+00:00  STALE    https://news.google.com/rss/search?q=Joshua%20Friedman&hl=en-US&gl=US&ceid=US:en  (no just-published item; only older items resurfaced)
2026-09-08T12:51:06.539554+00:00  STALE    https://news.google.com/rss/search?q=*600%20Atlantic%20Avenue%20Boston*&hl=en-US&gl=US&ceid=US:en  (no just-published item; only older items resurfaced)
2026-09-08T12:51:06.539554+00:00  STALE    https://news.google.com/rss/search?q=Harvard%20investment&hl=en-US&gl=US&ceid=US:en  (no just-published item; only older items resurfaced)
2026-09-08T12:51:06.539554+00:00  STALE    https://news.google.com/rss/search?q=Harvard%20Singapore&hl=en-US&gl=US&ceid=US:en  (no just-published item; only older items resurfaced)
2026-09-08T12:51:06.539554+00:00  STALE    https://news.google.com/rss/search?q=HMC%20San%20Francisco&hl=en-US&gl=US&ceid=US:en  (no just-published item; only older items resurfaced)
2026-09-08T12:51:06.539554+00:00  STALE    https://news.google.com/rss/search?q=John%20Shue&hl=en-US&gl=US&ceid=US:en  (no just-published item; only older items resurfaced)
2026-09-08T12:51:06.539554+00:00  STALE    https://news.google.com/rss/search?q=marcus%20loveland&hl=en-US&gl=US&ceid=US:en  (no just-published item; only older items resurfaced)
2026-09-08T12:56:08.668761+00:00  CHANGED  https://news.google.com/rss/search?q=harvard&hl=en-US&gl=US&ceid=US:en  by=dhruv.patel  ch=directmessage  via=DM->dhruv.patel
2026-09-08T13:27:51.925044+00:00  CHANGED  https://www.courtlistener.com/docket/72090192/president-and-fellows-of-harvard-college-v-us-department-of-health-and/?order_by=desc  by=hugo.chiasson  ch=directmessage  via=DM->hugo.chiasson
2026-09-08T13:27:51.925044+00:00  CHANGED  https://news.google.com/rss/search?q=harvard&hl=en-US&gl=US&ceid=US:en  by=dhruv.patel  ch=directmessage  via=DM->dhruv.patel
2026-09-08T13:32:54.780055+00:00  BLOCKED  https://dso.college.harvard.edu/office-culture-community/about-harvard-foundation
2026-09-08T13:38:02.211594+00:00  ERROR    https://www.cambridgema.gov/departments/transportation/news  The read operation timed out
2026-09-08T13:38:02.211594+00:00  CHANGED  https://www.justice.gov/opa/pr/justice-department-launches-investigation-determine-whether-harvards-china-based-financial  by=alexa.schmitt  ch=directmessage  via=DM->alexa.schmitt
2026-09-08T13:38:02.211594+00:00  STALE    https://news.google.com/rss/search?q=Harvard%20Management%20Company&hl=en-US&gl=US&ceid=US:en  (no just-published item; only older items resurfaced)
2026-09-08T13:38:02.211594+00:00  CHANGED  https://news.google.com/rss/search?q=Harvard&hl=en-US&gl=US&ceid=US:en  by=megan.blonigen  ch=directmessage  via=DM->megan.blonigen
2026-09-08T13:38:02.211594+00:00  STALE    https://news.google.com/rss/search?q=N.P.%20Narvekar&hl=en-US&gl=US&ceid=US:en  (no just-published item; only older items resurfaced)
2026-09-08T13:38:02.211594+00:00  STALE    https://news.google.com/rss/search?q=Rick%20Slocum&hl=en-US&gl=US&ceid=US:en  (no just-published item; only older items resurfaced)
2026-09-08T13:48:43.339441+00:00  STALE    https://news.google.com/rss/search?q=Sanjeev%20Daga&hl=en-US&gl=US&ceid=US:en  (no just-published item; only older items resurfaced)
2026-09-08T13:48:43.339441+00:00  STALE    https://news.google.com/rss/search?q=Alan%20Garber&hl=en-US&gl=US&ceid=US:en  (no just-published item; only older items resurfaced)
2026-09-08T13:48:43.339441+00:00  STALE    https://news.google.com/rss/search?q=Tricia%20Glynn&hl=en-US&gl=US&ceid=US:en  (no just-published item; only older items resurfaced)
2026-09-08T13:48:43.339441+00:00  STALE    https://news.google.com/rss/search?q=Paul%20Edgerley&hl=en-US&gl=US&ceid=US:en  (no just-published item; only older items resurfaced)
2026-09-08T13:48:43.339441+00:00  STALE    https://news.google.com/rss/search?q=Patrick%20Healy&hl=en-US&gl=US&ceid=US:en  (no just-published item; only older items resurfaced)
2026-09-08T13:48:43.339441+00:00  STALE    https://news.google.com/rss/search?q=Mary%20Erdoes&hl=en-US&gl=US&ceid=US:en  (no just-published item; only older items resurfaced)
2026-09-08T13:48:43.339441+00:00  STALE    https://news.google.com/rss/search?q=*Robert%20Jain*&hl=en-US&gl=US&ceid=US:en  (no just-published item; only older items resurfaced)
2026-09-08T13:48:43.339441+00:00  STALE    https://news.google.com/rss/search?q=*Mart%C3%ADn%20Escobari*&hl=en-US&gl=US&ceid=US:en  (no just-published item; only older items resurfaced)
2026-09-08T13:48:43.339441+00:00  STALE    https://news.google.com/rss/search?q=*Ritu%20Kalra*&hl=en-US&gl=US&ceid=US:en  (no just-published item; only older items resurfaced)
2026-09-08T13:48:43.339441+00:00  STALE    https://news.google.com/rss/search?q=Paul%20Finnegan&hl=en-US&gl=US&ceid=US:en  (no just-published item; only older items resurfaced)
2026-09-08T13:48:43.339441+00:00  STALE    https://news.google.com/rss/search?q=*Raymond%20McGuire*&hl=en-US&gl=US&ceid=US:en  (no just-published item; only older items resurfaced)
2026-09-08T13:48:43.339441+00:00  STALE    https://news.google.com/rss/search?q=Joshua%20Friedman&hl=en-US&gl=US&ceid=US:en  (no just-published item; only older items resurfaced)
2026-09-08T14:20:25.889241+00:00  CHANGED  https://www.courtlistener.com/docket/72090192/president-and-fellows-of-harvard-college-v-us-department-of-health-and/?order_by=desc  by=hugo.chiasson  ch=directmessage  via=DM->hugo.chiasson
2026-09-08T14:20:25.889241+00:00  STALE    https://news.google.com/rss/search?q=Sanjeev%20Daga&hl=en-US&gl=US&ceid=US:en  (no just-published item; only older items resurfaced)
2026-09-08T14:20:25.889241+00:00  STALE    https://news.google.com/rss/search?q=Tim%20Barakett&hl=en-US&gl=US&ceid=US:en  (no just-published item; only older items resurfaced)
2026-09-08T14:20:25.889241+00:00  STALE    https://news.google.com/rss/search?q=Alan%20Garber&hl=en-US&gl=US&ceid=US:en  (no just-published item; only older items resurfaced)
2026-09-08T14:20:25.889241+00:00  STALE    https://news.google.com/rss/search?q=Tricia%20Glynn&hl=en-US&gl=US&ceid=US:en  (no just-published item; only older items resurfaced)
2026-09-08T14:20:25.889241+00:00  STALE    https://news.google.com/rss/search?q=*Eric%20Doppstadt*&hl=en-US&gl=US&ceid=US:en  (no just-published item; only older items resurfaced)
2026-09-08T14:20:25.889241+00:00  STALE    https://news.google.com/rss/search?q=Paul%20Edgerley&hl=en-US&gl=US&ceid=US:en  (no just-published item; only older items resurfaced)
2026-09-08T14:20:25.889241+00:00  STALE    https://news.google.com/rss/search?q=Patrick%20Healy&hl=en-US&gl=US&ceid=US:en  (no just-published item; only older items resurfaced)
2026-09-08T14:20:25.889241+00:00  STALE    https://news.google.com/rss/search?q=Mary%20Erdoes&hl=en-US&gl=US&ceid=US:en  (no just-published item; only older items resurfaced)
2026-09-08T14:20:25.889241+00:00  STALE    https://news.google.com/rss/search?q=*Robert%20Jain*&hl=en-US&gl=US&ceid=US:en  (no just-published item; only older items resurfaced)
2026-09-08T14:20:25.889241+00:00  STALE    https://news.google.com/rss/search?q=*Mart%C3%ADn%20Escobari*&hl=en-US&gl=US&ceid=US:en  (no just-published item; only older items resurfaced)
2026-09-08T14:20:25.889241+00:00  STALE    https://news.google.com/rss/search?q=*Ritu%20Kalra*&hl=en-US&gl=US&ceid=US:en  (no just-published item; only older items resurfaced)
2026-09-08T14:20:25.889241+00:00  STALE    https://news.google.com/rss/search?q=Paul%20Finnegan&hl=en-US&gl=US&ceid=US:en  (no just-published item; only older items resurfaced)
2026-09-08T14:20:25.889241+00:00  STALE    https://news.google.com/rss/search?q=*Raymond%20McGuire*&hl=en-US&gl=US&ceid=US:en  (no just-published item; only older items resurfaced)
2026-09-08T14:20:25.889241+00:00  STALE    https://news.google.com/rss/search?q=Joshua%20Friedman&hl=en-US&gl=US&ceid=US:en  (no just-published item; only older items resurfaced)
2026-09-08T14:25:29.412568+00:00  STALE    https://news.google.com/rss/search?q=*600%20Atlantic%20Avenue%20Boston*&hl=en-US&gl=US&ceid=US:en  (no just-published item; only older items resurfaced)
2026-09-08T14:25:29.412568+00:00  STALE    https://news.google.com/rss/search?q=Harvard%20investment&hl=en-US&gl=US&ceid=US:en  (no just-published item; only older items resurfaced)
2026-09-08T14:25:29.412568+00:00  STALE    https://news.google.com/rss/search?q=Harvard%20Singapore&hl=en-US&gl=US&ceid=US:en  (no just-published item; only older items resurfaced)
2026-09-08T14:25:29.412568+00:00  STALE    https://news.google.com/rss/search?q=HMC%20San%20Francisco&hl=en-US&gl=US&ceid=US:en  (no just-published item; only older items resurfaced)
2026-09-08T14:25:29.412568+00:00  STALE    https://news.google.com/rss/search?q=John%20Shue&hl=en-US&gl=US&ceid=US:en  (no just-published item; only older items resurfaced)
2026-09-08T14:25:29.412568+00:00  STALE    https://news.google.com/rss/search?q=marcus%20loveland&hl=en-US&gl=US&ceid=US:en  (no just-published item; only older items resurfaced)
2026-09-08T14:30:31.181459+00:00  CHANGED  https://news.google.com/rss/search?q=harvard&hl=en-US&gl=US&ceid=US:en  by=dhruv.patel  ch=directmessage  via=DM->dhruv.patel
2026-09-08T14:35:33.928839+00:00  BLOCKED  https://dso.college.harvard.edu/office-culture-community/about-harvard-foundation
2026-09-08T14:40:38.873669+00:00  CHANGED  https://hls.harvard.edu/academics/curriculum/2026-2027-course-and-schedule-updates/  by=uy.pham  ch=directmessage  via=DM->uy.pham
2026-09-08T14:40:38.873669+00:00  STALE    https://news.google.com/rss/search?q=Harvard%20Management%20Company&hl=en-US&gl=US&ceid=US:en  (no just-published item; only older items resurfaced)
2026-09-08T14:40:38.873669+00:00  CHANGED  https://news.google.com/rss/search?q=Harvard&hl=en-US&gl=US&ceid=US:en  by=megan.blonigen  ch=directmessage  via=DM->megan.blonigen
2026-09-08T14:40:38.873669+00:00  STALE    https://news.google.com/rss/search?q=N.P.%20Narvekar&hl=en-US&gl=US&ceid=US:en  (no just-published item; only older items resurfaced)
2026-09-08T14:40:38.873669+00:00  STALE    https://news.google.com/rss/search?q=Rick%20Slocum&hl=en-US&gl=US&ceid=US:en  (no just-published item; only older items resurfaced)
2026-09-08T15:12:53.633364+00:00  STALE    https://news.google.com/rss/search?q=Harvard%20Management%20Company&hl=en-US&gl=US&ceid=US:en  (no just-published item; only older items resurfaced)
2026-09-08T15:12:53.633364+00:00  CHANGED  https://news.google.com/rss/search?q=Harvard&hl=en-US&gl=US&ceid=US:en  by=megan.blonigen  ch=directmessage  via=DM->megan.blonigen
2026-09-08T15:12:53.633364+00:00  STALE    https://news.google.com/rss/search?q=Rick%20Slocum&hl=en-US&gl=US&ceid=US:en  (no just-published item; only older items resurfaced)
2026-09-08T15:23:02.875158+00:00  STALE    https://news.google.com/rss/search?q=Sanjeev%20Daga&hl=en-US&gl=US&ceid=US:en  (no just-published item; only older items resurfaced)
2026-09-08T15:23:02.875158+00:00  STALE    https://news.google.com/rss/search?q=Tim%20Barakett&hl=en-US&gl=US&ceid=US:en  (no just-published item; only older items resurfaced)
2026-09-08T15:23:02.875158+00:00  STALE    https://news.google.com/rss/search?q=Alan%20Garber&hl=en-US&gl=US&ceid=US:en  (no just-published item; only older items resurfaced)
2026-09-08T15:23:02.875158+00:00  STALE    https://news.google.com/rss/search?q=Tricia%20Glynn&hl=en-US&gl=US&ceid=US:en  (no just-published item; only older items resurfaced)
2026-09-08T15:23:02.875158+00:00  STALE    https://news.google.com/rss/search?q=*Eric%20Doppstadt*&hl=en-US&gl=US&ceid=US:en  (no just-published item; only older items resurfaced)
2026-09-08T15:23:02.875158+00:00  STALE    https://news.google.com/rss/search?q=Patrick%20Healy&hl=en-US&gl=US&ceid=US:en  (no just-published item; only older items resurfaced)
2026-09-08T15:23:02.875158+00:00  STALE    https://news.google.com/rss/search?q=Mary%20Erdoes&hl=en-US&gl=US&ceid=US:en  (no just-published item; only older items resurfaced)
2026-09-08T15:23:02.875158+00:00  STALE    https://news.google.com/rss/search?q=*Robert%20Jain*&hl=en-US&gl=US&ceid=US:en  (no just-published item; only older items resurfaced)
2026-09-08T15:23:02.875158+00:00  STALE    https://news.google.com/rss/search?q=*Mart%C3%ADn%20Escobari*&hl=en-US&gl=US&ceid=US:en  (no just-published item; only older items resurfaced)
2026-09-08T15:23:02.875158+00:00  STALE    https://news.google.com/rss/search?q=*Ritu%20Kalra*&hl=en-US&gl=US&ceid=US:en  (no just-published item; only older items resurfaced)
2026-09-08T15:23:02.875158+00:00  STALE    https://news.google.com/rss/search?q=Paul%20Finnegan&hl=en-US&gl=US&ceid=US:en  (no just-published item; only older items resurfaced)
2026-09-08T15:23:02.875158+00:00  STALE    https://news.google.com/rss/search?q=*Raymond%20McGuire*&hl=en-US&gl=US&ceid=US:en  (no just-published item; only older items resurfaced)
2026-09-08T15:23:02.875158+00:00  STALE    https://news.google.com/rss/search?q=Joshua%20Friedman&hl=en-US&gl=US&ceid=US:en  (no just-published item; only older items resurfaced)
2026-09-08T15:28:06.265380+00:00  STALE    https://news.google.com/rss/search?q=*600%20Atlantic%20Avenue%20Boston*&hl=en-US&gl=US&ceid=US:en  (no just-published item; only older items resurfaced)
2026-09-08T15:28:06.265380+00:00  STALE    https://news.google.com/rss/search?q=Harvard%20investment&hl=en-US&gl=US&ceid=US:en  (no just-published item; only older items resurfaced)
2026-09-08T15:28:06.265380+00:00  STALE    https://news.google.com/rss/search?q=Harvard%20Singapore&hl=en-US&gl=US&ceid=US:en  (no just-published item; only older items resurfaced)
2026-09-08T15:28:06.265380+00:00  STALE    https://news.google.com/rss/search?q=HMC%20San%20Francisco&hl=en-US&gl=US&ceid=US:en  (no just-published item; only older items resurfaced)
2026-09-08T15:28:06.265380+00:00  STALE    https://news.google.com/rss/search?q=John%20Shue&hl=en-US&gl=US&ceid=US:en  (no just-published item; only older items resurfaced)
2026-09-08T15:28:06.265380+00:00  STALE    https://news.google.com/rss/search?q=marcus%20loveland&hl=en-US&gl=US&ceid=US:en  (no just-published item; only older items resurfaced)
2026-09-08T15:33:08.577485+00:00  CHANGED  https://news.google.com/rss/search?q=harvard&hl=en-US&gl=US&ceid=US:en  by=dhruv.patel  ch=directmessage  via=DM->dhruv.patel
2026-09-08T16:01:52.286469+00:00  CHANGED  https://news.google.com/rss/search?q=harvard&hl=en-US&gl=US&ceid=US:en  by=dhruv.patel  ch=directmessage  via=DM->dhruv.patel
2026-09-08T16:06:53.536849+00:00  CHANGED  https://www.hhs.gov/press-room/index.html  by=hugo.chiasson  ch=directmessage  via=DM->hugo.chiasson
2026-09-08T16:16:57.704076+00:00  STALE    https://news.google.com/rss/search?q=Harvard%20Management%20Company&hl=en-US&gl=US&ceid=US:en  (no just-published item; only older items resurfaced)
2026-09-08T16:16:57.704076+00:00  CHANGED  https://news.google.com/rss/search?q=Harvard&hl=en-US&gl=US&ceid=US:en  by=megan.blonigen  ch=directmessage  via=DM->megan.blonigen
2026-09-08T16:16:57.704076+00:00  STALE    https://news.google.com/rss/search?q=N.P.%20Narvekar&hl=en-US&gl=US&ceid=US:en  (no just-published item; only older items resurfaced)
2026-09-08T16:16:57.704076+00:00  STALE    https://news.google.com/rss/search?q=Rick%20Slocum&hl=en-US&gl=US&ceid=US:en  (no just-published item; only older items resurfaced)
2026-09-08T16:27:03.093578+00:00  STALE    https://news.google.com/rss/search?q=Sanjeev%20Daga&hl=en-US&gl=US&ceid=US:en  (no just-published item; only older items resurfaced)
2026-09-08T16:27:03.093578+00:00  STALE    https://news.google.com/rss/search?q=Tim%20Barakett&hl=en-US&gl=US&ceid=US:en  (no just-published item; only older items resurfaced)
2026-09-08T16:27:03.093578+00:00  STALE    https://news.google.com/rss/search?q=Alan%20Garber&hl=en-US&gl=US&ceid=US:en  (no just-published item; only older items resurfaced)
2026-09-08T16:27:03.093578+00:00  STALE    https://news.google.com/rss/search?q=Tricia%20Glynn&hl=en-US&gl=US&ceid=US:en  (no just-published item; only older items resurfaced)
2026-09-08T16:27:03.093578+00:00  STALE    https://news.google.com/rss/search?q=Paul%20Edgerley&hl=en-US&gl=US&ceid=US:en  (no just-published item; only older items resurfaced)
2026-09-08T16:27:03.093578+00:00  STALE    https://news.google.com/rss/search?q=Patrick%20Healy&hl=en-US&gl=US&ceid=US:en  (no just-published item; only older items resurfaced)
2026-09-08T16:27:03.093578+00:00  STALE    https://news.google.com/rss/search?q=Mary%20Erdoes&hl=en-US&gl=US&ceid=US:en  (no just-published item; only older items resurfaced)
2026-09-08T16:27:03.093578+00:00  STALE    https://news.google.com/rss/search?q=*Robert%20Jain*&hl=en-US&gl=US&ceid=US:en  (no just-published item; only older items resurfaced)
2026-09-08T16:27:03.093578+00:00  STALE    https://news.google.com/rss/search?q=*Mart%C3%ADn%20Escobari*&hl=en-US&gl=US&ceid=US:en  (no just-published item; only older items resurfaced)
2026-09-08T16:27:03.093578+00:00  STALE    https://news.google.com/rss/search?q=*Ritu%20Kalra*&hl=en-US&gl=US&ceid=US:en  (no just-published item; only older items resurfaced)
2026-09-08T16:27:03.093578+00:00  STALE    https://news.google.com/rss/search?q=Paul%20Finnegan&hl=en-US&gl=US&ceid=US:en  (no just-published item; only older items resurfaced)
2026-09-08T16:27:03.093578+00:00  STALE    https://news.google.com/rss/search?q=*Raymond%20McGuire*&hl=en-US&gl=US&ceid=US:en  (no just-published item; only older items resurfaced)
2026-09-08T16:27:03.093578+00:00  STALE    https://news.google.com/rss/search?q=Joshua%20Friedman&hl=en-US&gl=US&ceid=US:en  (no just-published item; only older items resurfaced)
2026-09-08T16:30:47.503414+00:00  ERROR    https://secretary.college.harvard.edu/data/  <urlopen error timed out>
2026-09-08T16:30:47.503414+00:00  CHANGED  https://news.google.com/rss/search?q=harvard&hl=en-US&gl=US&ceid=US:en  by=dhruv.patel  ch=directmessage  via=DM->dhruv.patel
2026-09-08T16:30:47.503414+00:00  STALE    https://news.google.com/rss/search?q=*600%20Atlantic%20Avenue%20Boston*&hl=en-US&gl=US&ceid=US:en  (no just-published item; only older items resurfaced)
2026-09-08T16:30:47.503414+00:00  STALE    https://news.google.com/rss/search?q=Harvard%20investment&hl=en-US&gl=US&ceid=US:en  (no just-published item; only older items resurfaced)
2026-09-08T16:30:47.503414+00:00  STALE    https://news.google.com/rss/search?q=Harvard%20Singapore&hl=en-US&gl=US&ceid=US:en  (no just-published item; only older items resurfaced)
2026-09-08T16:30:47.503414+00:00  STALE    https://news.google.com/rss/search?q=HMC%20San%20Francisco&hl=en-US&gl=US&ceid=US:en  (no just-published item; only older items resurfaced)
2026-09-08T16:30:47.503414+00:00  STALE    https://news.google.com/rss/search?q=John%20Shue&hl=en-US&gl=US&ceid=US:en  (no just-published item; only older items resurfaced)
2026-09-08T16:30:47.503414+00:00  STALE    https://news.google.com/rss/search?q=marcus%20loveland&hl=en-US&gl=US&ceid=US:en  (no just-published item; only older items resurfaced)
2026-09-08T16:41:40.450486+00:00  BLOCKED  https://dso.college.harvard.edu/office-culture-community/about-harvard-foundation
2026-09-08T16:41:40.450486+00:00  CHANGED  https://hls.harvard.edu/academics/curriculum/2026-2027-course-and-schedule-updates/  by=uy.pham  ch=directmessage  via=DM->uy.pham
2026-09-08T16:41:40.450486+00:00  ERROR    https://secretary.college.harvard.edu/data/  <urlopen error timed out>
2026-09-08T16:47:33.455717+00:00  CHANGED  https://hls.harvard.edu/today/  by=sierra.pape  ch=directmessage  via=DM->sierra.pape
2026-09-08T16:47:33.455717+00:00  STALE    https://news.google.com/rss/search?q=Harvard%20Management%20Company&hl=en-US&gl=US&ceid=US:en  (no just-published item; only older items resurfaced)
2026-09-08T16:47:33.455717+00:00  CHANGED  https://news.google.com/rss/search?q=Harvard&hl=en-US&gl=US&ceid=US:en  by=megan.blonigen  ch=directmessage  via=DM->megan.blonigen
2026-09-08T16:47:33.455717+00:00  STALE    https://news.google.com/rss/search?q=N.P.%20Narvekar&hl=en-US&gl=US&ceid=US:en  (no just-published item; only older items resurfaced)
2026-09-08T16:47:33.455717+00:00  STALE    https://news.google.com/rss/search?q=Rick%20Slocum&hl=en-US&gl=US&ceid=US:en  (no just-published item; only older items resurfaced)
2026-09-08T16:57:42.371671+00:00  STALE    https://news.google.com/rss/search?q=Sanjeev%20Daga&hl=en-US&gl=US&ceid=US:en  (no just-published item; only older items resurfaced)
2026-09-08T16:57:42.371671+00:00  STALE    https://news.google.com/rss/search?q=Tim%20Barakett&hl=en-US&gl=US&ceid=US:en  (no just-published item; only older items resurfaced)
2026-09-08T16:57:42.371671+00:00  STALE    https://news.google.com/rss/search?q=Alan%20Garber&hl=en-US&gl=US&ceid=US:en  (no just-published item; only older items resurfaced)
2026-09-08T16:57:42.371671+00:00  STALE    https://news.google.com/rss/search?q=Tricia%20Glynn&hl=en-US&gl=US&ceid=US:en  (no just-published item; only older items resurfaced)
2026-09-08T16:57:42.371671+00:00  STALE    https://news.google.com/rss/search?q=*Eric%20Doppstadt*&hl=en-US&gl=US&ceid=US:en  (no just-published item; only older items resurfaced)
2026-09-08T16:57:42.371671+00:00  STALE    https://news.google.com/rss/search?q=Paul%20Edgerley&hl=en-US&gl=US&ceid=US:en  (no just-published item; only older items resurfaced)
2026-09-08T16:57:42.371671+00:00  STALE    https://news.google.com/rss/search?q=Patrick%20Healy&hl=en-US&gl=US&ceid=US:en  (no just-published item; only older items resurfaced)
2026-09-08T16:57:42.371671+00:00  STALE    https://news.google.com/rss/search?q=Mary%20Erdoes&hl=en-US&gl=US&ceid=US:en  (no just-published item; only older items resurfaced)
2026-09-08T16:57:42.371671+00:00  STALE    https://news.google.com/rss/search?q=*Robert%20Jain*&hl=en-US&gl=US&ceid=US:en  (no just-published item; only older items resurfaced)
2026-09-08T16:57:42.371671+00:00  STALE    https://news.google.com/rss/search?q=*Mart%C3%ADn%20Escobari*&hl=en-US&gl=US&ceid=US:en  (no just-published item; only older items resurfaced)
2026-09-08T16:57:42.371671+00:00  STALE    https://news.google.com/rss/search?q=*Ritu%20Kalra*&hl=en-US&gl=US&ceid=US:en  (no just-published item; only older items resurfaced)
2026-09-08T16:57:42.371671+00:00  STALE    https://news.google.com/rss/search?q=Paul%20Finnegan&hl=en-US&gl=US&ceid=US:en  (no just-published item; only older items resurfaced)
2026-09-08T16:57:42.371671+00:00  STALE    https://news.google.com/rss/search?q=*Raymond%20McGuire*&hl=en-US&gl=US&ceid=US:en  (no just-published item; only older items resurfaced)
2026-09-08T16:57:42.371671+00:00  STALE    https://news.google.com/rss/search?q=Joshua%20Friedman&hl=en-US&gl=US&ceid=US:en  (no just-published item; only older items resurfaced)
2026-09-08T17:00:49.660792+00:00  CHANGED  https://news.google.com/rss/search?q=harvard&hl=en-US&gl=US&ceid=US:en  by=dhruv.patel  ch=directmessage  via=DM->dhruv.patel
2026-09-08T17:00:49.660792+00:00  STALE    https://news.google.com/rss/search?q=Harvard%20investment&hl=en-US&gl=US&ceid=US:en  (no just-published item; only older items resurfaced)
2026-09-08T17:00:49.660792+00:00  STALE    https://news.google.com/rss/search?q=Harvard%20Singapore&hl=en-US&gl=US&ceid=US:en  (no just-published item; only older items resurfaced)
2026-09-08T17:00:49.660792+00:00  STALE    https://news.google.com/rss/search?q=HMC%20San%20Francisco&hl=en-US&gl=US&ceid=US:en  (no just-published item; only older items resurfaced)
2026-09-08T17:00:49.660792+00:00  STALE    https://news.google.com/rss/search?q=John%20Shue&hl=en-US&gl=US&ceid=US:en  (no just-published item; only older items resurfaced)
2026-09-08T17:00:49.660792+00:00  STALE    https://news.google.com/rss/search?q=marcus%20loveland&hl=en-US&gl=US&ceid=US:en  (no just-published item; only older items resurfaced)
2026-09-08T17:05:51.277832+00:00  CHANGED  https://www.cambridgema.gov/news  by=shawn.boehmer  ch=directmessage  via=DM->shawn.boehmer
2026-09-08T17:05:51.277832+00:00  CHANGED  https://www.hhs.gov/press-room/index.html  by=hugo.chiasson  ch=directmessage  via=DM->hugo.chiasson
2026-09-08T17:20:57.652676+00:00  STALE    https://news.google.com/rss/search?q=Harvard%20Management%20Company&hl=en-US&gl=US&ceid=US:en  (no just-published item; only older items resurfaced)
2026-09-08T17:20:57.652676+00:00  CHANGED  https://news.google.com/rss/search?q=Harvard&hl=en-US&gl=US&ceid=US:en  by=megan.blonigen  ch=directmessage  via=DM->megan.blonigen
2026-09-08T17:20:57.652676+00:00  STALE    https://news.google.com/rss/search?q=N.P.%20Narvekar&hl=en-US&gl=US&ceid=US:en  (no just-published item; only older items resurfaced)
2026-09-08T17:20:57.652676+00:00  STALE    https://news.google.com/rss/search?q=Rick%20Slocum&hl=en-US&gl=US&ceid=US:en  (no just-published item; only older items resurfaced)
2026-09-08T17:26:00.567178+00:00  CHANGED  https://thecrimson.com  by=dhruv.patel  ch=directmessage  via=DM->dhruv.patel
2026-09-08T17:26:00.567178+00:00  CHANGED  https://thecrimson.com  by=matteo.diaz  ch=matteo-internal  via=DM->matteo.diaz
2026-09-08T17:26:00.567178+00:00  CHANGED  https://thecrimson.com  by=sebastian.connolly  ch=directmessage  via=DM->sebastian.connolly
2026-09-08T17:26:00.567178+00:00  CHANGED  https://thecrimson.com  by=matteo.diaz  ch=directmessage  via=DM->matteo.diaz
2026-09-08T17:26:00.567178+00:00  CHANGED  https://www.thecrimson.com/  by=megan.blonigen  ch=directmessage  via=DM->megan.blonigen
2026-09-08T17:31:05.729189+00:00  CHANGED  https://news.google.com/rss/search?q=harvard&hl=en-US&gl=US&ceid=US:en  by=dhruv.patel  ch=directmessage  via=DM->dhruv.patel
2026-09-08T17:31:05.729189+00:00  STALE    https://news.google.com/rss/search?q=Sanjeev%20Daga&hl=en-US&gl=US&ceid=US:en  (no just-published item; only older items resurfaced)
2026-09-08T17:31:05.729189+00:00  STALE    https://news.google.com/rss/search?q=Tim%20Barakett&hl=en-US&gl=US&ceid=US:en  (no just-published item; only older items resurfaced)
2026-09-08T17:31:05.729189+00:00  STALE    https://news.google.com/rss/search?q=Alan%20Garber&hl=en-US&gl=US&ceid=US:en  (no just-published item; only older items resurfaced)
2026-09-08T17:31:05.729189+00:00  STALE    https://news.google.com/rss/search?q=Tricia%20Glynn&hl=en-US&gl=US&ceid=US:en  (no just-published item; only older items resurfaced)
2026-09-08T17:31:05.729189+00:00  STALE    https://news.google.com/rss/search?q=*Eric%20Doppstadt*&hl=en-US&gl=US&ceid=US:en  (no just-published item; only older items resurfaced)
2026-09-08T17:31:05.729189+00:00  STALE    https://news.google.com/rss/search?q=Paul%20Edgerley&hl=en-US&gl=US&ceid=US:en  (no just-published item; only older items resurfaced)
2026-09-08T17:31:05.729189+00:00  STALE    https://news.google.com/rss/search?q=Patrick%20Healy&hl=en-US&gl=US&ceid=US:en  (no just-published item; only older items resurfaced)
2026-09-08T17:31:05.729189+00:00  STALE    https://news.google.com/rss/search?q=Mary%20Erdoes&hl=en-US&gl=US&ceid=US:en  (no just-published item; only older items resurfaced)
2026-09-08T17:31:05.729189+00:00  STALE    https://news.google.com/rss/search?q=*Robert%20Jain*&hl=en-US&gl=US&ceid=US:en  (no just-published item; only older items resurfaced)
2026-09-08T17:31:05.729189+00:00  STALE    https://news.google.com/rss/search?q=*Mart%C3%ADn%20Escobari*&hl=en-US&gl=US&ceid=US:en  (no just-published item; only older items resurfaced)
2026-09-08T17:31:05.729189+00:00  STALE    https://news.google.com/rss/search?q=*Ritu%20Kalra*&hl=en-US&gl=US&ceid=US:en  (no just-published item; only older items resurfaced)
2026-09-08T17:31:05.729189+00:00  STALE    https://news.google.com/rss/search?q=Paul%20Finnegan&hl=en-US&gl=US&ceid=US:en  (no just-published item; only older items resurfaced)
2026-09-08T17:31:05.729189+00:00  STALE    https://news.google.com/rss/search?q=*Raymond%20McGuire*&hl=en-US&gl=US&ceid=US:en  (no just-published item; only older items resurfaced)
2026-09-08T17:31:05.729189+00:00  STALE    https://news.google.com/rss/search?q=Joshua%20Friedman&hl=en-US&gl=US&ceid=US:en  (no just-published item; only older items resurfaced)
2026-09-08T17:31:05.729189+00:00  STALE    https://news.google.com/rss/search?q=*600%20Atlantic%20Avenue%20Boston*&hl=en-US&gl=US&ceid=US:en  (no just-published item; only older items resurfaced)
2026-09-08T17:31:05.729189+00:00  STALE    https://news.google.com/rss/search?q=Harvard%20investment&hl=en-US&gl=US&ceid=US:en  (no just-published item; only older items resurfaced)
2026-09-08T17:31:05.729189+00:00  STALE    https://news.google.com/rss/search?q=Harvard%20Singapore&hl=en-US&gl=US&ceid=US:en  (no just-published item; only older items resurfaced)
2026-09-08T17:31:05.729189+00:00  STALE    https://news.google.com/rss/search?q=HMC%20San%20Francisco&hl=en-US&gl=US&ceid=US:en  (no just-published item; only older items resurfaced)
2026-09-08T17:31:05.729189+00:00  STALE    https://news.google.com/rss/search?q=John%20Shue&hl=en-US&gl=US&ceid=US:en  (no just-published item; only older items resurfaced)
2026-09-08T17:31:05.729189+00:00  STALE    https://news.google.com/rss/search?q=marcus%20loveland&hl=en-US&gl=US&ceid=US:en  (no just-published item; only older items resurfaced)
2026-09-08T17:41:12.951586+00:00  BLOCKED  https://dso.college.harvard.edu/office-culture-community/about-harvard-foundation
2026-09-08T17:46:18.110108+00:00  CHANGED  https://www.cambridgema.gov/departments/transportation/news  by=shawn.boehmer  ch=directmessage  via=DM->shawn.boehmer
2026-09-08T17:46:18.110108+00:00  CHANGED  https://www.cambridgema.gov/news  by=shawn.boehmer  ch=directmessage  via=DM->shawn.boehmer
2026-09-08T17:51:22.881982+00:00  CHANGED  https://www.hhs.gov/press-room/index.html  by=hugo.chiasson  ch=directmessage  via=DM->hugo.chiasson
2026-09-08T17:51:22.881982+00:00  STALE    https://news.google.com/rss/search?q=Harvard%20Management%20Company&hl=en-US&gl=US&ceid=US:en  (no just-published item; only older items resurfaced)
2026-09-08T17:51:22.881982+00:00  CHANGED  https://news.google.com/rss/search?q=Harvard&hl=en-US&gl=US&ceid=US:en  by=megan.blonigen  ch=directmessage  via=DM->megan.blonigen
2026-09-08T17:51:22.881982+00:00  STALE    https://news.google.com/rss/search?q=N.P.%20Narvekar&hl=en-US&gl=US&ceid=US:en  (no just-published item; only older items resurfaced)
2026-09-08T17:51:22.881982+00:00  STALE    https://news.google.com/rss/search?q=Rick%20Slocum&hl=en-US&gl=US&ceid=US:en  (no just-published item; only older items resurfaced)
2026-09-08T18:01:17.178771+00:00  CHANGED  https://www.cambridgema.gov/news  by=shawn.boehmer  ch=directmessage  via=DM->shawn.boehmer
2026-09-08T18:01:17.178771+00:00  CHANGED  https://news.google.com/rss/search?q=harvard&hl=en-US&gl=US&ceid=US:en  by=dhruv.patel  ch=directmessage  via=DM->dhruv.patel
2026-09-08T18:01:17.178771+00:00  STALE    https://news.google.com/rss/search?q=Sanjeev%20Daga&hl=en-US&gl=US&ceid=US:en  (no just-published item; only older items resurfaced)
2026-09-08T18:01:17.178771+00:00  STALE    https://news.google.com/rss/search?q=Tim%20Barakett&hl=en-US&gl=US&ceid=US:en  (no just-published item; only older items resurfaced)
2026-09-08T18:01:17.178771+00:00  STALE    https://news.google.com/rss/search?q=Alan%20Garber&hl=en-US&gl=US&ceid=US:en  (no just-published item; only older items resurfaced)
2026-09-08T18:01:17.178771+00:00  STALE    https://news.google.com/rss/search?q=Tricia%20Glynn&hl=en-US&gl=US&ceid=US:en  (no just-published item; only older items resurfaced)
2026-09-08T18:01:17.178771+00:00  STALE    https://news.google.com/rss/search?q=*Eric%20Doppstadt*&hl=en-US&gl=US&ceid=US:en  (no just-published item; only older items resurfaced)
2026-09-08T18:01:17.178771+00:00  STALE    https://news.google.com/rss/search?q=Paul%20Edgerley&hl=en-US&gl=US&ceid=US:en  (no just-published item; only older items resurfaced)
2026-09-08T18:01:17.178771+00:00  STALE    https://news.google.com/rss/search?q=Patrick%20Healy&hl=en-US&gl=US&ceid=US:en  (no just-published item; only older items resurfaced)
2026-09-08T18:01:17.178771+00:00  STALE    https://news.google.com/rss/search?q=Mary%20Erdoes&hl=en-US&gl=US&ceid=US:en  (no just-published item; only older items resurfaced)
2026-09-08T18:01:17.178771+00:00  STALE    https://news.google.com/rss/search?q=*Robert%20Jain*&hl=en-US&gl=US&ceid=US:en  (no just-published item; only older items resurfaced)
2026-09-08T18:01:17.178771+00:00  STALE    https://news.google.com/rss/search?q=*Mart%C3%ADn%20Escobari*&hl=en-US&gl=US&ceid=US:en  (no just-published item; only older items resurfaced)
2026-09-08T18:01:17.178771+00:00  STALE    https://news.google.com/rss/search?q=*Ritu%20Kalra*&hl=en-US&gl=US&ceid=US:en  (no just-published item; only older items resurfaced)
2026-09-08T18:01:17.178771+00:00  STALE    https://news.google.com/rss/search?q=Paul%20Finnegan&hl=en-US&gl=US&ceid=US:en  (no just-published item; only older items resurfaced)
2026-09-08T18:01:17.178771+00:00  STALE    https://news.google.com/rss/search?q=*Raymond%20McGuire*&hl=en-US&gl=US&ceid=US:en  (no just-published item; only older items resurfaced)
2026-09-08T18:01:17.178771+00:00  STALE    https://news.google.com/rss/search?q=Joshua%20Friedman&hl=en-US&gl=US&ceid=US:en  (no just-published item; only older items resurfaced)
2026-09-08T18:01:17.178771+00:00  STALE    https://news.google.com/rss/search?q=*600%20Atlantic%20Avenue%20Boston*&hl=en-US&gl=US&ceid=US:en  (no just-published item; only older items resurfaced)
2026-09-08T18:01:17.178771+00:00  STALE    https://news.google.com/rss/search?q=Harvard%20investment&hl=en-US&gl=US&ceid=US:en  (no just-published item; only older items resurfaced)
2026-09-08T18:01:17.178771+00:00  STALE    https://news.google.com/rss/search?q=Harvard%20Singapore&hl=en-US&gl=US&ceid=US:en  (no just-published item; only older items resurfaced)
2026-09-08T18:01:17.178771+00:00  STALE    https://news.google.com/rss/search?q=HMC%20San%20Francisco&hl=en-US&gl=US&ceid=US:en  (no just-published item; only older items resurfaced)
2026-09-08T18:01:17.178771+00:00  STALE    https://news.google.com/rss/search?q=John%20Shue&hl=en-US&gl=US&ceid=US:en  (no just-published item; only older items resurfaced)
2026-09-08T18:01:17.178771+00:00  STALE    https://news.google.com/rss/search?q=marcus%20loveland&hl=en-US&gl=US&ceid=US:en  (no just-published item; only older items resurfaced)
2026-09-08T18:11:25.215840+00:00  CHANGED  https://www.hhs.gov/press-room/index.html  by=hugo.chiasson  ch=directmessage  via=DM->hugo.chiasson
2026-09-08T18:16:27.718753+00:00  CHANGED  https://www.gse.harvard.edu/ideas/news  by=mahpara.faatin  ch=directmessage  via=DM->mahpara.faatin
2026-09-08T18:21:31.582443+00:00  STALE    https://news.google.com/rss/search?q=Harvard%20Management%20Company&hl=en-US&gl=US&ceid=US:en  (no just-published item; only older items resurfaced)
2026-09-08T18:21:31.582443+00:00  CHANGED  https://news.google.com/rss/search?q=Harvard&hl=en-US&gl=US&ceid=US:en  by=megan.blonigen  ch=directmessage  via=DM->megan.blonigen
2026-09-08T18:21:31.582443+00:00  STALE    https://news.google.com/rss/search?q=N.P.%20Narvekar&hl=en-US&gl=US&ceid=US:en  (no just-published item; only older items resurfaced)
2026-09-08T18:21:31.582443+00:00  STALE    https://news.google.com/rss/search?q=Rick%20Slocum&hl=en-US&gl=US&ceid=US:en  (no just-published item; only older items resurfaced)
2026-09-08T18:30:59.199846+00:00  CHANGED  https://news.google.com/rss/search?q=harvard&hl=en-US&gl=US&ceid=US:en  by=dhruv.patel  ch=directmessage  via=DM->dhruv.patel
2026-09-08T18:30:59.199846+00:00  STALE    https://news.google.com/rss/search?q=Sanjeev%20Daga&hl=en-US&gl=US&ceid=US:en  (no just-published item; only older items resurfaced)
2026-09-08T18:30:59.199846+00:00  STALE    https://news.google.com/rss/search?q=Tim%20Barakett&hl=en-US&gl=US&ceid=US:en  (no just-published item; only older items resurfaced)
2026-09-08T18:30:59.199846+00:00  STALE    https://news.google.com/rss/search?q=Alan%20Garber&hl=en-US&gl=US&ceid=US:en  (no just-published item; only older items resurfaced)
2026-09-08T18:30:59.199846+00:00  STALE    https://news.google.com/rss/search?q=Tricia%20Glynn&hl=en-US&gl=US&ceid=US:en  (no just-published item; only older items resurfaced)
2026-09-08T18:30:59.199846+00:00  STALE    https://news.google.com/rss/search?q=Paul%20Edgerley&hl=en-US&gl=US&ceid=US:en  (no just-published item; only older items resurfaced)
2026-09-08T18:30:59.199846+00:00  STALE    https://news.google.com/rss/search?q=Patrick%20Healy&hl=en-US&gl=US&ceid=US:en  (no just-published item; only older items resurfaced)
2026-09-08T18:30:59.199846+00:00  STALE    https://news.google.com/rss/search?q=Mary%20Erdoes&hl=en-US&gl=US&ceid=US:en  (no just-published item; only older items resurfaced)
2026-09-08T18:30:59.199846+00:00  STALE    https://news.google.com/rss/search?q=*Robert%20Jain*&hl=en-US&gl=US&ceid=US:en  (no just-published item; only older items resurfaced)
2026-09-08T18:30:59.199846+00:00  STALE    https://news.google.com/rss/search?q=*Mart%C3%ADn%20Escobari*&hl=en-US&gl=US&ceid=US:en  (no just-published item; only older items resurfaced)
2026-09-08T18:30:59.199846+00:00  STALE    https://news.google.com/rss/search?q=*Ritu%20Kalra*&hl=en-US&gl=US&ceid=US:en  (no just-published item; only older items resurfaced)
2026-09-08T18:30:59.199846+00:00  STALE    https://news.google.com/rss/search?q=Paul%20Finnegan&hl=en-US&gl=US&ceid=US:en  (no just-published item; only older items resurfaced)
2026-09-08T18:30:59.199846+00:00  STALE    https://news.google.com/rss/search?q=*Raymond%20McGuire*&hl=en-US&gl=US&ceid=US:en  (no just-published item; only older items resurfaced)
2026-09-08T18:30:59.199846+00:00  STALE    https://news.google.com/rss/search?q=Joshua%20Friedman&hl=en-US&gl=US&ceid=US:en  (no just-published item; only older items resurfaced)
2026-09-08T18:30:59.199846+00:00  STALE    https://news.google.com/rss/search?q=*600%20Atlantic%20Avenue%20Boston*&hl=en-US&gl=US&ceid=US:en  (no just-published item; only older items resurfaced)
2026-09-08T18:30:59.199846+00:00  STALE    https://news.google.com/rss/search?q=Harvard%20investment&hl=en-US&gl=US&ceid=US:en  (no just-published item; only older items resurfaced)
2026-09-08T18:30:59.199846+00:00  STALE    https://news.google.com/rss/search?q=Harvard%20Singapore&hl=en-US&gl=US&ceid=US:en  (no just-published item; only older items resurfaced)
2026-09-08T18:30:59.199846+00:00  STALE    https://news.google.com/rss/search?q=HMC%20San%20Francisco&hl=en-US&gl=US&ceid=US:en  (no just-published item; only older items resurfaced)
2026-09-08T18:30:59.199846+00:00  STALE    https://news.google.com/rss/search?q=John%20Shue&hl=en-US&gl=US&ceid=US:en  (no just-published item; only older items resurfaced)
2026-09-08T18:30:59.199846+00:00  STALE    https://news.google.com/rss/search?q=marcus%20loveland&hl=en-US&gl=US&ceid=US:en  (no just-published item; only older items resurfaced)
2026-09-08T18:41:04.963334+00:00  BLOCKED  https://dso.college.harvard.edu/office-culture-community/about-harvard-foundation
2026-09-08T18:46:09.717542+00:00  CHANGED  https://www.hks.harvard.edu  by=jen.phan  ch=directmessage  via=DM->jen.phan
2026-09-08T18:51:12.742684+00:00  STALE    https://news.google.com/rss/search?q=Harvard%20Management%20Company&hl=en-US&gl=US&ceid=US:en  (no just-published item; only older items resurfaced)
2026-09-08T18:51:12.742684+00:00  CHANGED  https://news.google.com/rss/search?q=Harvard&hl=en-US&gl=US&ceid=US:en  by=megan.blonigen  ch=directmessage  via=DM->megan.blonigen
2026-09-08T18:51:12.742684+00:00  STALE    https://news.google.com/rss/search?q=N.P.%20Narvekar&hl=en-US&gl=US&ceid=US:en  (no just-published item; only older items resurfaced)
2026-09-08T18:51:12.742684+00:00  STALE    https://news.google.com/rss/search?q=Rick%20Slocum&hl=en-US&gl=US&ceid=US:en  (no just-published item; only older items resurfaced)
2026-09-08T19:26:13.776185+00:00  CHANGED  https://www.courtlistener.com/docket/72275604/united-states-v-president-and-fellows-of-harvard-college-harvard/?order_by=desc  by=hugo.chiasson  ch=directmessage  via=DM->hugo.chiasson
2026-09-08T19:31:17.497184+00:00  CHANGED  https://news.google.com/rss/search?q=harvard&hl=en-US&gl=US&ceid=US:en  by=dhruv.patel  ch=directmessage  via=DM->dhruv.patel
2026-09-08T19:31:17.497184+00:00  STALE    https://news.google.com/rss/search?q=Sanjeev%20Daga&hl=en-US&gl=US&ceid=US:en  (no just-published item; only older items resurfaced)
2026-09-08T19:31:17.497184+00:00  STALE    https://news.google.com/rss/search?q=Tim%20Barakett&hl=en-US&gl=US&ceid=US:en  (no just-published item; only older items resurfaced)
2026-09-08T19:31:17.497184+00:00  STALE    https://news.google.com/rss/search?q=Alan%20Garber&hl=en-US&gl=US&ceid=US:en  (no just-published item; only older items resurfaced)
2026-09-08T19:31:17.497184+00:00  STALE    https://news.google.com/rss/search?q=Tricia%20Glynn&hl=en-US&gl=US&ceid=US:en  (no just-published item; only older items resurfaced)
2026-09-08T19:31:17.497184+00:00  STALE    https://news.google.com/rss/search?q=Paul%20Edgerley&hl=en-US&gl=US&ceid=US:en  (no just-published item; only older items resurfaced)
2026-09-08T19:31:17.497184+00:00  STALE    https://news.google.com/rss/search?q=Patrick%20Healy&hl=en-US&gl=US&ceid=US:en  (no just-published item; only older items resurfaced)
2026-09-08T19:31:17.497184+00:00  STALE    https://news.google.com/rss/search?q=Mary%20Erdoes&hl=en-US&gl=US&ceid=US:en  (no just-published item; only older items resurfaced)
2026-09-08T19:31:17.497184+00:00  STALE    https://news.google.com/rss/search?q=*Robert%20Jain*&hl=en-US&gl=US&ceid=US:en  (no just-published item; only older items resurfaced)
2026-09-08T19:31:17.497184+00:00  STALE    https://news.google.com/rss/search?q=*Mart%C3%ADn%20Escobari*&hl=en-US&gl=US&ceid=US:en  (no just-published item; only older items resurfaced)
2026-09-08T19:31:17.497184+00:00  STALE    https://news.google.com/rss/search?q=*Ritu%20Kalra*&hl=en-US&gl=US&ceid=US:en  (no just-published item; only older items resurfaced)
2026-09-08T19:31:17.497184+00:00  STALE    https://news.google.com/rss/search?q=Paul%20Finnegan&hl=en-US&gl=US&ceid=US:en  (no just-published item; only older items resurfaced)
2026-09-08T19:31:17.497184+00:00  STALE    https://news.google.com/rss/search?q=*Raymond%20McGuire*&hl=en-US&gl=US&ceid=US:en  (no just-published item; only older items resurfaced)
2026-09-08T19:31:17.497184+00:00  STALE    https://news.google.com/rss/search?q=Joshua%20Friedman&hl=en-US&gl=US&ceid=US:en  (no just-published item; only older items resurfaced)
2026-09-08T19:31:17.497184+00:00  STALE    https://news.google.com/rss/search?q=*600%20Atlantic%20Avenue%20Boston*&hl=en-US&gl=US&ceid=US:en  (no just-published item; only older items resurfaced)
2026-09-08T19:31:17.497184+00:00  STALE    https://news.google.com/rss/search?q=Harvard%20investment&hl=en-US&gl=US&ceid=US:en  (no just-published item; only older items resurfaced)
2026-09-08T19:31:17.497184+00:00  STALE    https://news.google.com/rss/search?q=Harvard%20Singapore&hl=en-US&gl=US&ceid=US:en  (no just-published item; only older items resurfaced)
2026-09-08T19:31:17.497184+00:00  STALE    https://news.google.com/rss/search?q=HMC%20San%20Francisco&hl=en-US&gl=US&ceid=US:en  (no just-published item; only older items resurfaced)
2026-09-08T19:31:17.497184+00:00  STALE    https://news.google.com/rss/search?q=John%20Shue&hl=en-US&gl=US&ceid=US:en  (no just-published item; only older items resurfaced)
2026-09-08T19:31:17.497184+00:00  STALE    https://news.google.com/rss/search?q=marcus%20loveland&hl=en-US&gl=US&ceid=US:en  (no just-published item; only older items resurfaced)
2026-09-08T19:41:22.551610+00:00  BLOCKED  https://dso.college.harvard.edu/office-culture-community/about-harvard-foundation
2026-09-08T19:46:27.090740+00:00  CHANGED  https://www.hks.harvard.edu  by=jen.phan  ch=directmessage  via=DM->jen.phan
2026-09-08T19:51:29.366650+00:00  STALE    https://news.google.com/rss/search?q=Harvard%20Management%20Company&hl=en-US&gl=US&ceid=US:en  (no just-published item; only older items resurfaced)
2026-09-08T19:51:29.366650+00:00  CHANGED  https://news.google.com/rss/search?q=Harvard&hl=en-US&gl=US&ceid=US:en  by=megan.blonigen  ch=directmessage  via=DM->megan.blonigen
2026-09-08T19:51:29.366650+00:00  STALE    https://news.google.com/rss/search?q=N.P.%20Narvekar&hl=en-US&gl=US&ceid=US:en  (no just-published item; only older items resurfaced)
2026-09-08T19:51:29.366650+00:00  STALE    https://news.google.com/rss/search?q=Rick%20Slocum&hl=en-US&gl=US&ceid=US:en  (no just-published item; only older items resurfaced)
2026-09-08T20:01:51.208436+00:00  CHANGED  https://news.google.com/rss/search?q=harvard&hl=en-US&gl=US&ceid=US:en  by=dhruv.patel  ch=directmessage  via=DM->dhruv.patel
2026-09-08T20:01:51.208436+00:00  STALE    https://news.google.com/rss/search?q=Sanjeev%20Daga&hl=en-US&gl=US&ceid=US:en  (no just-published item; only older items resurfaced)
2026-09-08T20:01:51.208436+00:00  STALE    https://news.google.com/rss/search?q=Tim%20Barakett&hl=en-US&gl=US&ceid=US:en  (no just-published item; only older items resurfaced)
2026-09-08T20:01:51.208436+00:00  STALE    https://news.google.com/rss/search?q=Alan%20Garber&hl=en-US&gl=US&ceid=US:en  (no just-published item; only older items resurfaced)
2026-09-08T20:01:51.208436+00:00  STALE    https://news.google.com/rss/search?q=Tricia%20Glynn&hl=en-US&gl=US&ceid=US:en  (no just-published item; only older items resurfaced)
2026-09-08T20:01:51.208436+00:00  STALE    https://news.google.com/rss/search?q=*Eric%20Doppstadt*&hl=en-US&gl=US&ceid=US:en  (no just-published item; only older items resurfaced)
2026-09-08T20:01:51.208436+00:00  STALE    https://news.google.com/rss/search?q=Paul%20Edgerley&hl=en-US&gl=US&ceid=US:en  (no just-published item; only older items resurfaced)
2026-09-08T20:01:51.208436+00:00  STALE    https://news.google.com/rss/search?q=Patrick%20Healy&hl=en-US&gl=US&ceid=US:en  (no just-published item; only older items resurfaced)
2026-09-08T20:01:51.208436+00:00  STALE    https://news.google.com/rss/search?q=Mary%20Erdoes&hl=en-US&gl=US&ceid=US:en  (no just-published item; only older items resurfaced)
2026-09-08T20:01:51.208436+00:00  STALE    https://news.google.com/rss/search?q=*Robert%20Jain*&hl=en-US&gl=US&ceid=US:en  (no just-published item; only older items resurfaced)
2026-09-08T20:01:51.208436+00:00  STALE    https://news.google.com/rss/search?q=*Mart%C3%ADn%20Escobari*&hl=en-US&gl=US&ceid=US:en  (no just-published item; only older items resurfaced)
2026-09-08T20:01:51.208436+00:00  STALE    https://news.google.com/rss/search?q=*Ritu%20Kalra*&hl=en-US&gl=US&ceid=US:en  (no just-published item; only older items resurfaced)
2026-09-08T20:01:51.208436+00:00  STALE    https://news.google.com/rss/search?q=Paul%20Finnegan&hl=en-US&gl=US&ceid=US:en  (no just-published item; only older items resurfaced)
2026-09-08T20:01:51.208436+00:00  STALE    https://news.google.com/rss/search?q=*Raymond%20McGuire*&hl=en-US&gl=US&ceid=US:en  (no just-published item; only older items resurfaced)
2026-09-08T20:01:51.208436+00:00  STALE    https://news.google.com/rss/search?q=Joshua%20Friedman&hl=en-US&gl=US&ceid=US:en  (no just-published item; only older items resurfaced)
2026-09-08T20:01:51.208436+00:00  STALE    https://news.google.com/rss/search?q=*600%20Atlantic%20Avenue%20Boston*&hl=en-US&gl=US&ceid=US:en  (no just-published item; only older items resurfaced)
2026-09-08T20:01:51.208436+00:00  STALE    https://news.google.com/rss/search?q=Harvard%20investment&hl=en-US&gl=US&ceid=US:en  (no just-published item; only older items resurfaced)
2026-09-08T20:01:51.208436+00:00  STALE    https://news.google.com/rss/search?q=Harvard%20Singapore&hl=en-US&gl=US&ceid=US:en  (no just-published item; only older items resurfaced)
2026-09-08T20:01:51.208436+00:00  STALE    https://news.google.com/rss/search?q=HMC%20San%20Francisco&hl=en-US&gl=US&ceid=US:en  (no just-published item; only older items resurfaced)
2026-09-08T20:01:51.208436+00:00  STALE    https://news.google.com/rss/search?q=John%20Shue&hl=en-US&gl=US&ceid=US:en  (no just-published item; only older items resurfaced)
2026-09-08T20:01:51.208436+00:00  STALE    https://news.google.com/rss/search?q=marcus%20loveland&hl=en-US&gl=US&ceid=US:en  (no just-published item; only older items resurfaced)
2026-09-08T20:06:53.696465+00:00  CHANGED  https://www.hhs.gov/press-room/index.html  by=hugo.chiasson  ch=directmessage  via=DM->hugo.chiasson
2026-09-08T20:11:57.906929+00:00  BLOCKED  https://www.hupd.harvard.edu/campus-hazing-transparency-report
2026-09-08T20:22:04.899354+00:00  STALE    https://news.google.com/rss/search?q=Harvard%20Management%20Company&hl=en-US&gl=US&ceid=US:en  (no just-published item; only older items resurfaced)
2026-09-08T20:22:04.899354+00:00  CHANGED  https://news.google.com/rss/search?q=Harvard&hl=en-US&gl=US&ceid=US:en  by=megan.blonigen  ch=directmessage  via=DM->megan.blonigen
2026-09-08T20:22:04.899354+00:00  STALE    https://news.google.com/rss/search?q=N.P.%20Narvekar&hl=en-US&gl=US&ceid=US:en  (no just-published item; only older items resurfaced)
2026-09-08T20:22:04.899354+00:00  STALE    https://news.google.com/rss/search?q=Rick%20Slocum&hl=en-US&gl=US&ceid=US:en  (no just-published item; only older items resurfaced)
2026-09-08T20:27:10.495091+00:00  ERROR    https://www.courtlistener.com/docket/72520538/united-states-v-president-and-fellows-of-harvard-college/?order_by=desc  The read operation timed out
2026-09-08T20:31:34.223596+00:00  CHANGED  https://news.google.com/rss/search?q=harvard&hl=en-US&gl=US&ceid=US:en  by=dhruv.patel  ch=directmessage  via=DM->dhruv.patel
2026-09-08T20:31:34.223596+00:00  STALE    https://news.google.com/rss/search?q=Sanjeev%20Daga&hl=en-US&gl=US&ceid=US:en  (no just-published item; only older items resurfaced)
2026-09-08T20:31:34.223596+00:00  STALE    https://news.google.com/rss/search?q=Tim%20Barakett&hl=en-US&gl=US&ceid=US:en  (no just-published item; only older items resurfaced)
2026-09-08T20:31:34.223596+00:00  STALE    https://news.google.com/rss/search?q=Alan%20Garber&hl=en-US&gl=US&ceid=US:en  (no just-published item; only older items resurfaced)
2026-09-08T20:31:34.223596+00:00  STALE    https://news.google.com/rss/search?q=Tricia%20Glynn&hl=en-US&gl=US&ceid=US:en  (no just-published item; only older items resurfaced)
2026-09-08T20:31:34.223596+00:00  STALE    https://news.google.com/rss/search?q=*Eric%20Doppstadt*&hl=en-US&gl=US&ceid=US:en  (no just-published item; only older items resurfaced)
2026-09-08T20:31:34.223596+00:00  STALE    https://news.google.com/rss/search?q=Paul%20Edgerley&hl=en-US&gl=US&ceid=US:en  (no just-published item; only older items resurfaced)
2026-09-08T20:31:34.223596+00:00  STALE    https://news.google.com/rss/search?q=Patrick%20Healy&hl=en-US&gl=US&ceid=US:en  (no just-published item; only older items resurfaced)
2026-09-08T20:31:34.223596+00:00  STALE    https://news.google.com/rss/search?q=Mary%20Erdoes&hl=en-US&gl=US&ceid=US:en  (no just-published item; only older items resurfaced)
2026-09-08T20:31:34.223596+00:00  STALE    https://news.google.com/rss/search?q=*Robert%20Jain*&hl=en-US&gl=US&ceid=US:en  (no just-published item; only older items resurfaced)
2026-09-08T20:31:34.223596+00:00  STALE    https://news.google.com/rss/search?q=*Mart%C3%ADn%20Escobari*&hl=en-US&gl=US&ceid=US:en  (no just-published item; only older items resurfaced)
2026-09-08T20:31:34.223596+00:00  STALE    https://news.google.com/rss/search?q=*Ritu%20Kalra*&hl=en-US&gl=US&ceid=US:en  (no just-published item; only older items resurfaced)
2026-09-08T20:31:34.223596+00:00  STALE    https://news.google.com/rss/search?q=Paul%20Finnegan&hl=en-US&gl=US&ceid=US:en  (no just-published item; only older items resurfaced)
2026-09-08T20:31:34.223596+00:00  STALE    https://news.google.com/rss/search?q=*Raymond%20McGuire*&hl=en-US&gl=US&ceid=US:en  (no just-published item; only older items resurfaced)
2026-09-08T20:31:34.223596+00:00  STALE    https://news.google.com/rss/search?q=Joshua%20Friedman&hl=en-US&gl=US&ceid=US:en  (no just-published item; only older items resurfaced)
2026-09-08T20:31:34.223596+00:00  STALE    https://news.google.com/rss/search?q=*600%20Atlantic%20Avenue%20Boston*&hl=en-US&gl=US&ceid=US:en  (no just-published item; only older items resurfaced)
2026-09-08T20:31:34.223596+00:00  STALE    https://news.google.com/rss/search?q=Harvard%20investment&hl=en-US&gl=US&ceid=US:en  (no just-published item; only older items resurfaced)
2026-09-08T20:31:34.223596+00:00  STALE    https://news.google.com/rss/search?q=Harvard%20Singapore&hl=en-US&gl=US&ceid=US:en  (no just-published item; only older items resurfaced)
2026-09-08T20:31:34.223596+00:00  STALE    https://news.google.com/rss/search?q=HMC%20San%20Francisco&hl=en-US&gl=US&ceid=US:en  (no just-published item; only older items resurfaced)
2026-09-08T20:31:34.223596+00:00  STALE    https://news.google.com/rss/search?q=John%20Shue&hl=en-US&gl=US&ceid=US:en  (no just-published item; only older items resurfaced)
2026-09-08T20:31:34.223596+00:00  STALE    https://news.google.com/rss/search?q=marcus%20loveland&hl=en-US&gl=US&ceid=US:en  (no just-published item; only older items resurfaced)
2026-09-08T20:41:40.821513+00:00  BLOCKED  https://dso.college.harvard.edu/office-culture-community/about-harvard-foundation
2026-09-08T20:46:46.335361+00:00  CHANGED  https://hls.harvard.edu/today/  by=sierra.pape  ch=directmessage  via=DM->sierra.pape
2026-09-08T20:51:49.766633+00:00  STALE    https://news.google.com/rss/search?q=Harvard%20Management%20Company&hl=en-US&gl=US&ceid=US:en  (no just-published item; only older items resurfaced)
2026-09-08T20:51:49.766633+00:00  CHANGED  https://news.google.com/rss/search?q=Harvard&hl=en-US&gl=US&ceid=US:en  by=megan.blonigen  ch=directmessage  via=DM->megan.blonigen
2026-09-08T20:51:49.766633+00:00  STALE    https://news.google.com/rss/search?q=N.P.%20Narvekar&hl=en-US&gl=US&ceid=US:en  (no just-published item; only older items resurfaced)
2026-09-08T20:51:49.766633+00:00  STALE    https://news.google.com/rss/search?q=Rick%20Slocum&hl=en-US&gl=US&ceid=US:en  (no just-published item; only older items resurfaced)
2026-09-08T21:01:33.616480+00:00  ERROR    https://secretary.college.harvard.edu/data/  <urlopen error timed out>
2026-09-08T21:01:33.616480+00:00  CHANGED  https://news.google.com/rss/search?q=harvard&hl=en-US&gl=US&ceid=US:en  by=dhruv.patel  ch=directmessage  via=DM->dhruv.patel
2026-09-08T21:01:33.616480+00:00  STALE    https://news.google.com/rss/search?q=Sanjeev%20Daga&hl=en-US&gl=US&ceid=US:en  (no just-published item; only older items resurfaced)
2026-09-08T21:01:33.616480+00:00  STALE    https://news.google.com/rss/search?q=Tim%20Barakett&hl=en-US&gl=US&ceid=US:en  (no just-published item; only older items resurfaced)
2026-09-08T21:01:33.616480+00:00  STALE    https://news.google.com/rss/search?q=Alan%20Garber&hl=en-US&gl=US&ceid=US:en  (no just-published item; only older items resurfaced)
2026-09-08T21:01:33.616480+00:00  STALE    https://news.google.com/rss/search?q=Tricia%20Glynn&hl=en-US&gl=US&ceid=US:en  (no just-published item; only older items resurfaced)
2026-09-08T21:01:33.616480+00:00  STALE    https://news.google.com/rss/search?q=Paul%20Edgerley&hl=en-US&gl=US&ceid=US:en  (no just-published item; only older items resurfaced)
2026-09-08T21:01:33.616480+00:00  STALE    https://news.google.com/rss/search?q=Patrick%20Healy&hl=en-US&gl=US&ceid=US:en  (no just-published item; only older items resurfaced)
2026-09-08T21:01:33.616480+00:00  STALE    https://news.google.com/rss/search?q=Mary%20Erdoes&hl=en-US&gl=US&ceid=US:en  (no just-published item; only older items resurfaced)
2026-09-08T21:01:33.616480+00:00  STALE    https://news.google.com/rss/search?q=*Robert%20Jain*&hl=en-US&gl=US&ceid=US:en  (no just-published item; only older items resurfaced)
2026-09-08T21:01:33.616480+00:00  STALE    https://news.google.com/rss/search?q=*Mart%C3%ADn%20Escobari*&hl=en-US&gl=US&ceid=US:en  (no just-published item; only older items resurfaced)
2026-09-08T21:01:33.616480+00:00  STALE    https://news.google.com/rss/search?q=*Ritu%20Kalra*&hl=en-US&gl=US&ceid=US:en  (no just-published item; only older items resurfaced)
2026-09-08T21:01:33.616480+00:00  STALE    https://news.google.com/rss/search?q=Paul%20Finnegan&hl=en-US&gl=US&ceid=US:en  (no just-published item; only older items resurfaced)
2026-09-08T21:01:33.616480+00:00  STALE    https://news.google.com/rss/search?q=*Raymond%20McGuire*&hl=en-US&gl=US&ceid=US:en  (no just-published item; only older items resurfaced)
2026-09-08T21:01:33.616480+00:00  STALE    https://news.google.com/rss/search?q=Joshua%20Friedman&hl=en-US&gl=US&ceid=US:en  (no just-published item; only older items resurfaced)
2026-09-08T21:01:33.616480+00:00  STALE    https://news.google.com/rss/search?q=*600%20Atlantic%20Avenue%20Boston*&hl=en-US&gl=US&ceid=US:en  (no just-published item; only older items resurfaced)
2026-09-08T21:01:33.616480+00:00  STALE    https://news.google.com/rss/search?q=Harvard%20investment&hl=en-US&gl=US&ceid=US:en  (no just-published item; only older items resurfaced)
2026-09-08T21:01:33.616480+00:00  STALE    https://news.google.com/rss/search?q=Harvard%20Singapore&hl=en-US&gl=US&ceid=US:en  (no just-published item; only older items resurfaced)
2026-09-08T21:01:33.616480+00:00  STALE    https://news.google.com/rss/search?q=HMC%20San%20Francisco&hl=en-US&gl=US&ceid=US:en  (no just-published item; only older items resurfaced)
2026-09-08T21:01:33.616480+00:00  STALE    https://news.google.com/rss/search?q=John%20Shue&hl=en-US&gl=US&ceid=US:en  (no just-published item; only older items resurfaced)
2026-09-08T21:01:33.616480+00:00  STALE    https://news.google.com/rss/search?q=marcus%20loveland&hl=en-US&gl=US&ceid=US:en  (no just-published item; only older items resurfaced)
2026-09-08T21:12:27.645841+00:00  ERROR    https://www.courtlistener.com/docket/72090192/president-and-fellows-of-harvard-college-v-us-department-of-health-and/?order_by=desc  The read operation timed out
2026-09-08T21:12:27.645841+00:00  ERROR    https://secretary.college.harvard.edu/data/  <urlopen error timed out>
2026-09-08T21:23:30.480848+00:00  STALE    https://news.google.com/rss/search?q=Harvard%20Management%20Company&hl=en-US&gl=US&ceid=US:en  (no just-published item; only older items resurfaced)
2026-09-08T21:23:30.480848+00:00  CHANGED  https://news.google.com/rss/search?q=Harvard&hl=en-US&gl=US&ceid=US:en  by=megan.blonigen  ch=directmessage  via=DM->megan.blonigen
2026-09-08T21:23:30.480848+00:00  STALE    https://news.google.com/rss/search?q=Rick%20Slocum&hl=en-US&gl=US&ceid=US:en  (no just-published item; only older items resurfaced)
2026-09-08T21:31:27.005161+00:00  ERROR    https://secretary.college.harvard.edu/data/  <urlopen error timed out>
2026-09-08T21:31:27.005161+00:00  CHANGED  https://news.google.com/rss/search?q=harvard&hl=en-US&gl=US&ceid=US:en  by=dhruv.patel  ch=directmessage  via=DM->dhruv.patel
2026-09-08T21:31:27.005161+00:00  STALE    https://news.google.com/rss/search?q=Sanjeev%20Daga&hl=en-US&gl=US&ceid=US:en  (no just-published item; only older items resurfaced)
2026-09-08T21:31:27.005161+00:00  STALE    https://news.google.com/rss/search?q=Tim%20Barakett&hl=en-US&gl=US&ceid=US:en  (no just-published item; only older items resurfaced)
2026-09-08T21:31:27.005161+00:00  STALE    https://news.google.com/rss/search?q=Alan%20Garber&hl=en-US&gl=US&ceid=US:en  (no just-published item; only older items resurfaced)
2026-09-08T21:31:27.005161+00:00  STALE    https://news.google.com/rss/search?q=Tricia%20Glynn&hl=en-US&gl=US&ceid=US:en  (no just-published item; only older items resurfaced)
2026-09-08T21:31:27.005161+00:00  STALE    https://news.google.com/rss/search?q=*Eric%20Doppstadt*&hl=en-US&gl=US&ceid=US:en  (no just-published item; only older items resurfaced)
2026-09-08T21:31:27.005161+00:00  STALE    https://news.google.com/rss/search?q=Paul%20Edgerley&hl=en-US&gl=US&ceid=US:en  (no just-published item; only older items resurfaced)
2026-09-08T21:31:27.005161+00:00  STALE    https://news.google.com/rss/search?q=Patrick%20Healy&hl=en-US&gl=US&ceid=US:en  (no just-published item; only older items resurfaced)
2026-09-08T21:31:27.005161+00:00  STALE    https://news.google.com/rss/search?q=Mary%20Erdoes&hl=en-US&gl=US&ceid=US:en  (no just-published item; only older items resurfaced)
2026-09-08T21:31:27.005161+00:00  STALE    https://news.google.com/rss/search?q=*Robert%20Jain*&hl=en-US&gl=US&ceid=US:en  (no just-published item; only older items resurfaced)
2026-09-08T21:31:27.005161+00:00  STALE    https://news.google.com/rss/search?q=*Mart%C3%ADn%20Escobari*&hl=en-US&gl=US&ceid=US:en  (no just-published item; only older items resurfaced)
2026-09-08T21:31:27.005161+00:00  STALE    https://news.google.com/rss/search?q=*Ritu%20Kalra*&hl=en-US&gl=US&ceid=US:en  (no just-published item; only older items resurfaced)
2026-09-08T21:31:27.005161+00:00  STALE    https://news.google.com/rss/search?q=Paul%20Finnegan&hl=en-US&gl=US&ceid=US:en  (no just-published item; only older items resurfaced)
2026-09-08T21:31:27.005161+00:00  STALE    https://news.google.com/rss/search?q=*Raymond%20McGuire*&hl=en-US&gl=US&ceid=US:en  (no just-published item; only older items resurfaced)
2026-09-08T21:31:27.005161+00:00  STALE    https://news.google.com/rss/search?q=Joshua%20Friedman&hl=en-US&gl=US&ceid=US:en  (no just-published item; only older items resurfaced)
2026-09-08T21:31:27.005161+00:00  STALE    https://news.google.com/rss/search?q=*600%20Atlantic%20Avenue%20Boston*&hl=en-US&gl=US&ceid=US:en  (no just-published item; only older items resurfaced)
2026-09-08T21:31:27.005161+00:00  STALE    https://news.google.com/rss/search?q=Harvard%20investment&hl=en-US&gl=US&ceid=US:en  (no just-published item; only older items resurfaced)
2026-09-08T21:31:27.005161+00:00  STALE    https://news.google.com/rss/search?q=Harvard%20Singapore&hl=en-US&gl=US&ceid=US:en  (no just-published item; only older items resurfaced)
2026-09-08T21:31:27.005161+00:00  STALE    https://news.google.com/rss/search?q=John%20Shue&hl=en-US&gl=US&ceid=US:en  (no just-published item; only older items resurfaced)
2026-09-08T21:31:27.005161+00:00  STALE    https://news.google.com/rss/search?q=marcus%20loveland&hl=en-US&gl=US&ceid=US:en  (no just-published item; only older items resurfaced)
2026-09-08T21:37:19.215430+00:00  CHANGED  https://www.hhs.gov/press-room/index.html  by=hugo.chiasson  ch=directmessage  via=DM->hugo.chiasson
2026-09-08T21:42:21.779441+00:00  BLOCKED  https://dso.college.harvard.edu/office-culture-community/about-harvard-foundation
2026-09-08T21:42:21.779441+00:00  CHANGED  https://www.hhs.gov/press-room/index.html  by=hugo.chiasson  ch=directmessage  via=DM->hugo.chiasson
2026-09-08T21:47:25.899099+00:00  CHANGED  https://www.hks.harvard.edu  by=jen.phan  ch=directmessage  via=DM->jen.phan
2026-09-08T21:47:25.899099+00:00  CHANGED  https://hls.harvard.edu/today/  by=sierra.pape  ch=directmessage  via=DM->sierra.pape
2026-09-08T21:47:25.899099+00:00  CHANGED  https://www.hhs.gov/press-room/index.html  by=hugo.chiasson  ch=directmessage  via=DM->hugo.chiasson
2026-09-08T21:52:28.941742+00:00  FLAPPED  https://www.courtlistener.com/docket/72090192/president-and-fellows-of-harvard-college-v-us-department-of-health-and/?order_by=desc
2026-09-08T21:52:28.941742+00:00  CHANGED  https://www.hhs.gov/press-room/index.html  by=hugo.chiasson  ch=directmessage  via=DM->hugo.chiasson
2026-09-08T21:52:28.941742+00:00  STALE    https://news.google.com/rss/search?q=Harvard%20Management%20Company&hl=en-US&gl=US&ceid=US:en  (no just-published item; only older items resurfaced)
2026-09-08T21:52:28.941742+00:00  CHANGED  https://news.google.com/rss/search?q=Harvard&hl=en-US&gl=US&ceid=US:en  by=megan.blonigen  ch=directmessage  via=DM->megan.blonigen
2026-09-08T21:52:28.941742+00:00  STALE    https://news.google.com/rss/search?q=N.P.%20Narvekar&hl=en-US&gl=US&ceid=US:en  (no just-published item; only older items resurfaced)
2026-09-08T21:52:28.941742+00:00  STALE    https://news.google.com/rss/search?q=Rick%20Slocum&hl=en-US&gl=US&ceid=US:en  (no just-published item; only older items resurfaced)
2026-09-08T21:57:31.666283+00:00  CHANGED  https://www.courtlistener.com/docket/72090192/president-and-fellows-of-harvard-college-v-us-department-of-health-and/?order_by=desc  by=hugo.chiasson  ch=directmessage  via=DM->hugo.chiasson
2026-09-08T22:01:44.575968+00:00  CHANGED  https://news.google.com/rss/search?q=harvard&hl=en-US&gl=US&ceid=US:en  by=dhruv.patel  ch=directmessage  via=DM->dhruv.patel
2026-09-08T22:01:44.575968+00:00  STALE    https://news.google.com/rss/search?q=Sanjeev%20Daga&hl=en-US&gl=US&ceid=US:en  (no just-published item; only older items resurfaced)
2026-09-08T22:01:44.575968+00:00  STALE    https://news.google.com/rss/search?q=Tim%20Barakett&hl=en-US&gl=US&ceid=US:en  (no just-published item; only older items resurfaced)
2026-09-08T22:01:44.575968+00:00  STALE    https://news.google.com/rss/search?q=Alan%20Garber&hl=en-US&gl=US&ceid=US:en  (no just-published item; only older items resurfaced)
2026-09-08T22:01:44.575968+00:00  STALE    https://news.google.com/rss/search?q=Tricia%20Glynn&hl=en-US&gl=US&ceid=US:en  (no just-published item; only older items resurfaced)
2026-09-08T22:01:44.575968+00:00  STALE    https://news.google.com/rss/search?q=*Eric%20Doppstadt*&hl=en-US&gl=US&ceid=US:en  (no just-published item; only older items resurfaced)
2026-09-08T22:01:44.575968+00:00  STALE    https://news.google.com/rss/search?q=Paul%20Edgerley&hl=en-US&gl=US&ceid=US:en  (no just-published item; only older items resurfaced)
2026-09-08T22:01:44.575968+00:00  STALE    https://news.google.com/rss/search?q=Patrick%20Healy&hl=en-US&gl=US&ceid=US:en  (no just-published item; only older items resurfaced)
2026-09-08T22:01:44.575968+00:00  STALE    https://news.google.com/rss/search?q=Mary%20Erdoes&hl=en-US&gl=US&ceid=US:en  (no just-published item; only older items resurfaced)
2026-09-08T22:01:44.575968+00:00  STALE    https://news.google.com/rss/search?q=*Robert%20Jain*&hl=en-US&gl=US&ceid=US:en  (no just-published item; only older items resurfaced)
2026-09-08T22:01:44.575968+00:00  STALE    https://news.google.com/rss/search?q=*Mart%C3%ADn%20Escobari*&hl=en-US&gl=US&ceid=US:en  (no just-published item; only older items resurfaced)
2026-09-08T22:01:44.575968+00:00  STALE    https://news.google.com/rss/search?q=*Ritu%20Kalra*&hl=en-US&gl=US&ceid=US:en  (no just-published item; only older items resurfaced)
2026-09-08T22:01:44.575968+00:00  STALE    https://news.google.com/rss/search?q=Paul%20Finnegan&hl=en-US&gl=US&ceid=US:en  (no just-published item; only older items resurfaced)
2026-09-08T22:01:44.575968+00:00  STALE    https://news.google.com/rss/search?q=*Raymond%20McGuire*&hl=en-US&gl=US&ceid=US:en  (no just-published item; only older items resurfaced)
2026-09-08T22:01:44.575968+00:00  STALE    https://news.google.com/rss/search?q=Joshua%20Friedman&hl=en-US&gl=US&ceid=US:en  (no just-published item; only older items resurfaced)
2026-09-08T22:01:44.575968+00:00  STALE    https://news.google.com/rss/search?q=*600%20Atlantic%20Avenue%20Boston*&hl=en-US&gl=US&ceid=US:en  (no just-published item; only older items resurfaced)
2026-09-08T22:01:44.575968+00:00  STALE    https://news.google.com/rss/search?q=Harvard%20investment&hl=en-US&gl=US&ceid=US:en  (no just-published item; only older items resurfaced)
2026-09-08T22:01:44.575968+00:00  STALE    https://news.google.com/rss/search?q=Harvard%20Singapore&hl=en-US&gl=US&ceid=US:en  (no just-published item; only older items resurfaced)
2026-09-08T22:01:44.575968+00:00  STALE    https://news.google.com/rss/search?q=HMC%20San%20Francisco&hl=en-US&gl=US&ceid=US:en  (no just-published item; only older items resurfaced)
2026-09-08T22:01:44.575968+00:00  STALE    https://news.google.com/rss/search?q=John%20Shue&hl=en-US&gl=US&ceid=US:en  (no just-published item; only older items resurfaced)
2026-09-08T22:01:44.575968+00:00  STALE    https://news.google.com/rss/search?q=marcus%20loveland&hl=en-US&gl=US&ceid=US:en  (no just-published item; only older items resurfaced)
2026-09-08T22:11:48.876612+00:00  FLAPPED  https://www.courtlistener.com/docket/72090192/president-and-fellows-of-harvard-college-v-us-department-of-health-and/?order_by=desc
2026-09-08T22:11:48.876612+00:00  CHANGED  https://www.courtlistener.com/docket/72275604/united-states-v-president-and-fellows-of-harvard-college-harvard/?order_by=desc  by=hugo.chiasson  ch=directmessage  via=DM->hugo.chiasson
2026-09-08T22:16:52.690789+00:00  CHANGED  https://www.courtlistener.com/docket/72520538/united-states-v-president-and-fellows-of-harvard-college/?order_by=desc  by=hugo.chiasson  ch=directmessage  via=DM->hugo.chiasson
2026-09-08T22:16:52.690789+00:00  FLAPPED  https://www.courtlistener.com/docket/72275604/united-states-v-president-and-fellows-of-harvard-college-harvard/?order_by=desc
2026-09-08T22:21:55.077967+00:00  FLAPPED  https://www.courtlistener.com/docket/72275604/united-states-v-president-and-fellows-of-harvard-college-harvard/?order_by=desc
2026-09-08T22:21:55.077967+00:00  STALE    https://news.google.com/rss/search?q=Harvard%20Management%20Company&hl=en-US&gl=US&ceid=US:en  (no just-published item; only older items resurfaced)
2026-09-08T22:21:55.077967+00:00  CHANGED  https://news.google.com/rss/search?q=Harvard&hl=en-US&gl=US&ceid=US:en  by=megan.blonigen  ch=directmessage  via=DM->megan.blonigen
2026-09-08T22:21:55.077967+00:00  STALE    https://news.google.com/rss/search?q=N.P.%20Narvekar&hl=en-US&gl=US&ceid=US:en  (no just-published item; only older items resurfaced)
2026-09-08T22:21:55.077967+00:00  STALE    https://news.google.com/rss/search?q=Rick%20Slocum&hl=en-US&gl=US&ceid=US:en  (no just-published item; only older items resurfaced)
2026-09-08T22:26:57.347668+00:00  FLAPPED  https://www.courtlistener.com/docket/72275604/united-states-v-president-and-fellows-of-harvard-college-harvard/?order_by=desc
2026-09-08T22:31:22.348118+00:00  CHANGED  https://www.courtlistener.com/docket/72275604/united-states-v-president-and-fellows-of-harvard-college-harvard/?order_by=desc  by=hugo.chiasson  ch=directmessage  via=DM->hugo.chiasson
2026-09-08T22:31:22.348118+00:00  CHANGED  https://news.google.com/rss/search?q=harvard&hl=en-US&gl=US&ceid=US:en  by=dhruv.patel  ch=directmessage  via=DM->dhruv.patel
2026-09-08T22:31:22.348118+00:00  STALE    https://news.google.com/rss/search?q=Sanjeev%20Daga&hl=en-US&gl=US&ceid=US:en  (no just-published item; only older items resurfaced)
2026-09-08T22:31:22.348118+00:00  STALE    https://news.google.com/rss/search?q=Tim%20Barakett&hl=en-US&gl=US&ceid=US:en  (no just-published item; only older items resurfaced)
2026-09-08T22:31:22.348118+00:00  STALE    https://news.google.com/rss/search?q=Alan%20Garber&hl=en-US&gl=US&ceid=US:en  (no just-published item; only older items resurfaced)
2026-09-08T22:31:22.348118+00:00  STALE    https://news.google.com/rss/search?q=Tricia%20Glynn&hl=en-US&gl=US&ceid=US:en  (no just-published item; only older items resurfaced)
2026-09-08T22:31:22.348118+00:00  STALE    https://news.google.com/rss/search?q=*Eric%20Doppstadt*&hl=en-US&gl=US&ceid=US:en  (no just-published item; only older items resurfaced)
2026-09-08T22:31:22.348118+00:00  STALE    https://news.google.com/rss/search?q=Paul%20Edgerley&hl=en-US&gl=US&ceid=US:en  (no just-published item; only older items resurfaced)
2026-09-08T22:31:22.348118+00:00  STALE    https://news.google.com/rss/search?q=Patrick%20Healy&hl=en-US&gl=US&ceid=US:en  (no just-published item; only older items resurfaced)
2026-09-08T22:31:22.348118+00:00  STALE    https://news.google.com/rss/search?q=Mary%20Erdoes&hl=en-US&gl=US&ceid=US:en  (no just-published item; only older items resurfaced)
2026-09-08T22:31:22.348118+00:00  STALE    https://news.google.com/rss/search?q=*Robert%20Jain*&hl=en-US&gl=US&ceid=US:en  (no just-published item; only older items resurfaced)
2026-09-08T22:31:22.348118+00:00  STALE    https://news.google.com/rss/search?q=*Mart%C3%ADn%20Escobari*&hl=en-US&gl=US&ceid=US:en  (no just-published item; only older items resurfaced)
2026-09-08T22:31:22.348118+00:00  STALE    https://news.google.com/rss/search?q=*Ritu%20Kalra*&hl=en-US&gl=US&ceid=US:en  (no just-published item; only older items resurfaced)
2026-09-08T22:31:22.348118+00:00  STALE    https://news.google.com/rss/search?q=Paul%20Finnegan&hl=en-US&gl=US&ceid=US:en  (no just-published item; only older items resurfaced)
2026-09-08T22:31:22.348118+00:00  STALE    https://news.google.com/rss/search?q=*Raymond%20McGuire*&hl=en-US&gl=US&ceid=US:en  (no just-published item; only older items resurfaced)
2026-09-08T22:31:22.348118+00:00  STALE    https://news.google.com/rss/search?q=Joshua%20Friedman&hl=en-US&gl=US&ceid=US:en  (no just-published item; only older items resurfaced)
2026-09-08T22:31:22.348118+00:00  STALE    https://news.google.com/rss/search?q=*600%20Atlantic%20Avenue%20Boston*&hl=en-US&gl=US&ceid=US:en  (no just-published item; only older items resurfaced)
2026-09-08T22:31:22.348118+00:00  STALE    https://news.google.com/rss/search?q=Harvard%20investment&hl=en-US&gl=US&ceid=US:en  (no just-published item; only older items resurfaced)
2026-09-08T22:31:22.348118+00:00  STALE    https://news.google.com/rss/search?q=Harvard%20Singapore&hl=en-US&gl=US&ceid=US:en  (no just-published item; only older items resurfaced)
2026-09-08T22:31:22.348118+00:00  STALE    https://news.google.com/rss/search?q=HMC%20San%20Francisco&hl=en-US&gl=US&ceid=US:en  (no just-published item; only older items resurfaced)
2026-09-08T22:31:22.348118+00:00  STALE    https://news.google.com/rss/search?q=John%20Shue&hl=en-US&gl=US&ceid=US:en  (no just-published item; only older items resurfaced)
2026-09-08T22:31:22.348118+00:00  STALE    https://news.google.com/rss/search?q=marcus%20loveland&hl=en-US&gl=US&ceid=US:en  (no just-published item; only older items resurfaced)
2026-09-08T22:41:29.990208+00:00  BLOCKED  https://dso.college.harvard.edu/office-culture-community/about-harvard-foundation
2026-09-08T22:51:36.435948+00:00  STALE    https://news.google.com/rss/search?q=Harvard%20Management%20Company&hl=en-US&gl=US&ceid=US:en  (no just-published item; only older items resurfaced)
2026-09-08T22:51:36.435948+00:00  CHANGED  https://news.google.com/rss/search?q=Harvard&hl=en-US&gl=US&ceid=US:en  by=megan.blonigen  ch=directmessage  via=DM->megan.blonigen
2026-09-08T22:51:36.435948+00:00  STALE    https://news.google.com/rss/search?q=N.P.%20Narvekar&hl=en-US&gl=US&ceid=US:en  (no just-published item; only older items resurfaced)
2026-09-08T22:51:36.435948+00:00  STALE    https://news.google.com/rss/search?q=Rick%20Slocum&hl=en-US&gl=US&ceid=US:en  (no just-published item; only older items resurfaced)
2026-09-08T23:01:26.932057+00:00  CHANGED  https://news.google.com/rss/search?q=harvard&hl=en-US&gl=US&ceid=US:en  by=dhruv.patel  ch=directmessage  via=DM->dhruv.patel
2026-09-08T23:01:26.932057+00:00  STALE    https://news.google.com/rss/search?q=Sanjeev%20Daga&hl=en-US&gl=US&ceid=US:en  (no just-published item; only older items resurfaced)
2026-09-08T23:01:26.932057+00:00  STALE    https://news.google.com/rss/search?q=Tim%20Barakett&hl=en-US&gl=US&ceid=US:en  (no just-published item; only older items resurfaced)
2026-09-08T23:01:26.932057+00:00  STALE    https://news.google.com/rss/search?q=Alan%20Garber&hl=en-US&gl=US&ceid=US:en  (no just-published item; only older items resurfaced)
2026-09-08T23:01:26.932057+00:00  STALE    https://news.google.com/rss/search?q=Tricia%20Glynn&hl=en-US&gl=US&ceid=US:en  (no just-published item; only older items resurfaced)
2026-09-08T23:01:26.932057+00:00  STALE    https://news.google.com/rss/search?q=*Eric%20Doppstadt*&hl=en-US&gl=US&ceid=US:en  (no just-published item; only older items resurfaced)
2026-09-08T23:01:26.932057+00:00  STALE    https://news.google.com/rss/search?q=Paul%20Edgerley&hl=en-US&gl=US&ceid=US:en  (no just-published item; only older items resurfaced)
2026-09-08T23:01:26.932057+00:00  STALE    https://news.google.com/rss/search?q=Patrick%20Healy&hl=en-US&gl=US&ceid=US:en  (no just-published item; only older items resurfaced)
2026-09-08T23:01:26.932057+00:00  STALE    https://news.google.com/rss/search?q=Mary%20Erdoes&hl=en-US&gl=US&ceid=US:en  (no just-published item; only older items resurfaced)
2026-09-08T23:01:26.932057+00:00  STALE    https://news.google.com/rss/search?q=*Mart%C3%ADn%20Escobari*&hl=en-US&gl=US&ceid=US:en  (no just-published item; only older items resurfaced)
2026-09-08T23:01:26.932057+00:00  STALE    https://news.google.com/rss/search?q=*Ritu%20Kalra*&hl=en-US&gl=US&ceid=US:en  (no just-published item; only older items resurfaced)
2026-09-08T23:01:26.932057+00:00  STALE    https://news.google.com/rss/search?q=Paul%20Finnegan&hl=en-US&gl=US&ceid=US:en  (no just-published item; only older items resurfaced)
2026-09-08T23:01:26.932057+00:00  STALE    https://news.google.com/rss/search?q=*Raymond%20McGuire*&hl=en-US&gl=US&ceid=US:en  (no just-published item; only older items resurfaced)
2026-09-08T23:01:26.932057+00:00  STALE    https://news.google.com/rss/search?q=Joshua%20Friedman&hl=en-US&gl=US&ceid=US:en  (no just-published item; only older items resurfaced)
2026-09-08T23:01:26.932057+00:00  STALE    https://news.google.com/rss/search?q=*600%20Atlantic%20Avenue%20Boston*&hl=en-US&gl=US&ceid=US:en  (no just-published item; only older items resurfaced)
2026-09-08T23:01:26.932057+00:00  STALE    https://news.google.com/rss/search?q=Harvard%20investment&hl=en-US&gl=US&ceid=US:en  (no just-published item; only older items resurfaced)
2026-09-08T23:01:26.932057+00:00  STALE    https://news.google.com/rss/search?q=Harvard%20Singapore&hl=en-US&gl=US&ceid=US:en  (no just-published item; only older items resurfaced)
2026-09-08T23:01:26.932057+00:00  STALE    https://news.google.com/rss/search?q=John%20Shue&hl=en-US&gl=US&ceid=US:en  (no just-published item; only older items resurfaced)
2026-09-08T23:01:26.932057+00:00  STALE    https://news.google.com/rss/search?q=marcus%20loveland&hl=en-US&gl=US&ceid=US:en  (no just-published item; only older items resurfaced)
2026-09-08T23:21:37.869420+00:00  STALE    https://news.google.com/rss/search?q=Harvard%20Management%20Company&hl=en-US&gl=US&ceid=US:en  (no just-published item; only older items resurfaced)
2026-09-08T23:21:37.869420+00:00  CHANGED  https://news.google.com/rss/search?q=Harvard&hl=en-US&gl=US&ceid=US:en  by=megan.blonigen  ch=directmessage  via=DM->megan.blonigen
2026-09-08T23:21:37.869420+00:00  STALE    https://news.google.com/rss/search?q=N.P.%20Narvekar&hl=en-US&gl=US&ceid=US:en  (no just-published item; only older items resurfaced)
2026-09-08T23:21:37.869420+00:00  STALE    https://news.google.com/rss/search?q=Rick%20Slocum&hl=en-US&gl=US&ceid=US:en  (no just-published item; only older items resurfaced)
2026-09-08T23:31:33.396834+00:00  CHANGED  https://news.google.com/rss/search?q=harvard&hl=en-US&gl=US&ceid=US:en  by=dhruv.patel  ch=directmessage  via=DM->dhruv.patel
2026-09-08T23:31:33.396834+00:00  STALE    https://news.google.com/rss/search?q=Sanjeev%20Daga&hl=en-US&gl=US&ceid=US:en  (no just-published item; only older items resurfaced)
2026-09-08T23:31:33.396834+00:00  STALE    https://news.google.com/rss/search?q=Alan%20Garber&hl=en-US&gl=US&ceid=US:en  (no just-published item; only older items resurfaced)
2026-09-08T23:31:33.396834+00:00  STALE    https://news.google.com/rss/search?q=Tricia%20Glynn&hl=en-US&gl=US&ceid=US:en  (no just-published item; only older items resurfaced)
2026-09-08T23:31:33.396834+00:00  STALE    https://news.google.com/rss/search?q=Paul%20Edgerley&hl=en-US&gl=US&ceid=US:en  (no just-published item; only older items resurfaced)
2026-09-08T23:31:33.396834+00:00  STALE    https://news.google.com/rss/search?q=Patrick%20Healy&hl=en-US&gl=US&ceid=US:en  (no just-published item; only older items resurfaced)
2026-09-08T23:31:33.396834+00:00  STALE    https://news.google.com/rss/search?q=Mary%20Erdoes&hl=en-US&gl=US&ceid=US:en  (no just-published item; only older items resurfaced)
2026-09-08T23:31:33.396834+00:00  STALE    https://news.google.com/rss/search?q=*Robert%20Jain*&hl=en-US&gl=US&ceid=US:en  (no just-published item; only older items resurfaced)
2026-09-08T23:31:33.396834+00:00  STALE    https://news.google.com/rss/search?q=*Mart%C3%ADn%20Escobari*&hl=en-US&gl=US&ceid=US:en  (no just-published item; only older items resurfaced)
2026-09-08T23:31:33.396834+00:00  STALE    https://news.google.com/rss/search?q=*Ritu%20Kalra*&hl=en-US&gl=US&ceid=US:en  (no just-published item; only older items resurfaced)
2026-09-08T23:31:33.396834+00:00  STALE    https://news.google.com/rss/search?q=Paul%20Finnegan&hl=en-US&gl=US&ceid=US:en  (no just-published item; only older items resurfaced)
2026-09-08T23:31:33.396834+00:00  STALE    https://news.google.com/rss/search?q=*Raymond%20McGuire*&hl=en-US&gl=US&ceid=US:en  (no just-published item; only older items resurfaced)
2026-09-08T23:31:33.396834+00:00  STALE    https://news.google.com/rss/search?q=Joshua%20Friedman&hl=en-US&gl=US&ceid=US:en  (no just-published item; only older items resurfaced)
2026-09-08T23:31:33.396834+00:00  STALE    https://news.google.com/rss/search?q=*600%20Atlantic%20Avenue%20Boston*&hl=en-US&gl=US&ceid=US:en  (no just-published item; only older items resurfaced)
2026-09-08T23:31:33.396834+00:00  STALE    https://news.google.com/rss/search?q=Harvard%20investment&hl=en-US&gl=US&ceid=US:en  (no just-published item; only older items resurfaced)
2026-09-08T23:31:33.396834+00:00  STALE    https://news.google.com/rss/search?q=Harvard%20Singapore&hl=en-US&gl=US&ceid=US:en  (no just-published item; only older items resurfaced)
2026-09-08T23:31:33.396834+00:00  STALE    https://news.google.com/rss/search?q=HMC%20San%20Francisco&hl=en-US&gl=US&ceid=US:en  (no just-published item; only older items resurfaced)
2026-09-08T23:31:33.396834+00:00  STALE    https://news.google.com/rss/search?q=John%20Shue&hl=en-US&gl=US&ceid=US:en  (no just-published item; only older items resurfaced)
2026-09-08T23:31:33.396834+00:00  STALE    https://news.google.com/rss/search?q=marcus%20loveland&hl=en-US&gl=US&ceid=US:en  (no just-published item; only older items resurfaced)
2026-09-08T23:41:37.620530+00:00  BLOCKED  https://dso.college.harvard.edu/office-culture-community/about-harvard-foundation
2026-09-08T23:46:40.987471+00:00  FLAPPED  https://www.courtlistener.com/docket/72090192/president-and-fellows-of-harvard-college-v-us-department-of-health-and/?order_by=desc
2026-09-08T23:51:43.503187+00:00  FLAPPED  https://www.courtlistener.com/docket/72090192/president-and-fellows-of-harvard-college-v-us-department-of-health-and/?order_by=desc
2026-09-08T23:51:43.503187+00:00  STALE    https://news.google.com/rss/search?q=Harvard%20Management%20Company&hl=en-US&gl=US&ceid=US:en  (no just-published item; only older items resurfaced)
2026-09-08T23:51:43.503187+00:00  CHANGED  https://news.google.com/rss/search?q=Harvard&hl=en-US&gl=US&ceid=US:en  by=megan.blonigen  ch=directmessage  via=DM->megan.blonigen
2026-09-08T23:51:43.503187+00:00  STALE    https://news.google.com/rss/search?q=N.P.%20Narvekar&hl=en-US&gl=US&ceid=US:en  (no just-published item; only older items resurfaced)
2026-09-08T23:56:46.600143+00:00  FLAPPED  https://www.courtlistener.com/docket/72090192/president-and-fellows-of-harvard-college-v-us-department-of-health-and/?order_by=desc
2026-09-09T00:01:43.804613+00:00  CHANGED  https://www.courtlistener.com/docket/72090192/president-and-fellows-of-harvard-college-v-us-department-of-health-and/?order_by=desc  by=hugo.chiasson  ch=directmessage  via=DM->hugo.chiasson
2026-09-09T00:01:43.804613+00:00  CHANGED  https://news.google.com/rss/search?q=harvard&hl=en-US&gl=US&ceid=US:en  by=dhruv.patel  ch=directmessage  via=DM->dhruv.patel
2026-09-09T00:01:43.804613+00:00  STALE    https://news.google.com/rss/search?q=Sanjeev%20Daga&hl=en-US&gl=US&ceid=US:en  (no just-published item; only older items resurfaced)
2026-09-09T00:01:43.804613+00:00  STALE    https://news.google.com/rss/search?q=Tim%20Barakett&hl=en-US&gl=US&ceid=US:en  (no just-published item; only older items resurfaced)
2026-09-09T00:01:43.804613+00:00  STALE    https://news.google.com/rss/search?q=Alan%20Garber&hl=en-US&gl=US&ceid=US:en  (no just-published item; only older items resurfaced)
2026-09-09T00:01:43.804613+00:00  STALE    https://news.google.com/rss/search?q=Tricia%20Glynn&hl=en-US&gl=US&ceid=US:en  (no just-published item; only older items resurfaced)
2026-09-09T00:01:43.804613+00:00  STALE    https://news.google.com/rss/search?q=*Eric%20Doppstadt*&hl=en-US&gl=US&ceid=US:en  (no just-published item; only older items resurfaced)
2026-09-09T00:01:43.804613+00:00  STALE    https://news.google.com/rss/search?q=Paul%20Edgerley&hl=en-US&gl=US&ceid=US:en  (no just-published item; only older items resurfaced)
2026-09-09T00:01:43.804613+00:00  STALE    https://news.google.com/rss/search?q=Patrick%20Healy&hl=en-US&gl=US&ceid=US:en  (no just-published item; only older items resurfaced)
2026-09-09T00:01:43.804613+00:00  STALE    https://news.google.com/rss/search?q=Mary%20Erdoes&hl=en-US&gl=US&ceid=US:en  (no just-published item; only older items resurfaced)
2026-09-09T00:01:43.804613+00:00  STALE    https://news.google.com/rss/search?q=*Robert%20Jain*&hl=en-US&gl=US&ceid=US:en  (no just-published item; only older items resurfaced)
2026-09-09T00:01:43.804613+00:00  STALE    https://news.google.com/rss/search?q=*Mart%C3%ADn%20Escobari*&hl=en-US&gl=US&ceid=US:en  (no just-published item; only older items resurfaced)
2026-09-09T00:01:43.804613+00:00  STALE    https://news.google.com/rss/search?q=*Ritu%20Kalra*&hl=en-US&gl=US&ceid=US:en  (no just-published item; only older items resurfaced)
2026-09-09T00:01:43.804613+00:00  STALE    https://news.google.com/rss/search?q=Paul%20Finnegan&hl=en-US&gl=US&ceid=US:en  (no just-published item; only older items resurfaced)
2026-09-09T00:01:43.804613+00:00  STALE    https://news.google.com/rss/search?q=*Raymond%20McGuire*&hl=en-US&gl=US&ceid=US:en  (no just-published item; only older items resurfaced)
2026-09-09T00:01:43.804613+00:00  STALE    https://news.google.com/rss/search?q=Joshua%20Friedman&hl=en-US&gl=US&ceid=US:en  (no just-published item; only older items resurfaced)
2026-09-09T00:01:43.804613+00:00  STALE    https://news.google.com/rss/search?q=*600%20Atlantic%20Avenue%20Boston*&hl=en-US&gl=US&ceid=US:en  (no just-published item; only older items resurfaced)
2026-09-09T00:01:43.804613+00:00  STALE    https://news.google.com/rss/search?q=Harvard%20investment&hl=en-US&gl=US&ceid=US:en  (no just-published item; only older items resurfaced)
2026-09-09T00:01:43.804613+00:00  STALE    https://news.google.com/rss/search?q=Harvard%20Singapore&hl=en-US&gl=US&ceid=US:en  (no just-published item; only older items resurfaced)
2026-09-09T00:01:43.804613+00:00  STALE    https://news.google.com/rss/search?q=HMC%20San%20Francisco&hl=en-US&gl=US&ceid=US:en  (no just-published item; only older items resurfaced)
2026-09-09T00:01:43.804613+00:00  STALE    https://news.google.com/rss/search?q=John%20Shue&hl=en-US&gl=US&ceid=US:en  (no just-published item; only older items resurfaced)
2026-09-09T00:01:43.804613+00:00  STALE    https://news.google.com/rss/search?q=marcus%20loveland&hl=en-US&gl=US&ceid=US:en  (no just-published item; only older items resurfaced)
2026-09-09T00:22:00.629069+00:00  STALE    https://news.google.com/rss/search?q=Harvard%20Management%20Company&hl=en-US&gl=US&ceid=US:en  (no just-published item; only older items resurfaced)
2026-09-09T00:22:00.629069+00:00  CHANGED  https://news.google.com/rss/search?q=Harvard&hl=en-US&gl=US&ceid=US:en  by=megan.blonigen  ch=directmessage  via=DM->megan.blonigen
2026-09-09T00:22:00.629069+00:00  STALE    https://news.google.com/rss/search?q=N.P.%20Narvekar&hl=en-US&gl=US&ceid=US:en  (no just-published item; only older items resurfaced)
2026-09-09T00:22:00.629069+00:00  STALE    https://news.google.com/rss/search?q=Rick%20Slocum&hl=en-US&gl=US&ceid=US:en  (no just-published item; only older items resurfaced)
2026-09-09T00:37:22.119833+00:00  CHANGED  https://news.google.com/rss/search?q=harvard&hl=en-US&gl=US&ceid=US:en  by=dhruv.patel  ch=directmessage  via=DM->dhruv.patel
2026-09-09T00:37:22.119833+00:00  STALE    https://news.google.com/rss/search?q=Sanjeev%20Daga&hl=en-US&gl=US&ceid=US:en  (no just-published item; only older items resurfaced)
2026-09-09T00:37:22.119833+00:00  STALE    https://news.google.com/rss/search?q=Tim%20Barakett&hl=en-US&gl=US&ceid=US:en  (no just-published item; only older items resurfaced)
2026-09-09T00:37:22.119833+00:00  STALE    https://news.google.com/rss/search?q=Alan%20Garber&hl=en-US&gl=US&ceid=US:en  (no just-published item; only older items resurfaced)
2026-09-09T00:37:22.119833+00:00  STALE    https://news.google.com/rss/search?q=Tricia%20Glynn&hl=en-US&gl=US&ceid=US:en  (no just-published item; only older items resurfaced)
2026-09-09T00:37:22.119833+00:00  STALE    https://news.google.com/rss/search?q=*Eric%20Doppstadt*&hl=en-US&gl=US&ceid=US:en  (no just-published item; only older items resurfaced)
2026-09-09T00:37:22.119833+00:00  STALE    https://news.google.com/rss/search?q=Paul%20Edgerley&hl=en-US&gl=US&ceid=US:en  (no just-published item; only older items resurfaced)
2026-09-09T00:37:22.119833+00:00  STALE    https://news.google.com/rss/search?q=Patrick%20Healy&hl=en-US&gl=US&ceid=US:en  (no just-published item; only older items resurfaced)
2026-09-09T00:37:22.119833+00:00  STALE    https://news.google.com/rss/search?q=Mary%20Erdoes&hl=en-US&gl=US&ceid=US:en  (no just-published item; only older items resurfaced)
2026-09-09T00:37:22.119833+00:00  STALE    https://news.google.com/rss/search?q=*Robert%20Jain*&hl=en-US&gl=US&ceid=US:en  (no just-published item; only older items resurfaced)
2026-09-09T00:37:22.119833+00:00  STALE    https://news.google.com/rss/search?q=*Mart%C3%ADn%20Escobari*&hl=en-US&gl=US&ceid=US:en  (no just-published item; only older items resurfaced)
2026-09-09T00:37:22.119833+00:00  STALE    https://news.google.com/rss/search?q=*Ritu%20Kalra*&hl=en-US&gl=US&ceid=US:en  (no just-published item; only older items resurfaced)
2026-09-09T00:37:22.119833+00:00  STALE    https://news.google.com/rss/search?q=Paul%20Finnegan&hl=en-US&gl=US&ceid=US:en  (no just-published item; only older items resurfaced)
2026-09-09T00:37:22.119833+00:00  STALE    https://news.google.com/rss/search?q=*Raymond%20McGuire*&hl=en-US&gl=US&ceid=US:en  (no just-published item; only older items resurfaced)
2026-09-09T00:37:22.119833+00:00  STALE    https://news.google.com/rss/search?q=Joshua%20Friedman&hl=en-US&gl=US&ceid=US:en  (no just-published item; only older items resurfaced)
2026-09-09T00:37:22.119833+00:00  STALE    https://news.google.com/rss/search?q=*600%20Atlantic%20Avenue%20Boston*&hl=en-US&gl=US&ceid=US:en  (no just-published item; only older items resurfaced)
2026-09-09T00:37:22.119833+00:00  STALE    https://news.google.com/rss/search?q=Harvard%20investment&hl=en-US&gl=US&ceid=US:en  (no just-published item; only older items resurfaced)
2026-09-09T00:37:22.119833+00:00  STALE    https://news.google.com/rss/search?q=Harvard%20Singapore&hl=en-US&gl=US&ceid=US:en  (no just-published item; only older items resurfaced)
2026-09-09T00:37:22.119833+00:00  STALE    https://news.google.com/rss/search?q=HMC%20San%20Francisco&hl=en-US&gl=US&ceid=US:en  (no just-published item; only older items resurfaced)
2026-09-09T00:37:22.119833+00:00  STALE    https://news.google.com/rss/search?q=John%20Shue&hl=en-US&gl=US&ceid=US:en  (no just-published item; only older items resurfaced)
2026-09-09T00:37:22.119833+00:00  STALE    https://news.google.com/rss/search?q=marcus%20loveland&hl=en-US&gl=US&ceid=US:en  (no just-published item; only older items resurfaced)
2026-09-09T00:42:24.575933+00:00  BLOCKED  https://dso.college.harvard.edu/office-culture-community/about-harvard-foundation
2026-09-09T00:52:33.383775+00:00  STALE    https://news.google.com/rss/search?q=Harvard%20Management%20Company&hl=en-US&gl=US&ceid=US:en  (no just-published item; only older items resurfaced)
2026-09-09T00:52:33.383775+00:00  CHANGED  https://news.google.com/rss/search?q=Harvard&hl=en-US&gl=US&ceid=US:en  by=megan.blonigen  ch=directmessage  via=DM->megan.blonigen
2026-09-09T00:52:33.383775+00:00  STALE    https://news.google.com/rss/search?q=N.P.%20Narvekar&hl=en-US&gl=US&ceid=US:en  (no just-published item; only older items resurfaced)
2026-09-09T00:52:33.383775+00:00  STALE    https://news.google.com/rss/search?q=Rick%20Slocum&hl=en-US&gl=US&ceid=US:en  (no just-published item; only older items resurfaced)
2026-09-09T02:30:51.977546+00:00  CHANGED  https://www.hks.harvard.edu  by=jen.phan  ch=directmessage  via=DM->jen.phan
2026-09-09T02:30:51.977546+00:00  BLOCKED  https://dso.college.harvard.edu/office-culture-community/about-harvard-foundation
2026-09-09T02:30:51.977546+00:00  BLOCKED  https://www.hupd.harvard.edu/campus-hazing-transparency-report
2026-09-09T02:30:51.977546+00:00  CHANGED  https://news.google.com/rss/search?q=harvard&hl=en-US&gl=US&ceid=US:en  by=dhruv.patel  ch=directmessage  via=DM->dhruv.patel
2026-09-09T02:30:51.977546+00:00  STALE    https://news.google.com/rss/search?q=Harvard%20Management%20Company&hl=en-US&gl=US&ceid=US:en  (no just-published item; only older items resurfaced)
2026-09-09T02:30:51.977546+00:00  CHANGED  https://news.google.com/rss/search?q=Harvard&hl=en-US&gl=US&ceid=US:en  by=megan.blonigen  ch=directmessage  via=DM->megan.blonigen
2026-09-09T02:30:51.977546+00:00  STALE    https://news.google.com/rss/search?q=N.P.%20Narvekar&hl=en-US&gl=US&ceid=US:en  (no just-published item; only older items resurfaced)
2026-09-09T02:30:51.977546+00:00  STALE    https://news.google.com/rss/search?q=Rick%20Slocum&hl=en-US&gl=US&ceid=US:en  (no just-published item; only older items resurfaced)
2026-09-09T02:30:51.977546+00:00  STALE    https://news.google.com/rss/search?q=Sanjeev%20Daga&hl=en-US&gl=US&ceid=US:en  (no just-published item; only older items resurfaced)
2026-09-09T02:30:51.977546+00:00  STALE    https://news.google.com/rss/search?q=Tim%20Barakett&hl=en-US&gl=US&ceid=US:en  (no just-published item; only older items resurfaced)
2026-09-09T02:30:51.977546+00:00  STALE    https://news.google.com/rss/search?q=Alan%20Garber&hl=en-US&gl=US&ceid=US:en  (no just-published item; only older items resurfaced)
2026-09-09T02:30:51.977546+00:00  STALE    https://news.google.com/rss/search?q=Tricia%20Glynn&hl=en-US&gl=US&ceid=US:en  (no just-published item; only older items resurfaced)
2026-09-09T02:30:51.977546+00:00  STALE    https://news.google.com/rss/search?q=*Eric%20Doppstadt*&hl=en-US&gl=US&ceid=US:en  (no just-published item; only older items resurfaced)
2026-09-09T02:30:51.977546+00:00  STALE    https://news.google.com/rss/search?q=Paul%20Edgerley&hl=en-US&gl=US&ceid=US:en  (no just-published item; only older items resurfaced)
2026-09-09T02:30:51.977546+00:00  STALE    https://news.google.com/rss/search?q=Patrick%20Healy&hl=en-US&gl=US&ceid=US:en  (no just-published item; only older items resurfaced)
2026-09-09T02:30:51.977546+00:00  STALE    https://news.google.com/rss/search?q=Mary%20Erdoes&hl=en-US&gl=US&ceid=US:en  (no just-published item; only older items resurfaced)
2026-09-09T02:30:51.977546+00:00  STALE    https://news.google.com/rss/search?q=*Robert%20Jain*&hl=en-US&gl=US&ceid=US:en  (no just-published item; only older items resurfaced)
2026-09-09T02:30:51.977546+00:00  STALE    https://news.google.com/rss/search?q=*Mart%C3%ADn%20Escobari*&hl=en-US&gl=US&ceid=US:en  (no just-published item; only older items resurfaced)
2026-09-09T02:30:51.977546+00:00  STALE    https://news.google.com/rss/search?q=*Ritu%20Kalra*&hl=en-US&gl=US&ceid=US:en  (no just-published item; only older items resurfaced)
2026-09-09T02:30:51.977546+00:00  STALE    https://news.google.com/rss/search?q=Paul%20Finnegan&hl=en-US&gl=US&ceid=US:en  (no just-published item; only older items resurfaced)
2026-09-09T02:30:51.977546+00:00  STALE    https://news.google.com/rss/search?q=*Raymond%20McGuire*&hl=en-US&gl=US&ceid=US:en  (no just-published item; only older items resurfaced)
2026-09-09T02:30:51.977546+00:00  STALE    https://news.google.com/rss/search?q=Joshua%20Friedman&hl=en-US&gl=US&ceid=US:en  (no just-published item; only older items resurfaced)
2026-09-09T02:30:51.977546+00:00  STALE    https://news.google.com/rss/search?q=*600%20Atlantic%20Avenue%20Boston*&hl=en-US&gl=US&ceid=US:en  (no just-published item; only older items resurfaced)
2026-09-09T02:30:51.977546+00:00  STALE    https://news.google.com/rss/search?q=Harvard%20investment&hl=en-US&gl=US&ceid=US:en  (no just-published item; only older items resurfaced)
2026-09-09T02:30:51.977546+00:00  STALE    https://news.google.com/rss/search?q=Harvard%20Singapore&hl=en-US&gl=US&ceid=US:en  (no just-published item; only older items resurfaced)
2026-09-09T02:30:51.977546+00:00  STALE    https://news.google.com/rss/search?q=HMC%20San%20Francisco&hl=en-US&gl=US&ceid=US:en  (no just-published item; only older items resurfaced)
2026-09-09T02:30:51.977546+00:00  STALE    https://news.google.com/rss/search?q=John%20Shue&hl=en-US&gl=US&ceid=US:en  (no just-published item; only older items resurfaced)
2026-09-09T02:30:51.977546+00:00  STALE    https://news.google.com/rss/search?q=marcus%20loveland&hl=en-US&gl=US&ceid=US:en  (no just-published item; only older items resurfaced)
2026-09-09T02:51:05.220809+00:00  CHANGED  https://thecrimson.com  by=dhruv.patel  ch=directmessage  via=DM->dhruv.patel
2026-09-09T02:51:05.220809+00:00  CHANGED  https://thecrimson.com  by=matteo.diaz  ch=matteo-internal  via=DM->matteo.diaz
2026-09-09T02:51:05.220809+00:00  CHANGED  https://thecrimson.com  by=sebastian.connolly  ch=directmessage  via=DM->sebastian.connolly
2026-09-09T02:51:05.220809+00:00  CHANGED  https://thecrimson.com  by=matteo.diaz  ch=directmessage  via=DM->matteo.diaz
2026-09-09T02:51:05.220809+00:00  BLOCKED  https://dso.college.harvard.edu/office-culture-community/about-culture-community
2026-09-09T02:51:05.220809+00:00  ERROR    https://forklightning.substack.com/  headless render failed: Page.goto: Timeout 35000ms exceeded.
Call log:
  - navigating to "
2026-09-09T02:51:05.220809+00:00  BLOCKED  https://titleix.college.harvard.edu/resources
2026-09-09T02:51:05.220809+00:00  ERROR    https://www.courtlistener.com/docket/72090192/president-and-fellows-of-harvard-college-v-us-department-of-health-and/?order_by=desc  The read operation timed out
2026-09-09T02:51:05.220809+00:00  CHANGED  https://www.thecrimson.com/  by=megan.blonigen  ch=directmessage  via=DM->megan.blonigen
2026-09-09T03:01:20.680298+00:00  CHANGED  https://news.google.com/rss/search?q=harvard&hl=en-US&gl=US&ceid=US:en  by=dhruv.patel  ch=directmessage  via=DM->dhruv.patel
2026-09-09T03:01:20.680298+00:00  STALE    https://news.google.com/rss/search?q=Harvard%20Management%20Company&hl=en-US&gl=US&ceid=US:en  (no just-published item; only older items resurfaced)
2026-09-09T03:01:20.680298+00:00  CHANGED  https://news.google.com/rss/search?q=Harvard&hl=en-US&gl=US&ceid=US:en  by=megan.blonigen  ch=directmessage  via=DM->megan.blonigen
2026-09-09T03:01:20.680298+00:00  STALE    https://news.google.com/rss/search?q=N.P.%20Narvekar&hl=en-US&gl=US&ceid=US:en  (no just-published item; only older items resurfaced)
2026-09-09T03:01:20.680298+00:00  STALE    https://news.google.com/rss/search?q=Rick%20Slocum&hl=en-US&gl=US&ceid=US:en  (no just-published item; only older items resurfaced)
2026-09-09T03:01:20.680298+00:00  STALE    https://news.google.com/rss/search?q=Sanjeev%20Daga&hl=en-US&gl=US&ceid=US:en  (no just-published item; only older items resurfaced)
2026-09-09T03:01:20.680298+00:00  STALE    https://news.google.com/rss/search?q=Tim%20Barakett&hl=en-US&gl=US&ceid=US:en  (no just-published item; only older items resurfaced)
2026-09-09T03:01:20.680298+00:00  STALE    https://news.google.com/rss/search?q=Alan%20Garber&hl=en-US&gl=US&ceid=US:en  (no just-published item; only older items resurfaced)
2026-09-09T03:01:20.680298+00:00  STALE    https://news.google.com/rss/search?q=Tricia%20Glynn&hl=en-US&gl=US&ceid=US:en  (no just-published item; only older items resurfaced)
2026-09-09T03:01:20.680298+00:00  STALE    https://news.google.com/rss/search?q=*Eric%20Doppstadt*&hl=en-US&gl=US&ceid=US:en  (no just-published item; only older items resurfaced)
2026-09-09T03:01:20.680298+00:00  STALE    https://news.google.com/rss/search?q=Paul%20Edgerley&hl=en-US&gl=US&ceid=US:en  (no just-published item; only older items resurfaced)
2026-09-09T03:01:20.680298+00:00  STALE    https://news.google.com/rss/search?q=Patrick%20Healy&hl=en-US&gl=US&ceid=US:en  (no just-published item; only older items resurfaced)
2026-09-09T03:01:20.680298+00:00  STALE    https://news.google.com/rss/search?q=Mary%20Erdoes&hl=en-US&gl=US&ceid=US:en  (no just-published item; only older items resurfaced)
2026-09-09T03:01:20.680298+00:00  STALE    https://news.google.com/rss/search?q=*Robert%20Jain*&hl=en-US&gl=US&ceid=US:en  (no just-published item; only older items resurfaced)
2026-09-09T03:01:20.680298+00:00  STALE    https://news.google.com/rss/search?q=*Mart%C3%ADn%20Escobari*&hl=en-US&gl=US&ceid=US:en  (no just-published item; only older items resurfaced)
2026-09-09T03:01:20.680298+00:00  STALE    https://news.google.com/rss/search?q=*Ritu%20Kalra*&hl=en-US&gl=US&ceid=US:en  (no just-published item; only older items resurfaced)
2026-09-09T03:01:20.680298+00:00  STALE    https://news.google.com/rss/search?q=Paul%20Finnegan&hl=en-US&gl=US&ceid=US:en  (no just-published item; only older items resurfaced)
2026-09-09T03:01:20.680298+00:00  STALE    https://news.google.com/rss/search?q=*Raymond%20McGuire*&hl=en-US&gl=US&ceid=US:en  (no just-published item; only older items resurfaced)
2026-09-09T03:01:20.680298+00:00  STALE    https://news.google.com/rss/search?q=Joshua%20Friedman&hl=en-US&gl=US&ceid=US:en  (no just-published item; only older items resurfaced)
2026-09-09T03:01:20.680298+00:00  STALE    https://news.google.com/rss/search?q=*600%20Atlantic%20Avenue%20Boston*&hl=en-US&gl=US&ceid=US:en  (no just-published item; only older items resurfaced)
2026-09-09T03:01:20.680298+00:00  STALE    https://news.google.com/rss/search?q=Harvard%20investment&hl=en-US&gl=US&ceid=US:en  (no just-published item; only older items resurfaced)
2026-09-09T03:01:20.680298+00:00  STALE    https://news.google.com/rss/search?q=Harvard%20Singapore&hl=en-US&gl=US&ceid=US:en  (no just-published item; only older items resurfaced)
2026-09-09T03:01:20.680298+00:00  STALE    https://news.google.com/rss/search?q=HMC%20San%20Francisco&hl=en-US&gl=US&ceid=US:en  (no just-published item; only older items resurfaced)
2026-09-09T03:01:20.680298+00:00  STALE    https://news.google.com/rss/search?q=John%20Shue&hl=en-US&gl=US&ceid=US:en  (no just-published item; only older items resurfaced)
2026-09-09T03:01:20.680298+00:00  STALE    https://news.google.com/rss/search?q=marcus%20loveland&hl=en-US&gl=US&ceid=US:en  (no just-published item; only older items resurfaced)
2026-09-09T03:21:33.876763+00:00  CHANGED  https://thecrimson.com  by=dhruv.patel  ch=directmessage  via=DM->dhruv.patel
2026-09-09T03:21:33.876763+00:00  CHANGED  https://thecrimson.com  by=matteo.diaz  ch=matteo-internal  via=DM->matteo.diaz
2026-09-09T03:21:33.876763+00:00  CHANGED  https://thecrimson.com  by=sebastian.connolly  ch=directmessage  via=DM->sebastian.connolly
2026-09-09T03:21:33.876763+00:00  CHANGED  https://thecrimson.com  by=matteo.diaz  ch=directmessage  via=DM->matteo.diaz
2026-09-09T03:21:33.876763+00:00  CHANGED  https://www.thecrimson.com/  by=megan.blonigen  ch=directmessage  via=DM->megan.blonigen
2026-09-09T03:31:16.739949+00:00  BLOCKED  https://dso.college.harvard.edu/office-culture-community/about-harvard-foundation
2026-09-09T03:31:16.739949+00:00  CHANGED  https://news.google.com/rss/search?q=harvard&hl=en-US&gl=US&ceid=US:en  by=dhruv.patel  ch=directmessage  via=DM->dhruv.patel
2026-09-09T03:31:16.739949+00:00  STALE    https://news.google.com/rss/search?q=Harvard%20Management%20Company&hl=en-US&gl=US&ceid=US:en  (no just-published item; only older items resurfaced)
2026-09-09T03:31:16.739949+00:00  CHANGED  https://news.google.com/rss/search?q=Harvard&hl=en-US&gl=US&ceid=US:en  by=megan.blonigen  ch=directmessage  via=DM->megan.blonigen
2026-09-09T03:31:16.739949+00:00  STALE    https://news.google.com/rss/search?q=N.P.%20Narvekar&hl=en-US&gl=US&ceid=US:en  (no just-published item; only older items resurfaced)
2026-09-09T03:31:16.739949+00:00  STALE    https://news.google.com/rss/search?q=Rick%20Slocum&hl=en-US&gl=US&ceid=US:en  (no just-published item; only older items resurfaced)
2026-09-09T03:31:16.739949+00:00  STALE    https://news.google.com/rss/search?q=Sanjeev%20Daga&hl=en-US&gl=US&ceid=US:en  (no just-published item; only older items resurfaced)
2026-09-09T03:31:16.739949+00:00  STALE    https://news.google.com/rss/search?q=Tim%20Barakett&hl=en-US&gl=US&ceid=US:en  (no just-published item; only older items resurfaced)
2026-09-09T03:31:16.739949+00:00  STALE    https://news.google.com/rss/search?q=Alan%20Garber&hl=en-US&gl=US&ceid=US:en  (no just-published item; only older items resurfaced)
2026-09-09T03:31:16.739949+00:00  STALE    https://news.google.com/rss/search?q=Tricia%20Glynn&hl=en-US&gl=US&ceid=US:en  (no just-published item; only older items resurfaced)
2026-09-09T03:31:16.739949+00:00  STALE    https://news.google.com/rss/search?q=*Eric%20Doppstadt*&hl=en-US&gl=US&ceid=US:en  (no just-published item; only older items resurfaced)
2026-09-09T03:31:16.739949+00:00  STALE    https://news.google.com/rss/search?q=Paul%20Edgerley&hl=en-US&gl=US&ceid=US:en  (no just-published item; only older items resurfaced)
2026-09-09T03:31:16.739949+00:00  STALE    https://news.google.com/rss/search?q=Patrick%20Healy&hl=en-US&gl=US&ceid=US:en  (no just-published item; only older items resurfaced)
2026-09-09T03:31:16.739949+00:00  STALE    https://news.google.com/rss/search?q=Mary%20Erdoes&hl=en-US&gl=US&ceid=US:en  (no just-published item; only older items resurfaced)
2026-09-09T03:31:16.739949+00:00  STALE    https://news.google.com/rss/search?q=*Robert%20Jain*&hl=en-US&gl=US&ceid=US:en  (no just-published item; only older items resurfaced)
2026-09-09T03:31:16.739949+00:00  STALE    https://news.google.com/rss/search?q=*Mart%C3%ADn%20Escobari*&hl=en-US&gl=US&ceid=US:en  (no just-published item; only older items resurfaced)
2026-09-09T03:31:16.739949+00:00  STALE    https://news.google.com/rss/search?q=*Ritu%20Kalra*&hl=en-US&gl=US&ceid=US:en  (no just-published item; only older items resurfaced)
2026-09-09T03:31:16.739949+00:00  STALE    https://news.google.com/rss/search?q=Paul%20Finnegan&hl=en-US&gl=US&ceid=US:en  (no just-published item; only older items resurfaced)
2026-09-09T03:31:16.739949+00:00  STALE    https://news.google.com/rss/search?q=*Raymond%20McGuire*&hl=en-US&gl=US&ceid=US:en  (no just-published item; only older items resurfaced)
2026-09-09T03:31:16.739949+00:00  STALE    https://news.google.com/rss/search?q=Joshua%20Friedman&hl=en-US&gl=US&ceid=US:en  (no just-published item; only older items resurfaced)
2026-09-09T03:31:16.739949+00:00  STALE    https://news.google.com/rss/search?q=*600%20Atlantic%20Avenue%20Boston*&hl=en-US&gl=US&ceid=US:en  (no just-published item; only older items resurfaced)
2026-09-09T03:31:16.739949+00:00  STALE    https://news.google.com/rss/search?q=Harvard%20investment&hl=en-US&gl=US&ceid=US:en  (no just-published item; only older items resurfaced)
2026-09-09T03:31:16.739949+00:00  STALE    https://news.google.com/rss/search?q=Harvard%20Singapore&hl=en-US&gl=US&ceid=US:en  (no just-published item; only older items resurfaced)
2026-09-09T03:31:16.739949+00:00  STALE    https://news.google.com/rss/search?q=HMC%20San%20Francisco&hl=en-US&gl=US&ceid=US:en  (no just-published item; only older items resurfaced)
2026-09-09T03:31:16.739949+00:00  STALE    https://news.google.com/rss/search?q=John%20Shue&hl=en-US&gl=US&ceid=US:en  (no just-published item; only older items resurfaced)
2026-09-09T03:31:16.739949+00:00  STALE    https://news.google.com/rss/search?q=marcus%20loveland&hl=en-US&gl=US&ceid=US:en  (no just-published item; only older items resurfaced)
2026-09-09T03:41:24.390947+00:00  CHANGED  https://thecrimson.com  by=dhruv.patel  ch=directmessage  via=DM->dhruv.patel
2026-09-09T03:41:24.390947+00:00  CHANGED  https://thecrimson.com  by=matteo.diaz  ch=matteo-internal  via=DM->matteo.diaz
2026-09-09T03:41:24.390947+00:00  CHANGED  https://thecrimson.com  by=sebastian.connolly  ch=directmessage  via=DM->sebastian.connolly
2026-09-09T03:41:24.390947+00:00  CHANGED  https://thecrimson.com  by=matteo.diaz  ch=directmessage  via=DM->matteo.diaz
2026-09-09T03:41:24.390947+00:00  CHANGED  https://www.thecrimson.com/  by=megan.blonigen  ch=directmessage  via=DM->megan.blonigen
2026-09-09T03:51:30.622264+00:00  CHANGED  https://thecrimson.com  by=dhruv.patel  ch=directmessage  via=DM->dhruv.patel
2026-09-09T03:51:30.622264+00:00  CHANGED  https://thecrimson.com  by=matteo.diaz  ch=matteo-internal  via=DM->matteo.diaz
2026-09-09T03:51:30.622264+00:00  CHANGED  https://thecrimson.com  by=sebastian.connolly  ch=directmessage  via=DM->sebastian.connolly
2026-09-09T03:51:30.622264+00:00  CHANGED  https://thecrimson.com  by=matteo.diaz  ch=directmessage  via=DM->matteo.diaz
2026-09-09T03:51:30.622264+00:00  CHANGED  https://www.thecrimson.com/  by=megan.blonigen  ch=directmessage  via=DM->megan.blonigen
2026-09-09T04:01:41.774496+00:00  CHANGED  https://news.google.com/rss/search?q=harvard&hl=en-US&gl=US&ceid=US:en  by=dhruv.patel  ch=directmessage  via=DM->dhruv.patel
2026-09-09T04:01:41.774496+00:00  STALE    https://news.google.com/rss/search?q=Harvard%20Management%20Company&hl=en-US&gl=US&ceid=US:en  (no just-published item; only older items resurfaced)
2026-09-09T04:01:41.774496+00:00  CHANGED  https://news.google.com/rss/search?q=Harvard&hl=en-US&gl=US&ceid=US:en  by=megan.blonigen  ch=directmessage  via=DM->megan.blonigen
2026-09-09T04:01:41.774496+00:00  STALE    https://news.google.com/rss/search?q=N.P.%20Narvekar&hl=en-US&gl=US&ceid=US:en  (no just-published item; only older items resurfaced)
2026-09-09T04:01:41.774496+00:00  STALE    https://news.google.com/rss/search?q=Rick%20Slocum&hl=en-US&gl=US&ceid=US:en  (no just-published item; only older items resurfaced)
2026-09-09T04:01:41.774496+00:00  STALE    https://news.google.com/rss/search?q=Sanjeev%20Daga&hl=en-US&gl=US&ceid=US:en  (no just-published item; only older items resurfaced)
2026-09-09T04:01:41.774496+00:00  STALE    https://news.google.com/rss/search?q=Tim%20Barakett&hl=en-US&gl=US&ceid=US:en  (no just-published item; only older items resurfaced)
2026-09-09T04:01:41.774496+00:00  STALE    https://news.google.com/rss/search?q=Alan%20Garber&hl=en-US&gl=US&ceid=US:en  (no just-published item; only older items resurfaced)
2026-09-09T04:01:41.774496+00:00  STALE    https://news.google.com/rss/search?q=Tricia%20Glynn&hl=en-US&gl=US&ceid=US:en  (no just-published item; only older items resurfaced)
2026-09-09T04:01:41.774496+00:00  STALE    https://news.google.com/rss/search?q=Paul%20Edgerley&hl=en-US&gl=US&ceid=US:en  (no just-published item; only older items resurfaced)
2026-09-09T04:01:41.774496+00:00  STALE    https://news.google.com/rss/search?q=Patrick%20Healy&hl=en-US&gl=US&ceid=US:en  (no just-published item; only older items resurfaced)
2026-09-09T04:01:41.774496+00:00  STALE    https://news.google.com/rss/search?q=Mary%20Erdoes&hl=en-US&gl=US&ceid=US:en  (no just-published item; only older items resurfaced)
2026-09-09T04:01:41.774496+00:00  STALE    https://news.google.com/rss/search?q=*Robert%20Jain*&hl=en-US&gl=US&ceid=US:en  (no just-published item; only older items resurfaced)
2026-09-09T04:01:41.774496+00:00  STALE    https://news.google.com/rss/search?q=*Mart%C3%ADn%20Escobari*&hl=en-US&gl=US&ceid=US:en  (no just-published item; only older items resurfaced)
2026-09-09T04:01:41.774496+00:00  STALE    https://news.google.com/rss/search?q=*Ritu%20Kalra*&hl=en-US&gl=US&ceid=US:en  (no just-published item; only older items resurfaced)
2026-09-09T04:01:41.774496+00:00  STALE    https://news.google.com/rss/search?q=Paul%20Finnegan&hl=en-US&gl=US&ceid=US:en  (no just-published item; only older items resurfaced)
2026-09-09T04:01:41.774496+00:00  STALE    https://news.google.com/rss/search?q=*Raymond%20McGuire*&hl=en-US&gl=US&ceid=US:en  (no just-published item; only older items resurfaced)
2026-09-09T04:01:41.774496+00:00  STALE    https://news.google.com/rss/search?q=Joshua%20Friedman&hl=en-US&gl=US&ceid=US:en  (no just-published item; only older items resurfaced)
2026-09-09T04:01:41.774496+00:00  STALE    https://news.google.com/rss/search?q=*600%20Atlantic%20Avenue%20Boston*&hl=en-US&gl=US&ceid=US:en  (no just-published item; only older items resurfaced)
2026-09-09T04:01:41.774496+00:00  STALE    https://news.google.com/rss/search?q=Harvard%20investment&hl=en-US&gl=US&ceid=US:en  (no just-published item; only older items resurfaced)
2026-09-09T04:01:41.774496+00:00  STALE    https://news.google.com/rss/search?q=Harvard%20Singapore&hl=en-US&gl=US&ceid=US:en  (no just-published item; only older items resurfaced)
2026-09-09T04:01:41.774496+00:00  STALE    https://news.google.com/rss/search?q=HMC%20San%20Francisco&hl=en-US&gl=US&ceid=US:en  (no just-published item; only older items resurfaced)
2026-09-09T04:01:41.774496+00:00  STALE    https://news.google.com/rss/search?q=John%20Shue&hl=en-US&gl=US&ceid=US:en  (no just-published item; only older items resurfaced)
2026-09-09T04:01:41.774496+00:00  STALE    https://news.google.com/rss/search?q=marcus%20loveland&hl=en-US&gl=US&ceid=US:en  (no just-published item; only older items resurfaced)
2026-09-09T04:31:44.263876+00:00  BLOCKED  https://dso.college.harvard.edu/office-culture-community/about-harvard-foundation
2026-09-09T04:31:44.263876+00:00  CHANGED  https://news.google.com/rss/search?q=harvard&hl=en-US&gl=US&ceid=US:en  by=dhruv.patel  ch=directmessage  via=DM->dhruv.patel
2026-09-09T04:31:44.263876+00:00  STALE    https://news.google.com/rss/search?q=Harvard%20Management%20Company&hl=en-US&gl=US&ceid=US:en  (no just-published item; only older items resurfaced)
2026-09-09T04:31:44.263876+00:00  CHANGED  https://news.google.com/rss/search?q=Harvard&hl=en-US&gl=US&ceid=US:en  by=megan.blonigen  ch=directmessage  via=DM->megan.blonigen
2026-09-09T04:31:44.263876+00:00  STALE    https://news.google.com/rss/search?q=N.P.%20Narvekar&hl=en-US&gl=US&ceid=US:en  (no just-published item; only older items resurfaced)
2026-09-09T04:31:44.263876+00:00  STALE    https://news.google.com/rss/search?q=Rick%20Slocum&hl=en-US&gl=US&ceid=US:en  (no just-published item; only older items resurfaced)
2026-09-09T04:31:44.263876+00:00  STALE    https://news.google.com/rss/search?q=Sanjeev%20Daga&hl=en-US&gl=US&ceid=US:en  (no just-published item; only older items resurfaced)
2026-09-09T04:31:44.263876+00:00  STALE    https://news.google.com/rss/search?q=Tim%20Barakett&hl=en-US&gl=US&ceid=US:en  (no just-published item; only older items resurfaced)
2026-09-09T04:31:44.263876+00:00  STALE    https://news.google.com/rss/search?q=Alan%20Garber&hl=en-US&gl=US&ceid=US:en  (no just-published item; only older items resurfaced)
2026-09-09T04:31:44.263876+00:00  STALE    https://news.google.com/rss/search?q=Tricia%20Glynn&hl=en-US&gl=US&ceid=US:en  (no just-published item; only older items resurfaced)
2026-09-09T04:31:44.263876+00:00  STALE    https://news.google.com/rss/search?q=Paul%20Edgerley&hl=en-US&gl=US&ceid=US:en  (no just-published item; only older items resurfaced)
2026-09-09T04:31:44.263876+00:00  STALE    https://news.google.com/rss/search?q=Patrick%20Healy&hl=en-US&gl=US&ceid=US:en  (no just-published item; only older items resurfaced)
2026-09-09T04:31:44.263876+00:00  STALE    https://news.google.com/rss/search?q=Mary%20Erdoes&hl=en-US&gl=US&ceid=US:en  (no just-published item; only older items resurfaced)
2026-09-09T04:31:44.263876+00:00  STALE    https://news.google.com/rss/search?q=*Robert%20Jain*&hl=en-US&gl=US&ceid=US:en  (no just-published item; only older items resurfaced)
2026-09-09T04:31:44.263876+00:00  STALE    https://news.google.com/rss/search?q=*Mart%C3%ADn%20Escobari*&hl=en-US&gl=US&ceid=US:en  (no just-published item; only older items resurfaced)
2026-09-09T04:31:44.263876+00:00  STALE    https://news.google.com/rss/search?q=*Ritu%20Kalra*&hl=en-US&gl=US&ceid=US:en  (no just-published item; only older items resurfaced)
2026-09-09T04:31:44.263876+00:00  STALE    https://news.google.com/rss/search?q=Paul%20Finnegan&hl=en-US&gl=US&ceid=US:en  (no just-published item; only older items resurfaced)
2026-09-09T04:31:44.263876+00:00  STALE    https://news.google.com/rss/search?q=*Raymond%20McGuire*&hl=en-US&gl=US&ceid=US:en  (no just-published item; only older items resurfaced)
2026-09-09T04:31:44.263876+00:00  STALE    https://news.google.com/rss/search?q=Joshua%20Friedman&hl=en-US&gl=US&ceid=US:en  (no just-published item; only older items resurfaced)
2026-09-09T04:31:44.263876+00:00  STALE    https://news.google.com/rss/search?q=*600%20Atlantic%20Avenue%20Boston*&hl=en-US&gl=US&ceid=US:en  (no just-published item; only older items resurfaced)
2026-09-09T04:31:44.263876+00:00  STALE    https://news.google.com/rss/search?q=Harvard%20investment&hl=en-US&gl=US&ceid=US:en  (no just-published item; only older items resurfaced)
2026-09-09T04:31:44.263876+00:00  STALE    https://news.google.com/rss/search?q=Harvard%20Singapore&hl=en-US&gl=US&ceid=US:en  (no just-published item; only older items resurfaced)
2026-09-09T04:31:44.263876+00:00  STALE    https://news.google.com/rss/search?q=HMC%20San%20Francisco&hl=en-US&gl=US&ceid=US:en  (no just-published item; only older items resurfaced)
2026-09-09T04:31:44.263876+00:00  STALE    https://news.google.com/rss/search?q=John%20Shue&hl=en-US&gl=US&ceid=US:en  (no just-published item; only older items resurfaced)
2026-09-09T04:31:44.263876+00:00  STALE    https://news.google.com/rss/search?q=marcus%20loveland&hl=en-US&gl=US&ceid=US:en  (no just-published item; only older items resurfaced)
2026-09-09T05:01:51.199615+00:00  CHANGED  https://news.google.com/rss/search?q=harvard&hl=en-US&gl=US&ceid=US:en  by=dhruv.patel  ch=directmessage  via=DM->dhruv.patel
2026-09-09T05:01:51.199615+00:00  STALE    https://news.google.com/rss/search?q=Harvard%20Management%20Company&hl=en-US&gl=US&ceid=US:en  (no just-published item; only older items resurfaced)
2026-09-09T05:01:51.199615+00:00  CHANGED  https://news.google.com/rss/search?q=Harvard&hl=en-US&gl=US&ceid=US:en  by=megan.blonigen  ch=directmessage  via=DM->megan.blonigen
2026-09-09T05:01:51.199615+00:00  STALE    https://news.google.com/rss/search?q=N.P.%20Narvekar&hl=en-US&gl=US&ceid=US:en  (no just-published item; only older items resurfaced)
2026-09-09T05:01:51.199615+00:00  STALE    https://news.google.com/rss/search?q=Rick%20Slocum&hl=en-US&gl=US&ceid=US:en  (no just-published item; only older items resurfaced)
2026-09-09T05:01:51.199615+00:00  STALE    https://news.google.com/rss/search?q=Sanjeev%20Daga&hl=en-US&gl=US&ceid=US:en  (no just-published item; only older items resurfaced)
2026-09-09T05:01:51.199615+00:00  STALE    https://news.google.com/rss/search?q=Tim%20Barakett&hl=en-US&gl=US&ceid=US:en  (no just-published item; only older items resurfaced)
2026-09-09T05:01:51.199615+00:00  STALE    https://news.google.com/rss/search?q=Alan%20Garber&hl=en-US&gl=US&ceid=US:en  (no just-published item; only older items resurfaced)
2026-09-09T05:01:51.199615+00:00  STALE    https://news.google.com/rss/search?q=Tricia%20Glynn&hl=en-US&gl=US&ceid=US:en  (no just-published item; only older items resurfaced)
2026-09-09T05:01:51.199615+00:00  STALE    https://news.google.com/rss/search?q=Paul%20Edgerley&hl=en-US&gl=US&ceid=US:en  (no just-published item; only older items resurfaced)
2026-09-09T05:01:51.199615+00:00  STALE    https://news.google.com/rss/search?q=Patrick%20Healy&hl=en-US&gl=US&ceid=US:en  (no just-published item; only older items resurfaced)
2026-09-09T05:01:51.199615+00:00  STALE    https://news.google.com/rss/search?q=Mary%20Erdoes&hl=en-US&gl=US&ceid=US:en  (no just-published item; only older items resurfaced)
2026-09-09T05:01:51.199615+00:00  STALE    https://news.google.com/rss/search?q=*Robert%20Jain*&hl=en-US&gl=US&ceid=US:en  (no just-published item; only older items resurfaced)
2026-09-09T05:01:51.199615+00:00  STALE    https://news.google.com/rss/search?q=*Mart%C3%ADn%20Escobari*&hl=en-US&gl=US&ceid=US:en  (no just-published item; only older items resurfaced)
2026-09-09T05:01:51.199615+00:00  STALE    https://news.google.com/rss/search?q=*Ritu%20Kalra*&hl=en-US&gl=US&ceid=US:en  (no just-published item; only older items resurfaced)
2026-09-09T05:01:51.199615+00:00  STALE    https://news.google.com/rss/search?q=Paul%20Finnegan&hl=en-US&gl=US&ceid=US:en  (no just-published item; only older items resurfaced)
2026-09-09T05:01:51.199615+00:00  STALE    https://news.google.com/rss/search?q=*Raymond%20McGuire*&hl=en-US&gl=US&ceid=US:en  (no just-published item; only older items resurfaced)
2026-09-09T05:01:51.199615+00:00  STALE    https://news.google.com/rss/search?q=Joshua%20Friedman&hl=en-US&gl=US&ceid=US:en  (no just-published item; only older items resurfaced)
2026-09-09T05:01:51.199615+00:00  STALE    https://news.google.com/rss/search?q=*600%20Atlantic%20Avenue%20Boston*&hl=en-US&gl=US&ceid=US:en  (no just-published item; only older items resurfaced)
2026-09-09T05:01:51.199615+00:00  STALE    https://news.google.com/rss/search?q=Harvard%20investment&hl=en-US&gl=US&ceid=US:en  (no just-published item; only older items resurfaced)
2026-09-09T05:01:51.199615+00:00  STALE    https://news.google.com/rss/search?q=Harvard%20Singapore&hl=en-US&gl=US&ceid=US:en  (no just-published item; only older items resurfaced)
2026-09-09T05:01:51.199615+00:00  STALE    https://news.google.com/rss/search?q=HMC%20San%20Francisco&hl=en-US&gl=US&ceid=US:en  (no just-published item; only older items resurfaced)
2026-09-09T05:01:51.199615+00:00  STALE    https://news.google.com/rss/search?q=John%20Shue&hl=en-US&gl=US&ceid=US:en  (no just-published item; only older items resurfaced)
2026-09-09T05:01:51.199615+00:00  STALE    https://news.google.com/rss/search?q=marcus%20loveland&hl=en-US&gl=US&ceid=US:en  (no just-published item; only older items resurfaced)
2026-09-09T05:11:56.711310+00:00  FLAPPED  https://www.courtlistener.com/docket/72090192/president-and-fellows-of-harvard-college-v-us-department-of-health-and/?order_by=desc
2026-09-09T05:11:56.711310+00:00  CHANGED  https://www.courtlistener.com/docket/72520538/united-states-v-president-and-fellows-of-harvard-college/?order_by=desc  by=hugo.chiasson  ch=directmessage  via=DM->hugo.chiasson
2026-09-09T05:16:59.811408+00:00  FLAPPED  https://www.courtlistener.com/docket/72520538/united-states-v-president-and-fellows-of-harvard-college/?order_by=desc
2026-09-09T05:22:01.369995+00:00  FLAPPED  https://www.courtlistener.com/docket/72520538/united-states-v-president-and-fellows-of-harvard-college/?order_by=desc
2026-09-09T05:22:01.369995+00:00  ERROR    https://www.courtlistener.com/docket/72275604/united-states-v-president-and-fellows-of-harvard-college-harvard/?order_by=desc  The read operation timed out
2026-09-09T05:27:27.110140+00:00  FLAPPED  https://www.courtlistener.com/docket/72520538/united-states-v-president-and-fellows-of-harvard-college/?order_by=desc
2026-09-09T05:31:56.403614+00:00  CHANGED  https://www.hks.harvard.edu  by=jen.phan  ch=directmessage  via=DM->jen.phan
2026-09-09T05:31:56.403614+00:00  BLOCKED  https://dso.college.harvard.edu/office-culture-community/about-harvard-foundation
2026-09-09T05:31:56.403614+00:00  CHANGED  https://www.courtlistener.com/docket/72520538/united-states-v-president-and-fellows-of-harvard-college/?order_by=desc  by=hugo.chiasson  ch=directmessage  via=DM->hugo.chiasson
2026-09-09T05:31:56.403614+00:00  CHANGED  https://news.google.com/rss/search?q=harvard&hl=en-US&gl=US&ceid=US:en  by=dhruv.patel  ch=directmessage  via=DM->dhruv.patel
2026-09-09T05:31:56.403614+00:00  STALE    https://news.google.com/rss/search?q=Harvard%20Management%20Company&hl=en-US&gl=US&ceid=US:en  (no just-published item; only older items resurfaced)
2026-09-09T05:31:56.403614+00:00  CHANGED  https://news.google.com/rss/search?q=Harvard&hl=en-US&gl=US&ceid=US:en  by=megan.blonigen  ch=directmessage  via=DM->megan.blonigen
2026-09-09T05:31:56.403614+00:00  STALE    https://news.google.com/rss/search?q=N.P.%20Narvekar&hl=en-US&gl=US&ceid=US:en  (no just-published item; only older items resurfaced)
2026-09-09T05:31:56.403614+00:00  STALE    https://news.google.com/rss/search?q=Rick%20Slocum&hl=en-US&gl=US&ceid=US:en  (no just-published item; only older items resurfaced)
2026-09-09T05:31:56.403614+00:00  STALE    https://news.google.com/rss/search?q=Sanjeev%20Daga&hl=en-US&gl=US&ceid=US:en  (no just-published item; only older items resurfaced)
2026-09-09T05:31:56.403614+00:00  STALE    https://news.google.com/rss/search?q=Tim%20Barakett&hl=en-US&gl=US&ceid=US:en  (no just-published item; only older items resurfaced)
2026-09-09T05:31:56.403614+00:00  STALE    https://news.google.com/rss/search?q=Alan%20Garber&hl=en-US&gl=US&ceid=US:en  (no just-published item; only older items resurfaced)
2026-09-09T05:31:56.403614+00:00  STALE    https://news.google.com/rss/search?q=Tricia%20Glynn&hl=en-US&gl=US&ceid=US:en  (no just-published item; only older items resurfaced)
2026-09-09T05:31:56.403614+00:00  STALE    https://news.google.com/rss/search?q=Paul%20Edgerley&hl=en-US&gl=US&ceid=US:en  (no just-published item; only older items resurfaced)
2026-09-09T05:31:56.403614+00:00  STALE    https://news.google.com/rss/search?q=Patrick%20Healy&hl=en-US&gl=US&ceid=US:en  (no just-published item; only older items resurfaced)
2026-09-09T05:31:56.403614+00:00  STALE    https://news.google.com/rss/search?q=Mary%20Erdoes&hl=en-US&gl=US&ceid=US:en  (no just-published item; only older items resurfaced)
2026-09-09T05:31:56.403614+00:00  STALE    https://news.google.com/rss/search?q=*Robert%20Jain*&hl=en-US&gl=US&ceid=US:en  (no just-published item; only older items resurfaced)
2026-09-09T05:31:56.403614+00:00  STALE    https://news.google.com/rss/search?q=*Mart%C3%ADn%20Escobari*&hl=en-US&gl=US&ceid=US:en  (no just-published item; only older items resurfaced)
2026-09-09T05:31:56.403614+00:00  STALE    https://news.google.com/rss/search?q=*Ritu%20Kalra*&hl=en-US&gl=US&ceid=US:en  (no just-published item; only older items resurfaced)
2026-09-09T05:31:56.403614+00:00  STALE    https://news.google.com/rss/search?q=Paul%20Finnegan&hl=en-US&gl=US&ceid=US:en  (no just-published item; only older items resurfaced)
2026-09-09T05:31:56.403614+00:00  STALE    https://news.google.com/rss/search?q=*Raymond%20McGuire*&hl=en-US&gl=US&ceid=US:en  (no just-published item; only older items resurfaced)
2026-09-09T05:31:56.403614+00:00  STALE    https://news.google.com/rss/search?q=Joshua%20Friedman&hl=en-US&gl=US&ceid=US:en  (no just-published item; only older items resurfaced)
2026-09-09T05:31:56.403614+00:00  STALE    https://news.google.com/rss/search?q=*600%20Atlantic%20Avenue%20Boston*&hl=en-US&gl=US&ceid=US:en  (no just-published item; only older items resurfaced)
2026-09-09T05:31:56.403614+00:00  STALE    https://news.google.com/rss/search?q=Harvard%20investment&hl=en-US&gl=US&ceid=US:en  (no just-published item; only older items resurfaced)
2026-09-09T05:31:56.403614+00:00  STALE    https://news.google.com/rss/search?q=Harvard%20Singapore&hl=en-US&gl=US&ceid=US:en  (no just-published item; only older items resurfaced)
2026-09-09T05:31:56.403614+00:00  STALE    https://news.google.com/rss/search?q=HMC%20San%20Francisco&hl=en-US&gl=US&ceid=US:en  (no just-published item; only older items resurfaced)
2026-09-09T05:31:56.403614+00:00  STALE    https://news.google.com/rss/search?q=John%20Shue&hl=en-US&gl=US&ceid=US:en  (no just-published item; only older items resurfaced)
2026-09-09T05:31:56.403614+00:00  STALE    https://news.google.com/rss/search?q=marcus%20loveland&hl=en-US&gl=US&ceid=US:en  (no just-published item; only older items resurfaced)
2026-09-09T06:02:39.561207+00:00  CHANGED  https://news.google.com/rss/search?q=harvard&hl=en-US&gl=US&ceid=US:en  by=dhruv.patel  ch=directmessage  via=DM->dhruv.patel
2026-09-09T06:02:39.561207+00:00  STALE    https://news.google.com/rss/search?q=Harvard%20Management%20Company&hl=en-US&gl=US&ceid=US:en  (no just-published item; only older items resurfaced)
2026-09-09T06:02:39.561207+00:00  CHANGED  https://news.google.com/rss/search?q=Harvard&hl=en-US&gl=US&ceid=US:en  by=megan.blonigen  ch=directmessage  via=DM->megan.blonigen
2026-09-09T06:02:39.561207+00:00  STALE    https://news.google.com/rss/search?q=N.P.%20Narvekar&hl=en-US&gl=US&ceid=US:en  (no just-published item; only older items resurfaced)
2026-09-09T06:02:39.561207+00:00  STALE    https://news.google.com/rss/search?q=Rick%20Slocum&hl=en-US&gl=US&ceid=US:en  (no just-published item; only older items resurfaced)
2026-09-09T06:02:39.561207+00:00  STALE    https://news.google.com/rss/search?q=Sanjeev%20Daga&hl=en-US&gl=US&ceid=US:en  (no just-published item; only older items resurfaced)
2026-09-09T06:02:39.561207+00:00  STALE    https://news.google.com/rss/search?q=Tim%20Barakett&hl=en-US&gl=US&ceid=US:en  (no just-published item; only older items resurfaced)
2026-09-09T06:02:39.561207+00:00  STALE    https://news.google.com/rss/search?q=Alan%20Garber&hl=en-US&gl=US&ceid=US:en  (no just-published item; only older items resurfaced)
2026-09-09T06:02:39.561207+00:00  STALE    https://news.google.com/rss/search?q=Tricia%20Glynn&hl=en-US&gl=US&ceid=US:en  (no just-published item; only older items resurfaced)
2026-09-09T06:02:39.561207+00:00  STALE    https://news.google.com/rss/search?q=*Eric%20Doppstadt*&hl=en-US&gl=US&ceid=US:en  (no just-published item; only older items resurfaced)
2026-09-09T06:02:39.561207+00:00  STALE    https://news.google.com/rss/search?q=Paul%20Edgerley&hl=en-US&gl=US&ceid=US:en  (no just-published item; only older items resurfaced)
2026-09-09T06:02:39.561207+00:00  STALE    https://news.google.com/rss/search?q=Patrick%20Healy&hl=en-US&gl=US&ceid=US:en  (no just-published item; only older items resurfaced)
2026-09-09T06:02:39.561207+00:00  STALE    https://news.google.com/rss/search?q=Mary%20Erdoes&hl=en-US&gl=US&ceid=US:en  (no just-published item; only older items resurfaced)
2026-09-09T06:02:39.561207+00:00  STALE    https://news.google.com/rss/search?q=*Robert%20Jain*&hl=en-US&gl=US&ceid=US:en  (no just-published item; only older items resurfaced)
2026-09-09T06:02:39.561207+00:00  STALE    https://news.google.com/rss/search?q=*Mart%C3%ADn%20Escobari*&hl=en-US&gl=US&ceid=US:en  (no just-published item; only older items resurfaced)
2026-09-09T06:02:39.561207+00:00  STALE    https://news.google.com/rss/search?q=*Ritu%20Kalra*&hl=en-US&gl=US&ceid=US:en  (no just-published item; only older items resurfaced)
2026-09-09T06:02:39.561207+00:00  STALE    https://news.google.com/rss/search?q=Paul%20Finnegan&hl=en-US&gl=US&ceid=US:en  (no just-published item; only older items resurfaced)
2026-09-09T06:02:39.561207+00:00  STALE    https://news.google.com/rss/search?q=*Raymond%20McGuire*&hl=en-US&gl=US&ceid=US:en  (no just-published item; only older items resurfaced)
2026-09-09T06:02:39.561207+00:00  STALE    https://news.google.com/rss/search?q=Joshua%20Friedman&hl=en-US&gl=US&ceid=US:en  (no just-published item; only older items resurfaced)
2026-09-09T06:02:39.561207+00:00  STALE    https://news.google.com/rss/search?q=*600%20Atlantic%20Avenue%20Boston*&hl=en-US&gl=US&ceid=US:en  (no just-published item; only older items resurfaced)
2026-09-09T06:02:39.561207+00:00  STALE    https://news.google.com/rss/search?q=Harvard%20investment&hl=en-US&gl=US&ceid=US:en  (no just-published item; only older items resurfaced)
2026-09-09T06:02:39.561207+00:00  STALE    https://news.google.com/rss/search?q=Harvard%20Singapore&hl=en-US&gl=US&ceid=US:en  (no just-published item; only older items resurfaced)
2026-09-09T06:02:39.561207+00:00  STALE    https://news.google.com/rss/search?q=HMC%20San%20Francisco&hl=en-US&gl=US&ceid=US:en  (no just-published item; only older items resurfaced)
2026-09-09T06:02:39.561207+00:00  STALE    https://news.google.com/rss/search?q=John%20Shue&hl=en-US&gl=US&ceid=US:en  (no just-published item; only older items resurfaced)
2026-09-09T06:02:39.561207+00:00  STALE    https://news.google.com/rss/search?q=marcus%20loveland&hl=en-US&gl=US&ceid=US:en  (no just-published item; only older items resurfaced)
2026-09-09T06:31:30.691187+00:00  BLOCKED  https://dso.college.harvard.edu/office-culture-community/about-harvard-foundation
2026-09-09T06:31:30.691187+00:00  ERROR    https://secretary.college.harvard.edu/data/  <urlopen error timed out>
2026-09-09T06:31:30.691187+00:00  CHANGED  https://news.google.com/rss/search?q=harvard&hl=en-US&gl=US&ceid=US:en  by=dhruv.patel  ch=directmessage  via=DM->dhruv.patel
2026-09-09T06:31:30.691187+00:00  STALE    https://news.google.com/rss/search?q=Harvard%20Management%20Company&hl=en-US&gl=US&ceid=US:en  (no just-published item; only older items resurfaced)
2026-09-09T06:31:30.691187+00:00  CHANGED  https://news.google.com/rss/search?q=Harvard&hl=en-US&gl=US&ceid=US:en  by=megan.blonigen  ch=directmessage  via=DM->megan.blonigen
2026-09-09T06:31:30.691187+00:00  STALE    https://news.google.com/rss/search?q=N.P.%20Narvekar&hl=en-US&gl=US&ceid=US:en  (no just-published item; only older items resurfaced)
2026-09-09T06:31:30.691187+00:00  STALE    https://news.google.com/rss/search?q=Rick%20Slocum&hl=en-US&gl=US&ceid=US:en  (no just-published item; only older items resurfaced)
2026-09-09T06:31:30.691187+00:00  STALE    https://news.google.com/rss/search?q=Sanjeev%20Daga&hl=en-US&gl=US&ceid=US:en  (no just-published item; only older items resurfaced)
2026-09-09T06:31:30.691187+00:00  STALE    https://news.google.com/rss/search?q=Tim%20Barakett&hl=en-US&gl=US&ceid=US:en  (no just-published item; only older items resurfaced)
2026-09-09T06:31:30.691187+00:00  STALE    https://news.google.com/rss/search?q=Alan%20Garber&hl=en-US&gl=US&ceid=US:en  (no just-published item; only older items resurfaced)
2026-09-09T06:31:30.691187+00:00  STALE    https://news.google.com/rss/search?q=Tricia%20Glynn&hl=en-US&gl=US&ceid=US:en  (no just-published item; only older items resurfaced)
2026-09-09T06:31:30.691187+00:00  STALE    https://news.google.com/rss/search?q=*Eric%20Doppstadt*&hl=en-US&gl=US&ceid=US:en  (no just-published item; only older items resurfaced)
2026-09-09T06:31:30.691187+00:00  STALE    https://news.google.com/rss/search?q=Paul%20Edgerley&hl=en-US&gl=US&ceid=US:en  (no just-published item; only older items resurfaced)
2026-09-09T06:31:30.691187+00:00  STALE    https://news.google.com/rss/search?q=Patrick%20Healy&hl=en-US&gl=US&ceid=US:en  (no just-published item; only older items resurfaced)
2026-09-09T06:31:30.691187+00:00  STALE    https://news.google.com/rss/search?q=Mary%20Erdoes&hl=en-US&gl=US&ceid=US:en  (no just-published item; only older items resurfaced)
2026-09-09T06:31:30.691187+00:00  STALE    https://news.google.com/rss/search?q=*Robert%20Jain*&hl=en-US&gl=US&ceid=US:en  (no just-published item; only older items resurfaced)
2026-09-09T06:31:30.691187+00:00  STALE    https://news.google.com/rss/search?q=*Mart%C3%ADn%20Escobari*&hl=en-US&gl=US&ceid=US:en  (no just-published item; only older items resurfaced)
2026-09-09T06:31:30.691187+00:00  STALE    https://news.google.com/rss/search?q=*Ritu%20Kalra*&hl=en-US&gl=US&ceid=US:en  (no just-published item; only older items resurfaced)
2026-09-09T06:31:30.691187+00:00  STALE    https://news.google.com/rss/search?q=Paul%20Finnegan&hl=en-US&gl=US&ceid=US:en  (no just-published item; only older items resurfaced)
2026-09-09T06:31:30.691187+00:00  STALE    https://news.google.com/rss/search?q=*Raymond%20McGuire*&hl=en-US&gl=US&ceid=US:en  (no just-published item; only older items resurfaced)
2026-09-09T06:31:30.691187+00:00  STALE    https://news.google.com/rss/search?q=Joshua%20Friedman&hl=en-US&gl=US&ceid=US:en  (no just-published item; only older items resurfaced)
2026-09-09T06:31:30.691187+00:00  STALE    https://news.google.com/rss/search?q=*600%20Atlantic%20Avenue%20Boston*&hl=en-US&gl=US&ceid=US:en  (no just-published item; only older items resurfaced)
2026-09-09T06:31:30.691187+00:00  STALE    https://news.google.com/rss/search?q=Harvard%20investment&hl=en-US&gl=US&ceid=US:en  (no just-published item; only older items resurfaced)
2026-09-09T06:31:30.691187+00:00  STALE    https://news.google.com/rss/search?q=Harvard%20Singapore&hl=en-US&gl=US&ceid=US:en  (no just-published item; only older items resurfaced)
2026-09-09T06:31:30.691187+00:00  STALE    https://news.google.com/rss/search?q=HMC%20San%20Francisco&hl=en-US&gl=US&ceid=US:en  (no just-published item; only older items resurfaced)
2026-09-09T06:31:30.691187+00:00  STALE    https://news.google.com/rss/search?q=John%20Shue&hl=en-US&gl=US&ceid=US:en  (no just-published item; only older items resurfaced)
2026-09-09T06:31:30.691187+00:00  STALE    https://news.google.com/rss/search?q=marcus%20loveland&hl=en-US&gl=US&ceid=US:en  (no just-published item; only older items resurfaced)
2026-09-09T06:42:26.292658+00:00  ERROR    https://secretary.college.harvard.edu/data/  <urlopen error timed out>
2026-09-09T07:34:54.508773+00:00  BLOCKED  https://dso.college.harvard.edu/office-culture-community/about-harvard-foundation
2026-09-09T07:34:54.508773+00:00  CHANGED  https://news.google.com/rss/search?q=harvard&hl=en-US&gl=US&ceid=US:en  by=dhruv.patel  ch=directmessage  via=DM->dhruv.patel
2026-09-09T07:34:54.508773+00:00  STALE    https://news.google.com/rss/search?q=Harvard%20Management%20Company&hl=en-US&gl=US&ceid=US:en  (no just-published item; only older items resurfaced)
2026-09-09T07:34:54.508773+00:00  CHANGED  https://news.google.com/rss/search?q=Harvard&hl=en-US&gl=US&ceid=US:en  by=megan.blonigen  ch=directmessage  via=DM->megan.blonigen
2026-09-09T07:34:54.508773+00:00  STALE    https://news.google.com/rss/search?q=N.P.%20Narvekar&hl=en-US&gl=US&ceid=US:en  (no just-published item; only older items resurfaced)
2026-09-09T07:34:54.508773+00:00  STALE    https://news.google.com/rss/search?q=Rick%20Slocum&hl=en-US&gl=US&ceid=US:en  (no just-published item; only older items resurfaced)
2026-09-09T07:34:54.508773+00:00  STALE    https://news.google.com/rss/search?q=Alan%20Garber&hl=en-US&gl=US&ceid=US:en  (no just-published item; only older items resurfaced)
2026-09-09T07:34:54.508773+00:00  STALE    https://news.google.com/rss/search?q=Tricia%20Glynn&hl=en-US&gl=US&ceid=US:en  (no just-published item; only older items resurfaced)
2026-09-09T07:34:54.508773+00:00  STALE    https://news.google.com/rss/search?q=Paul%20Edgerley&hl=en-US&gl=US&ceid=US:en  (no just-published item; only older items resurfaced)
2026-09-09T07:34:54.508773+00:00  STALE    https://news.google.com/rss/search?q=Patrick%20Healy&hl=en-US&gl=US&ceid=US:en  (no just-published item; only older items resurfaced)
2026-09-09T07:34:54.508773+00:00  STALE    https://news.google.com/rss/search?q=Mary%20Erdoes&hl=en-US&gl=US&ceid=US:en  (no just-published item; only older items resurfaced)
2026-09-09T07:34:54.508773+00:00  STALE    https://news.google.com/rss/search?q=*Robert%20Jain*&hl=en-US&gl=US&ceid=US:en  (no just-published item; only older items resurfaced)
2026-09-09T07:34:54.508773+00:00  STALE    https://news.google.com/rss/search?q=*Ritu%20Kalra*&hl=en-US&gl=US&ceid=US:en  (no just-published item; only older items resurfaced)
2026-09-09T07:34:54.508773+00:00  STALE    https://news.google.com/rss/search?q=Paul%20Finnegan&hl=en-US&gl=US&ceid=US:en  (no just-published item; only older items resurfaced)
2026-09-09T07:34:54.508773+00:00  STALE    https://news.google.com/rss/search?q=*Raymond%20McGuire*&hl=en-US&gl=US&ceid=US:en  (no just-published item; only older items resurfaced)
2026-09-09T07:34:54.508773+00:00  STALE    https://news.google.com/rss/search?q=Joshua%20Friedman&hl=en-US&gl=US&ceid=US:en  (no just-published item; only older items resurfaced)
2026-09-09T07:34:54.508773+00:00  STALE    https://news.google.com/rss/search?q=*600%20Atlantic%20Avenue%20Boston*&hl=en-US&gl=US&ceid=US:en  (no just-published item; only older items resurfaced)
2026-09-09T07:34:54.508773+00:00  STALE    https://news.google.com/rss/search?q=Harvard%20investment&hl=en-US&gl=US&ceid=US:en  (no just-published item; only older items resurfaced)
2026-09-09T07:34:54.508773+00:00  STALE    https://news.google.com/rss/search?q=Harvard%20Singapore&hl=en-US&gl=US&ceid=US:en  (no just-published item; only older items resurfaced)
2026-09-09T07:34:54.508773+00:00  STALE    https://news.google.com/rss/search?q=HMC%20San%20Francisco&hl=en-US&gl=US&ceid=US:en  (no just-published item; only older items resurfaced)
2026-09-09T07:34:54.508773+00:00  STALE    https://news.google.com/rss/search?q=John%20Shue&hl=en-US&gl=US&ceid=US:en  (no just-published item; only older items resurfaced)
2026-09-09T07:34:54.508773+00:00  STALE    https://news.google.com/rss/search?q=marcus%20loveland&hl=en-US&gl=US&ceid=US:en  (no just-published item; only older items resurfaced)
2026-09-09T08:33:13.142789+00:00  BLOCKED  https://www.hupd.harvard.edu/campus-hazing-transparency-report
2026-09-09T08:38:17.201566+00:00  CHANGED  https://www.hks.harvard.edu  by=jen.phan  ch=directmessage  via=DM->jen.phan
2026-09-09T08:38:17.201566+00:00  BLOCKED  https://dso.college.harvard.edu/office-culture-community/about-harvard-foundation
2026-09-09T08:38:17.201566+00:00  CHANGED  https://news.google.com/rss/search?q=harvard&hl=en-US&gl=US&ceid=US:en  by=dhruv.patel  ch=directmessage  via=DM->dhruv.patel
2026-09-09T08:38:17.201566+00:00  STALE    https://news.google.com/rss/search?q=Harvard%20Management%20Company&hl=en-US&gl=US&ceid=US:en  (no just-published item; only older items resurfaced)
2026-09-09T08:38:17.201566+00:00  CHANGED  https://news.google.com/rss/search?q=Harvard&hl=en-US&gl=US&ceid=US:en  by=megan.blonigen  ch=directmessage  via=DM->megan.blonigen
2026-09-09T08:38:17.201566+00:00  STALE    https://news.google.com/rss/search?q=N.P.%20Narvekar&hl=en-US&gl=US&ceid=US:en  (no just-published item; only older items resurfaced)
2026-09-09T08:38:17.201566+00:00  STALE    https://news.google.com/rss/search?q=Rick%20Slocum&hl=en-US&gl=US&ceid=US:en  (no just-published item; only older items resurfaced)
2026-09-09T08:38:17.201566+00:00  STALE    https://news.google.com/rss/search?q=Sanjeev%20Daga&hl=en-US&gl=US&ceid=US:en  (no just-published item; only older items resurfaced)
2026-09-09T08:38:17.201566+00:00  STALE    https://news.google.com/rss/search?q=Tim%20Barakett&hl=en-US&gl=US&ceid=US:en  (no just-published item; only older items resurfaced)
2026-09-09T08:38:17.201566+00:00  STALE    https://news.google.com/rss/search?q=Alan%20Garber&hl=en-US&gl=US&ceid=US:en  (no just-published item; only older items resurfaced)
2026-09-09T08:38:17.201566+00:00  STALE    https://news.google.com/rss/search?q=Tricia%20Glynn&hl=en-US&gl=US&ceid=US:en  (no just-published item; only older items resurfaced)
2026-09-09T08:38:17.201566+00:00  STALE    https://news.google.com/rss/search?q=Paul%20Edgerley&hl=en-US&gl=US&ceid=US:en  (no just-published item; only older items resurfaced)
2026-09-09T08:38:17.201566+00:00  STALE    https://news.google.com/rss/search?q=Patrick%20Healy&hl=en-US&gl=US&ceid=US:en  (no just-published item; only older items resurfaced)
2026-09-09T08:38:17.201566+00:00  STALE    https://news.google.com/rss/search?q=Mary%20Erdoes&hl=en-US&gl=US&ceid=US:en  (no just-published item; only older items resurfaced)
2026-09-09T08:38:17.201566+00:00  STALE    https://news.google.com/rss/search?q=*Robert%20Jain*&hl=en-US&gl=US&ceid=US:en  (no just-published item; only older items resurfaced)
2026-09-09T08:38:17.201566+00:00  STALE    https://news.google.com/rss/search?q=*Mart%C3%ADn%20Escobari*&hl=en-US&gl=US&ceid=US:en  (no just-published item; only older items resurfaced)
2026-09-09T08:38:17.201566+00:00  STALE    https://news.google.com/rss/search?q=*Ritu%20Kalra*&hl=en-US&gl=US&ceid=US:en  (no just-published item; only older items resurfaced)
2026-09-09T08:38:17.201566+00:00  STALE    https://news.google.com/rss/search?q=Paul%20Finnegan&hl=en-US&gl=US&ceid=US:en  (no just-published item; only older items resurfaced)
2026-09-09T08:38:17.201566+00:00  STALE    https://news.google.com/rss/search?q=*Raymond%20McGuire*&hl=en-US&gl=US&ceid=US:en  (no just-published item; only older items resurfaced)
2026-09-09T08:38:17.201566+00:00  STALE    https://news.google.com/rss/search?q=Joshua%20Friedman&hl=en-US&gl=US&ceid=US:en  (no just-published item; only older items resurfaced)
2026-09-09T08:38:17.201566+00:00  STALE    https://news.google.com/rss/search?q=*600%20Atlantic%20Avenue%20Boston*&hl=en-US&gl=US&ceid=US:en  (no just-published item; only older items resurfaced)
2026-09-09T08:38:17.201566+00:00  STALE    https://news.google.com/rss/search?q=Harvard%20investment&hl=en-US&gl=US&ceid=US:en  (no just-published item; only older items resurfaced)
2026-09-09T08:38:17.201566+00:00  STALE    https://news.google.com/rss/search?q=Harvard%20Singapore&hl=en-US&gl=US&ceid=US:en  (no just-published item; only older items resurfaced)
2026-09-09T08:38:17.201566+00:00  STALE    https://news.google.com/rss/search?q=HMC%20San%20Francisco&hl=en-US&gl=US&ceid=US:en  (no just-published item; only older items resurfaced)
2026-09-09T08:38:17.201566+00:00  STALE    https://news.google.com/rss/search?q=John%20Shue&hl=en-US&gl=US&ceid=US:en  (no just-published item; only older items resurfaced)
2026-09-09T08:38:17.201566+00:00  STALE    https://news.google.com/rss/search?q=marcus%20loveland&hl=en-US&gl=US&ceid=US:en  (no just-published item; only older items resurfaced)
2026-09-09T09:40:47.164957+00:00  BLOCKED  https://dso.college.harvard.edu/office-culture-community/about-harvard-foundation
2026-09-09T09:40:47.164957+00:00  STALE    https://news.google.com/rss/search?q=harvard&hl=en-US&gl=US&ceid=US:en  (no just-published item; only older items resurfaced)
2026-09-09T09:40:47.164957+00:00  STALE    https://news.google.com/rss/search?q=Harvard%20Management%20Company&hl=en-US&gl=US&ceid=US:en  (no just-published item; only older items resurfaced)
2026-09-09T09:40:47.164957+00:00  STALE    https://news.google.com/rss/search?q=Harvard&hl=en-US&gl=US&ceid=US:en  (no just-published item; only older items resurfaced)
2026-09-09T09:40:47.164957+00:00  STALE    https://news.google.com/rss/search?q=N.P.%20Narvekar&hl=en-US&gl=US&ceid=US:en  (no just-published item; only older items resurfaced)
2026-09-09T09:40:47.164957+00:00  STALE    https://news.google.com/rss/search?q=Rick%20Slocum&hl=en-US&gl=US&ceid=US:en  (no just-published item; only older items resurfaced)
2026-09-09T09:40:47.164957+00:00  STALE    https://news.google.com/rss/search?q=Sanjeev%20Daga&hl=en-US&gl=US&ceid=US:en  (no just-published item; only older items resurfaced)
2026-09-09T09:40:47.164957+00:00  STALE    https://news.google.com/rss/search?q=Tim%20Barakett&hl=en-US&gl=US&ceid=US:en  (no just-published item; only older items resurfaced)
2026-09-09T09:40:47.164957+00:00  STALE    https://news.google.com/rss/search?q=Alan%20Garber&hl=en-US&gl=US&ceid=US:en  (no just-published item; only older items resurfaced)
2026-09-09T09:40:47.164957+00:00  STALE    https://news.google.com/rss/search?q=Tricia%20Glynn&hl=en-US&gl=US&ceid=US:en  (no just-published item; only older items resurfaced)
2026-09-09T09:40:47.164957+00:00  STALE    https://news.google.com/rss/search?q=Paul%20Edgerley&hl=en-US&gl=US&ceid=US:en  (no just-published item; only older items resurfaced)
2026-09-09T09:40:47.164957+00:00  STALE    https://news.google.com/rss/search?q=Patrick%20Healy&hl=en-US&gl=US&ceid=US:en  (no just-published item; only older items resurfaced)
2026-09-09T09:40:47.164957+00:00  STALE    https://news.google.com/rss/search?q=Mary%20Erdoes&hl=en-US&gl=US&ceid=US:en  (no just-published item; only older items resurfaced)
2026-09-09T09:40:47.164957+00:00  STALE    https://news.google.com/rss/search?q=*Robert%20Jain*&hl=en-US&gl=US&ceid=US:en  (no just-published item; only older items resurfaced)
2026-09-09T09:40:47.164957+00:00  STALE    https://news.google.com/rss/search?q=*Mart%C3%ADn%20Escobari*&hl=en-US&gl=US&ceid=US:en  (no just-published item; only older items resurfaced)
2026-09-09T09:40:47.164957+00:00  STALE    https://news.google.com/rss/search?q=*Ritu%20Kalra*&hl=en-US&gl=US&ceid=US:en  (no just-published item; only older items resurfaced)
2026-09-09T09:40:47.164957+00:00  STALE    https://news.google.com/rss/search?q=Paul%20Finnegan&hl=en-US&gl=US&ceid=US:en  (no just-published item; only older items resurfaced)
2026-09-09T09:40:47.164957+00:00  STALE    https://news.google.com/rss/search?q=*Raymond%20McGuire*&hl=en-US&gl=US&ceid=US:en  (no just-published item; only older items resurfaced)
2026-09-09T09:40:47.164957+00:00  STALE    https://news.google.com/rss/search?q=Joshua%20Friedman&hl=en-US&gl=US&ceid=US:en  (no just-published item; only older items resurfaced)
2026-09-09T09:40:47.164957+00:00  STALE    https://news.google.com/rss/search?q=*600%20Atlantic%20Avenue%20Boston*&hl=en-US&gl=US&ceid=US:en  (no just-published item; only older items resurfaced)
2026-09-09T09:40:47.164957+00:00  STALE    https://news.google.com/rss/search?q=Harvard%20investment&hl=en-US&gl=US&ceid=US:en  (no just-published item; only older items resurfaced)
2026-09-09T09:40:47.164957+00:00  STALE    https://news.google.com/rss/search?q=Harvard%20Singapore&hl=en-US&gl=US&ceid=US:en  (no just-published item; only older items resurfaced)
2026-09-09T09:40:47.164957+00:00  STALE    https://news.google.com/rss/search?q=HMC%20San%20Francisco&hl=en-US&gl=US&ceid=US:en  (no just-published item; only older items resurfaced)
2026-09-09T09:40:47.164957+00:00  STALE    https://news.google.com/rss/search?q=John%20Shue&hl=en-US&gl=US&ceid=US:en  (no just-published item; only older items resurfaced)
2026-09-09T09:40:47.164957+00:00  STALE    https://news.google.com/rss/search?q=marcus%20loveland&hl=en-US&gl=US&ceid=US:en  (no just-published item; only older items resurfaced)
2026-09-09T10:41:37.020390+00:00  BLOCKED  https://dso.college.harvard.edu/office-culture-community/about-harvard-foundation
2026-09-09T10:41:37.020390+00:00  STALE    https://news.google.com/rss/search?q=harvard&hl=en-US&gl=US&ceid=US:en  (no just-published item; only older items resurfaced)
2026-09-09T10:41:37.020390+00:00  STALE    https://news.google.com/rss/search?q=Harvard%20Management%20Company&hl=en-US&gl=US&ceid=US:en  (no just-published item; only older items resurfaced)
2026-09-09T10:41:37.020390+00:00  STALE    https://news.google.com/rss/search?q=Harvard&hl=en-US&gl=US&ceid=US:en  (no just-published item; only older items resurfaced)
2026-09-09T10:41:37.020390+00:00  STALE    https://news.google.com/rss/search?q=N.P.%20Narvekar&hl=en-US&gl=US&ceid=US:en  (no just-published item; only older items resurfaced)
2026-09-09T10:41:37.020390+00:00  STALE    https://news.google.com/rss/search?q=Rick%20Slocum&hl=en-US&gl=US&ceid=US:en  (no just-published item; only older items resurfaced)
2026-09-09T10:41:37.020390+00:00  STALE    https://news.google.com/rss/search?q=Sanjeev%20Daga&hl=en-US&gl=US&ceid=US:en  (no just-published item; only older items resurfaced)
2026-09-09T10:41:37.020390+00:00  STALE    https://news.google.com/rss/search?q=Tim%20Barakett&hl=en-US&gl=US&ceid=US:en  (no just-published item; only older items resurfaced)
2026-09-09T10:41:37.020390+00:00  STALE    https://news.google.com/rss/search?q=Alan%20Garber&hl=en-US&gl=US&ceid=US:en  (no just-published item; only older items resurfaced)
2026-09-09T10:41:37.020390+00:00  STALE    https://news.google.com/rss/search?q=Tricia%20Glynn&hl=en-US&gl=US&ceid=US:en  (no just-published item; only older items resurfaced)
2026-09-09T10:41:37.020390+00:00  STALE    https://news.google.com/rss/search?q=*Eric%20Doppstadt*&hl=en-US&gl=US&ceid=US:en  (no just-published item; only older items resurfaced)
2026-09-09T10:41:37.020390+00:00  STALE    https://news.google.com/rss/search?q=Paul%20Edgerley&hl=en-US&gl=US&ceid=US:en  (no just-published item; only older items resurfaced)
2026-09-09T10:41:37.020390+00:00  STALE    https://news.google.com/rss/search?q=Patrick%20Healy&hl=en-US&gl=US&ceid=US:en  (no just-published item; only older items resurfaced)
2026-09-09T10:41:37.020390+00:00  STALE    https://news.google.com/rss/search?q=Mary%20Erdoes&hl=en-US&gl=US&ceid=US:en  (no just-published item; only older items resurfaced)
2026-09-09T10:41:37.020390+00:00  STALE    https://news.google.com/rss/search?q=*Robert%20Jain*&hl=en-US&gl=US&ceid=US:en  (no just-published item; only older items resurfaced)
2026-09-09T10:41:37.020390+00:00  STALE    https://news.google.com/rss/search?q=*Mart%C3%ADn%20Escobari*&hl=en-US&gl=US&ceid=US:en  (no just-published item; only older items resurfaced)
2026-09-09T10:41:37.020390+00:00  STALE    https://news.google.com/rss/search?q=*Ritu%20Kalra*&hl=en-US&gl=US&ceid=US:en  (no just-published item; only older items resurfaced)
2026-09-09T10:41:37.020390+00:00  STALE    https://news.google.com/rss/search?q=Paul%20Finnegan&hl=en-US&gl=US&ceid=US:en  (no just-published item; only older items resurfaced)
2026-09-09T10:41:37.020390+00:00  STALE    https://news.google.com/rss/search?q=*Raymond%20McGuire*&hl=en-US&gl=US&ceid=US:en  (no just-published item; only older items resurfaced)
2026-09-09T10:41:37.020390+00:00  STALE    https://news.google.com/rss/search?q=Joshua%20Friedman&hl=en-US&gl=US&ceid=US:en  (no just-published item; only older items resurfaced)
2026-09-09T10:41:37.020390+00:00  STALE    https://news.google.com/rss/search?q=*600%20Atlantic%20Avenue%20Boston*&hl=en-US&gl=US&ceid=US:en  (no just-published item; only older items resurfaced)
2026-09-09T10:41:37.020390+00:00  STALE    https://news.google.com/rss/search?q=Harvard%20investment&hl=en-US&gl=US&ceid=US:en  (no just-published item; only older items resurfaced)
2026-09-09T10:41:37.020390+00:00  STALE    https://news.google.com/rss/search?q=Harvard%20Singapore&hl=en-US&gl=US&ceid=US:en  (no just-published item; only older items resurfaced)
2026-09-09T10:41:37.020390+00:00  STALE    https://news.google.com/rss/search?q=HMC%20San%20Francisco&hl=en-US&gl=US&ceid=US:en  (no just-published item; only older items resurfaced)
2026-09-09T10:41:37.020390+00:00  STALE    https://news.google.com/rss/search?q=John%20Shue&hl=en-US&gl=US&ceid=US:en  (no just-published item; only older items resurfaced)
2026-09-09T10:41:37.020390+00:00  STALE    https://news.google.com/rss/search?q=marcus%20loveland&hl=en-US&gl=US&ceid=US:en  (no just-published item; only older items resurfaced)
2026-09-09T11:11:56.976489+00:00  STALE    https://news.google.com/rss/search?q=harvard&hl=en-US&gl=US&ceid=US:en  (no just-published item; only older items resurfaced)
2026-09-09T11:11:56.976489+00:00  STALE    https://news.google.com/rss/search?q=Harvard%20Management%20Company&hl=en-US&gl=US&ceid=US:en  (no just-published item; only older items resurfaced)
2026-09-09T11:11:56.976489+00:00  STALE    https://news.google.com/rss/search?q=Harvard&hl=en-US&gl=US&ceid=US:en  (no just-published item; only older items resurfaced)
2026-09-09T11:11:56.976489+00:00  STALE    https://news.google.com/rss/search?q=N.P.%20Narvekar&hl=en-US&gl=US&ceid=US:en  (no just-published item; only older items resurfaced)
2026-09-09T11:11:56.976489+00:00  STALE    https://news.google.com/rss/search?q=Rick%20Slocum&hl=en-US&gl=US&ceid=US:en  (no just-published item; only older items resurfaced)
2026-09-09T11:11:56.976489+00:00  STALE    https://news.google.com/rss/search?q=Sanjeev%20Daga&hl=en-US&gl=US&ceid=US:en  (no just-published item; only older items resurfaced)
2026-09-09T11:11:56.976489+00:00  STALE    https://news.google.com/rss/search?q=Tim%20Barakett&hl=en-US&gl=US&ceid=US:en  (no just-published item; only older items resurfaced)
2026-09-09T11:11:56.976489+00:00  STALE    https://news.google.com/rss/search?q=Alan%20Garber&hl=en-US&gl=US&ceid=US:en  (no just-published item; only older items resurfaced)
2026-09-09T11:11:56.976489+00:00  STALE    https://news.google.com/rss/search?q=Tricia%20Glynn&hl=en-US&gl=US&ceid=US:en  (no just-published item; only older items resurfaced)
2026-09-09T11:11:56.976489+00:00  STALE    https://news.google.com/rss/search?q=*Eric%20Doppstadt*&hl=en-US&gl=US&ceid=US:en  (no just-published item; only older items resurfaced)
2026-09-09T11:11:56.976489+00:00  STALE    https://news.google.com/rss/search?q=Paul%20Edgerley&hl=en-US&gl=US&ceid=US:en  (no just-published item; only older items resurfaced)
2026-09-09T11:11:56.976489+00:00  STALE    https://news.google.com/rss/search?q=Patrick%20Healy&hl=en-US&gl=US&ceid=US:en  (no just-published item; only older items resurfaced)
2026-09-09T11:11:56.976489+00:00  STALE    https://news.google.com/rss/search?q=Mary%20Erdoes&hl=en-US&gl=US&ceid=US:en  (no just-published item; only older items resurfaced)
2026-09-09T11:11:56.976489+00:00  STALE    https://news.google.com/rss/search?q=*Robert%20Jain*&hl=en-US&gl=US&ceid=US:en  (no just-published item; only older items resurfaced)
2026-09-09T11:11:56.976489+00:00  STALE    https://news.google.com/rss/search?q=*Mart%C3%ADn%20Escobari*&hl=en-US&gl=US&ceid=US:en  (no just-published item; only older items resurfaced)
2026-09-09T11:11:56.976489+00:00  STALE    https://news.google.com/rss/search?q=*Ritu%20Kalra*&hl=en-US&gl=US&ceid=US:en  (no just-published item; only older items resurfaced)
2026-09-09T11:11:56.976489+00:00  STALE    https://news.google.com/rss/search?q=Paul%20Finnegan&hl=en-US&gl=US&ceid=US:en  (no just-published item; only older items resurfaced)
2026-09-09T11:11:56.976489+00:00  STALE    https://news.google.com/rss/search?q=*Raymond%20McGuire*&hl=en-US&gl=US&ceid=US:en  (no just-published item; only older items resurfaced)
2026-09-09T11:11:56.976489+00:00  STALE    https://news.google.com/rss/search?q=Joshua%20Friedman&hl=en-US&gl=US&ceid=US:en  (no just-published item; only older items resurfaced)
2026-09-09T11:11:56.976489+00:00  STALE    https://news.google.com/rss/search?q=*600%20Atlantic%20Avenue%20Boston*&hl=en-US&gl=US&ceid=US:en  (no just-published item; only older items resurfaced)
2026-09-09T11:11:56.976489+00:00  STALE    https://news.google.com/rss/search?q=Harvard%20investment&hl=en-US&gl=US&ceid=US:en  (no just-published item; only older items resurfaced)
2026-09-09T11:11:56.976489+00:00  STALE    https://news.google.com/rss/search?q=Harvard%20Singapore&hl=en-US&gl=US&ceid=US:en  (no just-published item; only older items resurfaced)
2026-09-09T11:11:56.976489+00:00  STALE    https://news.google.com/rss/search?q=HMC%20San%20Francisco&hl=en-US&gl=US&ceid=US:en  (no just-published item; only older items resurfaced)
2026-09-09T11:11:56.976489+00:00  STALE    https://news.google.com/rss/search?q=John%20Shue&hl=en-US&gl=US&ceid=US:en  (no just-published item; only older items resurfaced)
2026-09-09T11:11:56.976489+00:00  STALE    https://news.google.com/rss/search?q=marcus%20loveland&hl=en-US&gl=US&ceid=US:en  (no just-published item; only older items resurfaced)
2026-09-09T11:36:28.667615+00:00  CHANGED  https://thecrimson.com  by=dhruv.patel  ch=directmessage  via=DM->dhruv.patel
2026-09-09T11:36:28.667615+00:00  CHANGED  https://thecrimson.com  by=matteo.diaz  ch=matteo-internal  via=DM->matteo.diaz
2026-09-09T11:36:28.667615+00:00  CHANGED  https://thecrimson.com  by=sebastian.connolly  ch=directmessage  via=DM->sebastian.connolly
2026-09-09T11:36:28.667615+00:00  CHANGED  https://thecrimson.com  by=matteo.diaz  ch=directmessage  via=DM->matteo.diaz
2026-09-09T11:36:28.667615+00:00  CHANGED  https://www.thecrimson.com/  by=megan.blonigen  ch=directmessage  via=DM->megan.blonigen
2026-09-09T11:41:34.492434+00:00  BLOCKED  https://dso.college.harvard.edu/office-culture-community/about-harvard-foundation
2026-09-09T11:41:34.492434+00:00  CHANGED  https://news.google.com/rss/search?q=harvard&hl=en-US&gl=US&ceid=US:en  by=dhruv.patel  ch=directmessage  via=DM->dhruv.patel
2026-09-09T11:41:34.492434+00:00  STALE    https://news.google.com/rss/search?q=Harvard%20Management%20Company&hl=en-US&gl=US&ceid=US:en  (no just-published item; only older items resurfaced)
2026-09-09T11:41:34.492434+00:00  CHANGED  https://news.google.com/rss/search?q=Harvard&hl=en-US&gl=US&ceid=US:en  by=megan.blonigen  ch=directmessage  via=DM->megan.blonigen
2026-09-09T11:41:34.492434+00:00  STALE    https://news.google.com/rss/search?q=N.P.%20Narvekar&hl=en-US&gl=US&ceid=US:en  (no just-published item; only older items resurfaced)
2026-09-09T11:41:34.492434+00:00  STALE    https://news.google.com/rss/search?q=Rick%20Slocum&hl=en-US&gl=US&ceid=US:en  (no just-published item; only older items resurfaced)
2026-09-09T11:41:34.492434+00:00  STALE    https://news.google.com/rss/search?q=Sanjeev%20Daga&hl=en-US&gl=US&ceid=US:en  (no just-published item; only older items resurfaced)
2026-09-09T11:41:34.492434+00:00  STALE    https://news.google.com/rss/search?q=Tim%20Barakett&hl=en-US&gl=US&ceid=US:en  (no just-published item; only older items resurfaced)
2026-09-09T11:41:34.492434+00:00  STALE    https://news.google.com/rss/search?q=Alan%20Garber&hl=en-US&gl=US&ceid=US:en  (no just-published item; only older items resurfaced)
2026-09-09T11:41:34.492434+00:00  STALE    https://news.google.com/rss/search?q=Tricia%20Glynn&hl=en-US&gl=US&ceid=US:en  (no just-published item; only older items resurfaced)
2026-09-09T11:41:34.492434+00:00  STALE    https://news.google.com/rss/search?q=*Eric%20Doppstadt*&hl=en-US&gl=US&ceid=US:en  (no just-published item; only older items resurfaced)
2026-09-09T11:41:34.492434+00:00  STALE    https://news.google.com/rss/search?q=Paul%20Edgerley&hl=en-US&gl=US&ceid=US:en  (no just-published item; only older items resurfaced)
2026-09-09T11:41:34.492434+00:00  STALE    https://news.google.com/rss/search?q=Patrick%20Healy&hl=en-US&gl=US&ceid=US:en  (no just-published item; only older items resurfaced)
2026-09-09T11:41:34.492434+00:00  STALE    https://news.google.com/rss/search?q=Mary%20Erdoes&hl=en-US&gl=US&ceid=US:en  (no just-published item; only older items resurfaced)
2026-09-09T11:41:34.492434+00:00  STALE    https://news.google.com/rss/search?q=*Robert%20Jain*&hl=en-US&gl=US&ceid=US:en  (no just-published item; only older items resurfaced)
2026-09-09T11:41:34.492434+00:00  STALE    https://news.google.com/rss/search?q=*Mart%C3%ADn%20Escobari*&hl=en-US&gl=US&ceid=US:en  (no just-published item; only older items resurfaced)
2026-09-09T11:41:34.492434+00:00  STALE    https://news.google.com/rss/search?q=*Ritu%20Kalra*&hl=en-US&gl=US&ceid=US:en  (no just-published item; only older items resurfaced)
2026-09-09T11:41:34.492434+00:00  STALE    https://news.google.com/rss/search?q=Paul%20Finnegan&hl=en-US&gl=US&ceid=US:en  (no just-published item; only older items resurfaced)
2026-09-09T11:41:34.492434+00:00  STALE    https://news.google.com/rss/search?q=*Raymond%20McGuire*&hl=en-US&gl=US&ceid=US:en  (no just-published item; only older items resurfaced)
2026-09-09T11:41:34.492434+00:00  STALE    https://news.google.com/rss/search?q=Joshua%20Friedman&hl=en-US&gl=US&ceid=US:en  (no just-published item; only older items resurfaced)
2026-09-09T11:41:34.492434+00:00  STALE    https://news.google.com/rss/search?q=*600%20Atlantic%20Avenue%20Boston*&hl=en-US&gl=US&ceid=US:en  (no just-published item; only older items resurfaced)
2026-09-09T11:41:34.492434+00:00  STALE    https://news.google.com/rss/search?q=Harvard%20investment&hl=en-US&gl=US&ceid=US:en  (no just-published item; only older items resurfaced)
2026-09-09T11:41:34.492434+00:00  STALE    https://news.google.com/rss/search?q=Harvard%20Singapore&hl=en-US&gl=US&ceid=US:en  (no just-published item; only older items resurfaced)
2026-09-09T11:41:34.492434+00:00  CHANGED  https://news.google.com/rss/search?q=HMC%20San%20Francisco&hl=en-US&gl=US&ceid=US:en  by=megan.blonigen  ch=directmessage  via=DM->megan.blonigen
2026-09-09T11:41:34.492434+00:00  STALE    https://news.google.com/rss/search?q=John%20Shue&hl=en-US&gl=US&ceid=US:en  (no just-published item; only older items resurfaced)
2026-09-09T11:41:34.492434+00:00  STALE    https://news.google.com/rss/search?q=marcus%20loveland&hl=en-US&gl=US&ceid=US:en  (no just-published item; only older items resurfaced)
2026-09-09T12:01:38.625153+00:00  CHANGED  https://thecrimson.com  by=dhruv.patel  ch=directmessage  via=DM->dhruv.patel
2026-09-09T12:01:38.625153+00:00  CHANGED  https://thecrimson.com  by=matteo.diaz  ch=matteo-internal  via=DM->matteo.diaz
2026-09-09T12:01:38.625153+00:00  CHANGED  https://thecrimson.com  by=sebastian.connolly  ch=directmessage  via=DM->sebastian.connolly
2026-09-09T12:01:38.625153+00:00  CHANGED  https://thecrimson.com  by=matteo.diaz  ch=directmessage  via=DM->matteo.diaz
2026-09-09T12:01:38.625153+00:00  CHANGED  https://www.thecrimson.com/  by=megan.blonigen  ch=directmessage  via=DM->megan.blonigen
2026-09-09T12:11:45.933818+00:00  CHANGED  https://news.google.com/rss/search?q=harvard&hl=en-US&gl=US&ceid=US:en  by=dhruv.patel  ch=directmessage  via=DM->dhruv.patel
2026-09-09T12:11:45.933818+00:00  STALE    https://news.google.com/rss/search?q=Harvard%20Management%20Company&hl=en-US&gl=US&ceid=US:en  (no just-published item; only older items resurfaced)
2026-09-09T12:11:45.933818+00:00  CHANGED  https://news.google.com/rss/search?q=Harvard&hl=en-US&gl=US&ceid=US:en  by=megan.blonigen  ch=directmessage  via=DM->megan.blonigen
2026-09-09T12:11:45.933818+00:00  STALE    https://news.google.com/rss/search?q=N.P.%20Narvekar&hl=en-US&gl=US&ceid=US:en  (no just-published item; only older items resurfaced)
2026-09-09T12:11:45.933818+00:00  STALE    https://news.google.com/rss/search?q=Rick%20Slocum&hl=en-US&gl=US&ceid=US:en  (no just-published item; only older items resurfaced)
2026-09-09T12:11:45.933818+00:00  STALE    https://news.google.com/rss/search?q=Tim%20Barakett&hl=en-US&gl=US&ceid=US:en  (no just-published item; only older items resurfaced)
2026-09-09T12:11:45.933818+00:00  STALE    https://news.google.com/rss/search?q=Alan%20Garber&hl=en-US&gl=US&ceid=US:en  (no just-published item; only older items resurfaced)
2026-09-09T12:11:45.933818+00:00  STALE    https://news.google.com/rss/search?q=Tricia%20Glynn&hl=en-US&gl=US&ceid=US:en  (no just-published item; only older items resurfaced)
2026-09-09T12:11:45.933818+00:00  STALE    https://news.google.com/rss/search?q=Paul%20Edgerley&hl=en-US&gl=US&ceid=US:en  (no just-published item; only older items resurfaced)
2026-09-09T12:11:45.933818+00:00  STALE    https://news.google.com/rss/search?q=Patrick%20Healy&hl=en-US&gl=US&ceid=US:en  (no just-published item; only older items resurfaced)
2026-09-09T12:11:45.933818+00:00  STALE    https://news.google.com/rss/search?q=Mary%20Erdoes&hl=en-US&gl=US&ceid=US:en  (no just-published item; only older items resurfaced)
2026-09-09T12:11:45.933818+00:00  STALE    https://news.google.com/rss/search?q=*Robert%20Jain*&hl=en-US&gl=US&ceid=US:en  (no just-published item; only older items resurfaced)
2026-09-09T12:11:45.933818+00:00  STALE    https://news.google.com/rss/search?q=*Mart%C3%ADn%20Escobari*&hl=en-US&gl=US&ceid=US:en  (no just-published item; only older items resurfaced)
2026-09-09T12:11:45.933818+00:00  STALE    https://news.google.com/rss/search?q=*Ritu%20Kalra*&hl=en-US&gl=US&ceid=US:en  (no just-published item; only older items resurfaced)
2026-09-09T12:11:45.933818+00:00  STALE    https://news.google.com/rss/search?q=Paul%20Finnegan&hl=en-US&gl=US&ceid=US:en  (no just-published item; only older items resurfaced)
2026-09-09T12:11:45.933818+00:00  STALE    https://news.google.com/rss/search?q=*Raymond%20McGuire*&hl=en-US&gl=US&ceid=US:en  (no just-published item; only older items resurfaced)
2026-09-09T12:11:45.933818+00:00  STALE    https://news.google.com/rss/search?q=Joshua%20Friedman&hl=en-US&gl=US&ceid=US:en  (no just-published item; only older items resurfaced)
2026-09-09T12:11:45.933818+00:00  STALE    https://news.google.com/rss/search?q=*600%20Atlantic%20Avenue%20Boston*&hl=en-US&gl=US&ceid=US:en  (no just-published item; only older items resurfaced)
2026-09-09T12:11:45.933818+00:00  STALE    https://news.google.com/rss/search?q=Harvard%20investment&hl=en-US&gl=US&ceid=US:en  (no just-published item; only older items resurfaced)
2026-09-09T12:11:45.933818+00:00  STALE    https://news.google.com/rss/search?q=Harvard%20Singapore&hl=en-US&gl=US&ceid=US:en  (no just-published item; only older items resurfaced)
2026-09-09T12:11:45.933818+00:00  STALE    https://news.google.com/rss/search?q=HMC%20San%20Francisco&hl=en-US&gl=US&ceid=US:en  (no just-published item; only older items resurfaced)
2026-09-09T12:11:45.933818+00:00  STALE    https://news.google.com/rss/search?q=John%20Shue&hl=en-US&gl=US&ceid=US:en  (no just-published item; only older items resurfaced)
2026-09-09T12:11:45.933818+00:00  STALE    https://news.google.com/rss/search?q=marcus%20loveland&hl=en-US&gl=US&ceid=US:en  (no just-published item; only older items resurfaced)
2026-09-09T12:36:37.427819+00:00  ERROR    https://www.courtlistener.com/docket/72090192/president-and-fellows-of-harvard-college-v-us-department-of-health-and/?order_by=desc  The read operation timed out
2026-09-09T12:42:03.311440+00:00  BLOCKED  https://dso.college.harvard.edu/office-culture-community/about-harvard-foundation
2026-09-09T12:42:03.311440+00:00  CHANGED  https://news.google.com/rss/search?q=harvard&hl=en-US&gl=US&ceid=US:en  by=dhruv.patel  ch=directmessage  via=DM->dhruv.patel
2026-09-09T12:42:03.311440+00:00  STALE    https://news.google.com/rss/search?q=Harvard%20Management%20Company&hl=en-US&gl=US&ceid=US:en  (no just-published item; only older items resurfaced)
2026-09-09T12:42:03.311440+00:00  CHANGED  https://news.google.com/rss/search?q=Harvard&hl=en-US&gl=US&ceid=US:en  by=megan.blonigen  ch=directmessage  via=DM->megan.blonigen
2026-09-09T12:42:03.311440+00:00  STALE    https://news.google.com/rss/search?q=N.P.%20Narvekar&hl=en-US&gl=US&ceid=US:en  (no just-published item; only older items resurfaced)
2026-09-09T12:42:03.311440+00:00  STALE    https://news.google.com/rss/search?q=Rick%20Slocum&hl=en-US&gl=US&ceid=US:en  (no just-published item; only older items resurfaced)
2026-09-09T12:42:03.311440+00:00  STALE    https://news.google.com/rss/search?q=Sanjeev%20Daga&hl=en-US&gl=US&ceid=US:en  (no just-published item; only older items resurfaced)
2026-09-09T12:42:03.311440+00:00  STALE    https://news.google.com/rss/search?q=Tim%20Barakett&hl=en-US&gl=US&ceid=US:en  (no just-published item; only older items resurfaced)
2026-09-09T12:42:03.311440+00:00  STALE    https://news.google.com/rss/search?q=Alan%20Garber&hl=en-US&gl=US&ceid=US:en  (no just-published item; only older items resurfaced)
2026-09-09T12:42:03.311440+00:00  STALE    https://news.google.com/rss/search?q=Tricia%20Glynn&hl=en-US&gl=US&ceid=US:en  (no just-published item; only older items resurfaced)
2026-09-09T12:42:03.311440+00:00  STALE    https://news.google.com/rss/search?q=Paul%20Edgerley&hl=en-US&gl=US&ceid=US:en  (no just-published item; only older items resurfaced)
2026-09-09T12:42:03.311440+00:00  STALE    https://news.google.com/rss/search?q=Patrick%20Healy&hl=en-US&gl=US&ceid=US:en  (no just-published item; only older items resurfaced)
2026-09-09T12:42:03.311440+00:00  STALE    https://news.google.com/rss/search?q=Mary%20Erdoes&hl=en-US&gl=US&ceid=US:en  (no just-published item; only older items resurfaced)
2026-09-09T12:42:03.311440+00:00  STALE    https://news.google.com/rss/search?q=*Robert%20Jain*&hl=en-US&gl=US&ceid=US:en  (no just-published item; only older items resurfaced)
2026-09-09T12:42:03.311440+00:00  STALE    https://news.google.com/rss/search?q=*Mart%C3%ADn%20Escobari*&hl=en-US&gl=US&ceid=US:en  (no just-published item; only older items resurfaced)
2026-09-09T12:42:03.311440+00:00  STALE    https://news.google.com/rss/search?q=*Ritu%20Kalra*&hl=en-US&gl=US&ceid=US:en  (no just-published item; only older items resurfaced)
2026-09-09T12:42:03.311440+00:00  STALE    https://news.google.com/rss/search?q=Paul%20Finnegan&hl=en-US&gl=US&ceid=US:en  (no just-published item; only older items resurfaced)
2026-09-09T12:42:03.311440+00:00  STALE    https://news.google.com/rss/search?q=*Raymond%20McGuire*&hl=en-US&gl=US&ceid=US:en  (no just-published item; only older items resurfaced)
2026-09-09T12:42:03.311440+00:00  STALE    https://news.google.com/rss/search?q=Joshua%20Friedman&hl=en-US&gl=US&ceid=US:en  (no just-published item; only older items resurfaced)
2026-09-09T12:42:03.311440+00:00  STALE    https://news.google.com/rss/search?q=*600%20Atlantic%20Avenue%20Boston*&hl=en-US&gl=US&ceid=US:en  (no just-published item; only older items resurfaced)
2026-09-09T12:42:03.311440+00:00  STALE    https://news.google.com/rss/search?q=Harvard%20investment&hl=en-US&gl=US&ceid=US:en  (no just-published item; only older items resurfaced)
2026-09-09T12:42:03.311440+00:00  STALE    https://news.google.com/rss/search?q=Harvard%20Singapore&hl=en-US&gl=US&ceid=US:en  (no just-published item; only older items resurfaced)
2026-09-09T12:42:03.311440+00:00  STALE    https://news.google.com/rss/search?q=HMC%20San%20Francisco&hl=en-US&gl=US&ceid=US:en  (no just-published item; only older items resurfaced)
2026-09-09T12:42:03.311440+00:00  STALE    https://news.google.com/rss/search?q=John%20Shue&hl=en-US&gl=US&ceid=US:en  (no just-published item; only older items resurfaced)
2026-09-09T12:42:03.311440+00:00  STALE    https://news.google.com/rss/search?q=marcus%20loveland&hl=en-US&gl=US&ceid=US:en  (no just-published item; only older items resurfaced)
2026-09-09T13:44:01.069805+00:00  CHANGED  https://www.hks.harvard.edu  by=jen.phan  ch=directmessage  via=DM->jen.phan
2026-09-09T13:44:01.069805+00:00  BLOCKED  https://dso.college.harvard.edu/office-culture-community/about-harvard-foundation
2026-09-09T13:44:01.069805+00:00  CHANGED  https://news.google.com/rss/search?q=harvard&hl=en-US&gl=US&ceid=US:en  by=dhruv.patel  ch=directmessage  via=DM->dhruv.patel
2026-09-09T13:44:01.069805+00:00  STALE    https://news.google.com/rss/search?q=Harvard%20Management%20Company&hl=en-US&gl=US&ceid=US:en  (no just-published item; only older items resurfaced)
2026-09-09T13:44:01.069805+00:00  CHANGED  https://news.google.com/rss/search?q=Harvard&hl=en-US&gl=US&ceid=US:en  by=megan.blonigen  ch=directmessage  via=DM->megan.blonigen
2026-09-09T13:44:01.069805+00:00  STALE    https://news.google.com/rss/search?q=N.P.%20Narvekar&hl=en-US&gl=US&ceid=US:en  (no just-published item; only older items resurfaced)
2026-09-09T13:44:01.069805+00:00  STALE    https://news.google.com/rss/search?q=Rick%20Slocum&hl=en-US&gl=US&ceid=US:en  (no just-published item; only older items resurfaced)
2026-09-09T13:44:01.069805+00:00  STALE    https://news.google.com/rss/search?q=Sanjeev%20Daga&hl=en-US&gl=US&ceid=US:en  (no just-published item; only older items resurfaced)
2026-09-09T13:44:01.069805+00:00  STALE    https://news.google.com/rss/search?q=Tim%20Barakett&hl=en-US&gl=US&ceid=US:en  (no just-published item; only older items resurfaced)
2026-09-09T13:44:01.069805+00:00  STALE    https://news.google.com/rss/search?q=Alan%20Garber&hl=en-US&gl=US&ceid=US:en  (no just-published item; only older items resurfaced)
2026-09-09T13:44:01.069805+00:00  STALE    https://news.google.com/rss/search?q=Tricia%20Glynn&hl=en-US&gl=US&ceid=US:en  (no just-published item; only older items resurfaced)
2026-09-09T13:44:01.069805+00:00  STALE    https://news.google.com/rss/search?q=*Eric%20Doppstadt*&hl=en-US&gl=US&ceid=US:en  (no just-published item; only older items resurfaced)
2026-09-09T13:44:01.069805+00:00  STALE    https://news.google.com/rss/search?q=Paul%20Edgerley&hl=en-US&gl=US&ceid=US:en  (no just-published item; only older items resurfaced)
2026-09-09T13:44:01.069805+00:00  STALE    https://news.google.com/rss/search?q=Patrick%20Healy&hl=en-US&gl=US&ceid=US:en  (no just-published item; only older items resurfaced)
2026-09-09T13:44:01.069805+00:00  STALE    https://news.google.com/rss/search?q=Mary%20Erdoes&hl=en-US&gl=US&ceid=US:en  (no just-published item; only older items resurfaced)
2026-09-09T13:44:01.069805+00:00  STALE    https://news.google.com/rss/search?q=*Robert%20Jain*&hl=en-US&gl=US&ceid=US:en  (no just-published item; only older items resurfaced)
2026-09-09T13:44:01.069805+00:00  STALE    https://news.google.com/rss/search?q=*Mart%C3%ADn%20Escobari*&hl=en-US&gl=US&ceid=US:en  (no just-published item; only older items resurfaced)
2026-09-09T13:44:01.069805+00:00  STALE    https://news.google.com/rss/search?q=*Ritu%20Kalra*&hl=en-US&gl=US&ceid=US:en  (no just-published item; only older items resurfaced)
2026-09-09T13:44:01.069805+00:00  STALE    https://news.google.com/rss/search?q=Paul%20Finnegan&hl=en-US&gl=US&ceid=US:en  (no just-published item; only older items resurfaced)
2026-09-09T13:44:01.069805+00:00  STALE    https://news.google.com/rss/search?q=*Raymond%20McGuire*&hl=en-US&gl=US&ceid=US:en  (no just-published item; only older items resurfaced)
2026-09-09T13:44:01.069805+00:00  STALE    https://news.google.com/rss/search?q=Joshua%20Friedman&hl=en-US&gl=US&ceid=US:en  (no just-published item; only older items resurfaced)
2026-09-09T13:44:01.069805+00:00  STALE    https://news.google.com/rss/search?q=*600%20Atlantic%20Avenue%20Boston*&hl=en-US&gl=US&ceid=US:en  (no just-published item; only older items resurfaced)
2026-09-09T13:44:01.069805+00:00  STALE    https://news.google.com/rss/search?q=Harvard%20investment&hl=en-US&gl=US&ceid=US:en  (no just-published item; only older items resurfaced)
2026-09-09T13:44:01.069805+00:00  STALE    https://news.google.com/rss/search?q=Harvard%20Singapore&hl=en-US&gl=US&ceid=US:en  (no just-published item; only older items resurfaced)
2026-09-09T13:44:01.069805+00:00  STALE    https://news.google.com/rss/search?q=HMC%20San%20Francisco&hl=en-US&gl=US&ceid=US:en  (no just-published item; only older items resurfaced)
2026-09-09T13:44:01.069805+00:00  STALE    https://news.google.com/rss/search?q=John%20Shue&hl=en-US&gl=US&ceid=US:en  (no just-published item; only older items resurfaced)
2026-09-09T13:44:01.069805+00:00  STALE    https://news.google.com/rss/search?q=marcus%20loveland&hl=en-US&gl=US&ceid=US:en  (no just-published item; only older items resurfaced)
2026-09-09T14:35:59.603075+00:00  BLOCKED  https://www.hupd.harvard.edu/campus-hazing-transparency-report
2026-09-09T14:41:03.254217+00:00  CHANGED  https://thecrimson.com  by=dhruv.patel  ch=directmessage  via=DM->dhruv.patel
2026-09-09T14:41:03.254217+00:00  CHANGED  https://thecrimson.com  by=matteo.diaz  ch=matteo-internal  via=DM->matteo.diaz
2026-09-09T14:41:03.254217+00:00  CHANGED  https://thecrimson.com  by=sebastian.connolly  ch=directmessage  via=DM->sebastian.connolly
2026-09-09T14:41:03.254217+00:00  CHANGED  https://thecrimson.com  by=matteo.diaz  ch=directmessage  via=DM->matteo.diaz
2026-09-09T14:41:03.254217+00:00  CHANGED  https://www.cambridgema.gov/news  by=shawn.boehmer  ch=directmessage  via=DM->shawn.boehmer
2026-09-09T14:41:03.254217+00:00  CHANGED  https://www.thecrimson.com/  by=megan.blonigen  ch=directmessage  via=DM->megan.blonigen
2026-09-09T15:13:30.298583+00:00  CHANGED  https://www.courtlistener.com/docket/72090192/president-and-fellows-of-harvard-college-v-us-department-of-health-and/?order_by=desc  by=hugo.chiasson  ch=directmessage  via=DM->hugo.chiasson
2026-09-09T15:18:38.476513+00:00  CHANGED  https://thecrimson.com  by=dhruv.patel  ch=directmessage  via=DM->dhruv.patel
2026-09-09T15:18:38.476513+00:00  CHANGED  https://thecrimson.com  by=matteo.diaz  ch=matteo-internal  via=DM->matteo.diaz
2026-09-09T15:18:38.476513+00:00  CHANGED  https://thecrimson.com  by=sebastian.connolly  ch=directmessage  via=DM->sebastian.connolly
2026-09-09T15:18:38.476513+00:00  CHANGED  https://thecrimson.com  by=matteo.diaz  ch=directmessage  via=DM->matteo.diaz
2026-09-09T15:18:38.476513+00:00  CHANGED  https://news.google.com/rss/search?q=harvard&hl=en-US&gl=US&ceid=US:en  by=dhruv.patel  ch=directmessage  via=DM->dhruv.patel
2026-09-09T15:18:38.476513+00:00  STALE    https://news.google.com/rss/search?q=Harvard%20Management%20Company&hl=en-US&gl=US&ceid=US:en  (no just-published item; only older items resurfaced)
2026-09-09T15:18:38.476513+00:00  CHANGED  https://news.google.com/rss/search?q=Harvard&hl=en-US&gl=US&ceid=US:en  by=megan.blonigen  ch=directmessage  via=DM->megan.blonigen
2026-09-09T15:18:38.476513+00:00  STALE    https://news.google.com/rss/search?q=N.P.%20Narvekar&hl=en-US&gl=US&ceid=US:en  (no just-published item; only older items resurfaced)
2026-09-09T15:18:38.476513+00:00  STALE    https://news.google.com/rss/search?q=Rick%20Slocum&hl=en-US&gl=US&ceid=US:en  (no just-published item; only older items resurfaced)
2026-09-09T15:18:38.476513+00:00  STALE    https://news.google.com/rss/search?q=Sanjeev%20Daga&hl=en-US&gl=US&ceid=US:en  (no just-published item; only older items resurfaced)
2026-09-09T15:18:38.476513+00:00  STALE    https://news.google.com/rss/search?q=Tim%20Barakett&hl=en-US&gl=US&ceid=US:en  (no just-published item; only older items resurfaced)
2026-09-09T15:18:38.476513+00:00  STALE    https://news.google.com/rss/search?q=Alan%20Garber&hl=en-US&gl=US&ceid=US:en  (no just-published item; only older items resurfaced)
2026-09-09T15:18:38.476513+00:00  STALE    https://news.google.com/rss/search?q=Tricia%20Glynn&hl=en-US&gl=US&ceid=US:en  (no just-published item; only older items resurfaced)
2026-09-09T15:18:38.476513+00:00  STALE    https://news.google.com/rss/search?q=*Eric%20Doppstadt*&hl=en-US&gl=US&ceid=US:en  (no just-published item; only older items resurfaced)
2026-09-09T15:18:38.476513+00:00  STALE    https://news.google.com/rss/search?q=Paul%20Edgerley&hl=en-US&gl=US&ceid=US:en  (no just-published item; only older items resurfaced)
2026-09-09T15:18:38.476513+00:00  STALE    https://news.google.com/rss/search?q=Patrick%20Healy&hl=en-US&gl=US&ceid=US:en  (no just-published item; only older items resurfaced)
2026-09-09T15:18:38.476513+00:00  STALE    https://news.google.com/rss/search?q=Mary%20Erdoes&hl=en-US&gl=US&ceid=US:en  (no just-published item; only older items resurfaced)
2026-09-09T15:18:38.476513+00:00  STALE    https://news.google.com/rss/search?q=*Robert%20Jain*&hl=en-US&gl=US&ceid=US:en  (no just-published item; only older items resurfaced)
2026-09-09T15:18:38.476513+00:00  STALE    https://news.google.com/rss/search?q=*Mart%C3%ADn%20Escobari*&hl=en-US&gl=US&ceid=US:en  (no just-published item; only older items resurfaced)
2026-09-09T15:18:38.476513+00:00  STALE    https://news.google.com/rss/search?q=*Ritu%20Kalra*&hl=en-US&gl=US&ceid=US:en  (no just-published item; only older items resurfaced)
2026-09-09T15:18:38.476513+00:00  STALE    https://news.google.com/rss/search?q=Paul%20Finnegan&hl=en-US&gl=US&ceid=US:en  (no just-published item; only older items resurfaced)
2026-09-09T15:18:38.476513+00:00  STALE    https://news.google.com/rss/search?q=*Raymond%20McGuire*&hl=en-US&gl=US&ceid=US:en  (no just-published item; only older items resurfaced)
2026-09-09T15:18:38.476513+00:00  STALE    https://news.google.com/rss/search?q=Joshua%20Friedman&hl=en-US&gl=US&ceid=US:en  (no just-published item; only older items resurfaced)
2026-09-09T15:18:38.476513+00:00  STALE    https://news.google.com/rss/search?q=*600%20Atlantic%20Avenue%20Boston*&hl=en-US&gl=US&ceid=US:en  (no just-published item; only older items resurfaced)
2026-09-09T15:18:38.476513+00:00  STALE    https://news.google.com/rss/search?q=Harvard%20investment&hl=en-US&gl=US&ceid=US:en  (no just-published item; only older items resurfaced)
2026-09-09T15:18:38.476513+00:00  STALE    https://news.google.com/rss/search?q=Harvard%20Singapore&hl=en-US&gl=US&ceid=US:en  (no just-published item; only older items resurfaced)
2026-09-09T15:18:38.476513+00:00  CHANGED  https://news.google.com/rss/search?q=HMC%20San%20Francisco&hl=en-US&gl=US&ceid=US:en  by=megan.blonigen  ch=directmessage  via=DM->megan.blonigen
2026-09-09T15:18:38.476513+00:00  CHANGED  https://www.thecrimson.com/  by=megan.blonigen  ch=directmessage  via=DM->megan.blonigen
2026-09-09T15:18:38.476513+00:00  STALE    https://news.google.com/rss/search?q=John%20Shue&hl=en-US&gl=US&ceid=US:en  (no just-published item; only older items resurfaced)
2026-09-09T15:18:38.476513+00:00  STALE    https://news.google.com/rss/search?q=marcus%20loveland&hl=en-US&gl=US&ceid=US:en  (no just-published item; only older items resurfaced)
2026-09-09T15:33:52.952870+00:00  CHANGED  https://www.ed.gov/about/news/press-release  by=hugo.chiasson  ch=directmessage  via=DM->hugo.chiasson
2026-09-09T16:21:27.154256+00:00  CHANGED  https://news.google.com/rss/search?q=harvard&hl=en-US&gl=US&ceid=US:en  by=dhruv.patel  ch=directmessage  via=DM->dhruv.patel
2026-09-09T16:21:27.154256+00:00  STALE    https://news.google.com/rss/search?q=Harvard%20Management%20Company&hl=en-US&gl=US&ceid=US:en  (no just-published item; only older items resurfaced)
2026-09-09T16:21:27.154256+00:00  CHANGED  https://news.google.com/rss/search?q=Harvard&hl=en-US&gl=US&ceid=US:en  by=megan.blonigen  ch=directmessage  via=DM->megan.blonigen
2026-09-09T16:21:27.154256+00:00  STALE    https://news.google.com/rss/search?q=N.P.%20Narvekar&hl=en-US&gl=US&ceid=US:en  (no just-published item; only older items resurfaced)
2026-09-09T16:21:27.154256+00:00  STALE    https://news.google.com/rss/search?q=Rick%20Slocum&hl=en-US&gl=US&ceid=US:en  (no just-published item; only older items resurfaced)
2026-09-09T16:21:27.154256+00:00  STALE    https://news.google.com/rss/search?q=Sanjeev%20Daga&hl=en-US&gl=US&ceid=US:en  (no just-published item; only older items resurfaced)
2026-09-09T16:21:27.154256+00:00  STALE    https://news.google.com/rss/search?q=Tim%20Barakett&hl=en-US&gl=US&ceid=US:en  (no just-published item; only older items resurfaced)
2026-09-09T16:21:27.154256+00:00  STALE    https://news.google.com/rss/search?q=Alan%20Garber&hl=en-US&gl=US&ceid=US:en  (no just-published item; only older items resurfaced)
2026-09-09T16:21:27.154256+00:00  STALE    https://news.google.com/rss/search?q=Tricia%20Glynn&hl=en-US&gl=US&ceid=US:en  (no just-published item; only older items resurfaced)
2026-09-09T16:21:27.154256+00:00  STALE    https://news.google.com/rss/search?q=*Eric%20Doppstadt*&hl=en-US&gl=US&ceid=US:en  (no just-published item; only older items resurfaced)
2026-09-09T16:21:27.154256+00:00  STALE    https://news.google.com/rss/search?q=Paul%20Edgerley&hl=en-US&gl=US&ceid=US:en  (no just-published item; only older items resurfaced)
2026-09-09T16:21:27.154256+00:00  FLAPPED  https://news.google.com/rss/search?q=Patrick%20Healy&hl=en-US&gl=US&ceid=US:en
2026-09-09T16:21:27.154256+00:00  STALE    https://news.google.com/rss/search?q=Mary%20Erdoes&hl=en-US&gl=US&ceid=US:en  (no just-published item; only older items resurfaced)
2026-09-09T16:21:27.154256+00:00  STALE    https://news.google.com/rss/search?q=*Robert%20Jain*&hl=en-US&gl=US&ceid=US:en  (no just-published item; only older items resurfaced)
2026-09-09T16:21:27.154256+00:00  STALE    https://news.google.com/rss/search?q=*Mart%C3%ADn%20Escobari*&hl=en-US&gl=US&ceid=US:en  (no just-published item; only older items resurfaced)
2026-09-09T16:21:27.154256+00:00  STALE    https://news.google.com/rss/search?q=*Ritu%20Kalra*&hl=en-US&gl=US&ceid=US:en  (no just-published item; only older items resurfaced)
2026-09-09T16:21:27.154256+00:00  STALE    https://news.google.com/rss/search?q=Paul%20Finnegan&hl=en-US&gl=US&ceid=US:en  (no just-published item; only older items resurfaced)
2026-09-09T16:21:27.154256+00:00  STALE    https://news.google.com/rss/search?q=*Raymond%20McGuire*&hl=en-US&gl=US&ceid=US:en  (no just-published item; only older items resurfaced)
2026-09-09T16:21:27.154256+00:00  STALE    https://news.google.com/rss/search?q=Joshua%20Friedman&hl=en-US&gl=US&ceid=US:en  (no just-published item; only older items resurfaced)
2026-09-09T16:21:27.154256+00:00  STALE    https://news.google.com/rss/search?q=*600%20Atlantic%20Avenue%20Boston*&hl=en-US&gl=US&ceid=US:en  (no just-published item; only older items resurfaced)
2026-09-09T16:21:27.154256+00:00  STALE    https://news.google.com/rss/search?q=Harvard%20investment&hl=en-US&gl=US&ceid=US:en  (no just-published item; only older items resurfaced)
2026-09-09T16:21:27.154256+00:00  STALE    https://news.google.com/rss/search?q=Harvard%20Singapore&hl=en-US&gl=US&ceid=US:en  (no just-published item; only older items resurfaced)
2026-09-09T16:21:27.154256+00:00  STALE    https://news.google.com/rss/search?q=HMC%20San%20Francisco&hl=en-US&gl=US&ceid=US:en  (no just-published item; only older items resurfaced)
2026-09-09T16:21:27.154256+00:00  STALE    https://news.google.com/rss/search?q=John%20Shue&hl=en-US&gl=US&ceid=US:en  (no just-published item; only older items resurfaced)
2026-09-09T16:21:27.154256+00:00  STALE    https://news.google.com/rss/search?q=marcus%20loveland&hl=en-US&gl=US&ceid=US:en  (no just-published item; only older items resurfaced)
2026-09-09T16:51:32.116057+00:00  BLOCKED  https://dso.college.harvard.edu/office-culture-community/about-harvard-foundation
2026-09-09T16:51:32.116057+00:00  CHANGED  https://news.google.com/rss/search?q=harvard&hl=en-US&gl=US&ceid=US:en  by=dhruv.patel  ch=directmessage  via=DM->dhruv.patel
2026-09-09T16:51:32.116057+00:00  STALE    https://news.google.com/rss/search?q=Harvard%20Management%20Company&hl=en-US&gl=US&ceid=US:en  (no just-published item; only older items resurfaced)
2026-09-09T16:51:32.116057+00:00  CHANGED  https://news.google.com/rss/search?q=Harvard&hl=en-US&gl=US&ceid=US:en  by=megan.blonigen  ch=directmessage  via=DM->megan.blonigen
2026-09-09T16:51:32.116057+00:00  STALE    https://news.google.com/rss/search?q=N.P.%20Narvekar&hl=en-US&gl=US&ceid=US:en  (no just-published item; only older items resurfaced)
2026-09-09T16:51:32.116057+00:00  STALE    https://news.google.com/rss/search?q=Rick%20Slocum&hl=en-US&gl=US&ceid=US:en  (no just-published item; only older items resurfaced)
2026-09-09T16:51:32.116057+00:00  STALE    https://news.google.com/rss/search?q=Sanjeev%20Daga&hl=en-US&gl=US&ceid=US:en  (no just-published item; only older items resurfaced)
2026-09-09T16:51:32.116057+00:00  STALE    https://news.google.com/rss/search?q=Tim%20Barakett&hl=en-US&gl=US&ceid=US:en  (no just-published item; only older items resurfaced)
2026-09-09T16:51:32.116057+00:00  STALE    https://news.google.com/rss/search?q=Alan%20Garber&hl=en-US&gl=US&ceid=US:en  (no just-published item; only older items resurfaced)
2026-09-09T16:51:32.116057+00:00  STALE    https://news.google.com/rss/search?q=Tricia%20Glynn&hl=en-US&gl=US&ceid=US:en  (no just-published item; only older items resurfaced)
2026-09-09T16:51:32.116057+00:00  STALE    https://news.google.com/rss/search?q=*Eric%20Doppstadt*&hl=en-US&gl=US&ceid=US:en  (no just-published item; only older items resurfaced)
2026-09-09T16:51:32.116057+00:00  STALE    https://news.google.com/rss/search?q=Paul%20Edgerley&hl=en-US&gl=US&ceid=US:en  (no just-published item; only older items resurfaced)
2026-09-09T16:51:32.116057+00:00  STALE    https://news.google.com/rss/search?q=Patrick%20Healy&hl=en-US&gl=US&ceid=US:en  (no just-published item; only older items resurfaced)
2026-09-09T16:51:32.116057+00:00  STALE    https://news.google.com/rss/search?q=Mary%20Erdoes&hl=en-US&gl=US&ceid=US:en  (no just-published item; only older items resurfaced)
2026-09-09T16:51:32.116057+00:00  STALE    https://news.google.com/rss/search?q=*Robert%20Jain*&hl=en-US&gl=US&ceid=US:en  (no just-published item; only older items resurfaced)
2026-09-09T16:51:32.116057+00:00  STALE    https://news.google.com/rss/search?q=*Mart%C3%ADn%20Escobari*&hl=en-US&gl=US&ceid=US:en  (no just-published item; only older items resurfaced)
2026-09-09T16:51:32.116057+00:00  STALE    https://news.google.com/rss/search?q=*Ritu%20Kalra*&hl=en-US&gl=US&ceid=US:en  (no just-published item; only older items resurfaced)
2026-09-09T16:51:32.116057+00:00  STALE    https://news.google.com/rss/search?q=Paul%20Finnegan&hl=en-US&gl=US&ceid=US:en  (no just-published item; only older items resurfaced)
2026-09-09T16:51:32.116057+00:00  STALE    https://news.google.com/rss/search?q=*Raymond%20McGuire*&hl=en-US&gl=US&ceid=US:en  (no just-published item; only older items resurfaced)
2026-09-09T16:51:32.116057+00:00  STALE    https://news.google.com/rss/search?q=Joshua%20Friedman&hl=en-US&gl=US&ceid=US:en  (no just-published item; only older items resurfaced)
2026-09-09T16:51:32.116057+00:00  STALE    https://news.google.com/rss/search?q=*600%20Atlantic%20Avenue%20Boston*&hl=en-US&gl=US&ceid=US:en  (no just-published item; only older items resurfaced)
2026-09-09T16:51:32.116057+00:00  STALE    https://news.google.com/rss/search?q=Harvard%20investment&hl=en-US&gl=US&ceid=US:en  (no just-published item; only older items resurfaced)
2026-09-09T16:51:32.116057+00:00  STALE    https://news.google.com/rss/search?q=Harvard%20Singapore&hl=en-US&gl=US&ceid=US:en  (no just-published item; only older items resurfaced)
2026-09-09T16:51:32.116057+00:00  STALE    https://news.google.com/rss/search?q=HMC%20San%20Francisco&hl=en-US&gl=US&ceid=US:en  (no just-published item; only older items resurfaced)
2026-09-09T16:51:32.116057+00:00  STALE    https://news.google.com/rss/search?q=John%20Shue&hl=en-US&gl=US&ceid=US:en  (no just-published item; only older items resurfaced)
2026-09-09T16:51:32.116057+00:00  STALE    https://news.google.com/rss/search?q=marcus%20loveland&hl=en-US&gl=US&ceid=US:en  (no just-published item; only older items resurfaced)
2026-09-09T17:01:46.863691+00:00  CHANGED  https://www.cambridgema.gov/news  by=shawn.boehmer  ch=directmessage  via=DM->shawn.boehmer
2026-09-09T17:21:54.893859+00:00  CHANGED  https://news.google.com/rss/search?q=harvard&hl=en-US&gl=US&ceid=US:en  by=dhruv.patel  ch=directmessage  via=DM->dhruv.patel
2026-09-09T17:21:54.893859+00:00  STALE    https://news.google.com/rss/search?q=Harvard%20Management%20Company&hl=en-US&gl=US&ceid=US:en  (no just-published item; only older items resurfaced)
2026-09-09T17:21:54.893859+00:00  CHANGED  https://news.google.com/rss/search?q=Harvard&hl=en-US&gl=US&ceid=US:en  by=megan.blonigen  ch=directmessage  via=DM->megan.blonigen
2026-09-09T17:21:54.893859+00:00  STALE    https://news.google.com/rss/search?q=N.P.%20Narvekar&hl=en-US&gl=US&ceid=US:en  (no just-published item; only older items resurfaced)
2026-09-09T17:21:54.893859+00:00  STALE    https://news.google.com/rss/search?q=Rick%20Slocum&hl=en-US&gl=US&ceid=US:en  (no just-published item; only older items resurfaced)
2026-09-09T17:21:54.893859+00:00  STALE    https://news.google.com/rss/search?q=Sanjeev%20Daga&hl=en-US&gl=US&ceid=US:en  (no just-published item; only older items resurfaced)
2026-09-09T17:21:54.893859+00:00  STALE    https://news.google.com/rss/search?q=Tim%20Barakett&hl=en-US&gl=US&ceid=US:en  (no just-published item; only older items resurfaced)
2026-09-09T17:21:54.893859+00:00  STALE    https://news.google.com/rss/search?q=Alan%20Garber&hl=en-US&gl=US&ceid=US:en  (no just-published item; only older items resurfaced)
2026-09-09T17:21:54.893859+00:00  STALE    https://news.google.com/rss/search?q=Tricia%20Glynn&hl=en-US&gl=US&ceid=US:en  (no just-published item; only older items resurfaced)
2026-09-09T17:21:54.893859+00:00  STALE    https://news.google.com/rss/search?q=*Eric%20Doppstadt*&hl=en-US&gl=US&ceid=US:en  (no just-published item; only older items resurfaced)
2026-09-09T17:21:54.893859+00:00  STALE    https://news.google.com/rss/search?q=Paul%20Edgerley&hl=en-US&gl=US&ceid=US:en  (no just-published item; only older items resurfaced)
2026-09-09T17:21:54.893859+00:00  STALE    https://news.google.com/rss/search?q=Patrick%20Healy&hl=en-US&gl=US&ceid=US:en  (no just-published item; only older items resurfaced)
2026-09-09T17:21:54.893859+00:00  STALE    https://news.google.com/rss/search?q=Mary%20Erdoes&hl=en-US&gl=US&ceid=US:en  (no just-published item; only older items resurfaced)
2026-09-09T17:21:54.893859+00:00  STALE    https://news.google.com/rss/search?q=*Robert%20Jain*&hl=en-US&gl=US&ceid=US:en  (no just-published item; only older items resurfaced)
2026-09-09T17:21:54.893859+00:00  STALE    https://news.google.com/rss/search?q=*Mart%C3%ADn%20Escobari*&hl=en-US&gl=US&ceid=US:en  (no just-published item; only older items resurfaced)
2026-09-09T17:21:54.893859+00:00  STALE    https://news.google.com/rss/search?q=*Ritu%20Kalra*&hl=en-US&gl=US&ceid=US:en  (no just-published item; only older items resurfaced)
2026-09-09T17:21:54.893859+00:00  STALE    https://news.google.com/rss/search?q=Paul%20Finnegan&hl=en-US&gl=US&ceid=US:en  (no just-published item; only older items resurfaced)
2026-09-09T17:21:54.893859+00:00  STALE    https://news.google.com/rss/search?q=*Raymond%20McGuire*&hl=en-US&gl=US&ceid=US:en  (no just-published item; only older items resurfaced)
2026-09-09T17:21:54.893859+00:00  STALE    https://news.google.com/rss/search?q=Joshua%20Friedman&hl=en-US&gl=US&ceid=US:en  (no just-published item; only older items resurfaced)
2026-09-09T17:21:54.893859+00:00  STALE    https://news.google.com/rss/search?q=*600%20Atlantic%20Avenue%20Boston*&hl=en-US&gl=US&ceid=US:en  (no just-published item; only older items resurfaced)
2026-09-09T17:21:54.893859+00:00  STALE    https://news.google.com/rss/search?q=Harvard%20investment&hl=en-US&gl=US&ceid=US:en  (no just-published item; only older items resurfaced)
2026-09-09T17:21:54.893859+00:00  STALE    https://news.google.com/rss/search?q=Harvard%20Singapore&hl=en-US&gl=US&ceid=US:en  (no just-published item; only older items resurfaced)
2026-09-09T17:21:54.893859+00:00  STALE    https://news.google.com/rss/search?q=HMC%20San%20Francisco&hl=en-US&gl=US&ceid=US:en  (no just-published item; only older items resurfaced)
2026-09-09T17:21:54.893859+00:00  STALE    https://news.google.com/rss/search?q=John%20Shue&hl=en-US&gl=US&ceid=US:en  (no just-published item; only older items resurfaced)
2026-09-09T17:21:54.893859+00:00  STALE    https://news.google.com/rss/search?q=marcus%20loveland&hl=en-US&gl=US&ceid=US:en  (no just-published item; only older items resurfaced)
2026-09-09T18:30:36.295855+00:00  CHANGED  https://thecrimson.com  by=dhruv.patel  ch=directmessage  via=DM->dhruv.patel
2026-09-09T18:30:36.295855+00:00  CHANGED  https://thecrimson.com  by=matteo.diaz  ch=matteo-internal  via=DM->matteo.diaz
2026-09-09T18:30:36.295855+00:00  CHANGED  https://thecrimson.com  by=sebastian.connolly  ch=directmessage  via=DM->sebastian.connolly
2026-09-09T18:30:36.295855+00:00  CHANGED  https://thecrimson.com  by=matteo.diaz  ch=directmessage  via=DM->matteo.diaz
2026-09-09T18:30:36.295855+00:00  CHANGED  https://hls.harvard.edu/today/  by=sierra.pape  ch=directmessage  via=DM->sierra.pape
2026-09-09T18:30:36.295855+00:00  BLOCKED  https://dso.college.harvard.edu/office-culture-community/about-harvard-foundation
2026-09-09T18:30:36.295855+00:00  CHANGED  https://www.cambridgema.gov/news  by=shawn.boehmer  ch=directmessage  via=DM->shawn.boehmer
2026-09-09T18:30:36.295855+00:00  CHANGED  https://news.google.com/rss/search?q=harvard&hl=en-US&gl=US&ceid=US:en  by=dhruv.patel  ch=directmessage  via=DM->dhruv.patel
2026-09-09T18:30:36.295855+00:00  STALE    https://news.google.com/rss/search?q=Harvard%20Management%20Company&hl=en-US&gl=US&ceid=US:en  (no just-published item; only older items resurfaced)
2026-09-09T18:30:36.295855+00:00  CHANGED  https://news.google.com/rss/search?q=Harvard&hl=en-US&gl=US&ceid=US:en  by=megan.blonigen  ch=directmessage  via=DM->megan.blonigen
2026-09-09T18:30:36.295855+00:00  STALE    https://news.google.com/rss/search?q=N.P.%20Narvekar&hl=en-US&gl=US&ceid=US:en  (no just-published item; only older items resurfaced)
2026-09-09T18:30:36.295855+00:00  STALE    https://news.google.com/rss/search?q=Rick%20Slocum&hl=en-US&gl=US&ceid=US:en  (no just-published item; only older items resurfaced)
2026-09-09T18:30:36.295855+00:00  STALE    https://news.google.com/rss/search?q=Sanjeev%20Daga&hl=en-US&gl=US&ceid=US:en  (no just-published item; only older items resurfaced)
2026-09-09T18:30:36.295855+00:00  STALE    https://news.google.com/rss/search?q=Tim%20Barakett&hl=en-US&gl=US&ceid=US:en  (no just-published item; only older items resurfaced)
2026-09-09T18:30:36.295855+00:00  STALE    https://news.google.com/rss/search?q=Alan%20Garber&hl=en-US&gl=US&ceid=US:en  (no just-published item; only older items resurfaced)
2026-09-09T18:30:36.295855+00:00  STALE    https://news.google.com/rss/search?q=Tricia%20Glynn&hl=en-US&gl=US&ceid=US:en  (no just-published item; only older items resurfaced)
2026-09-09T18:30:36.295855+00:00  STALE    https://news.google.com/rss/search?q=*Eric%20Doppstadt*&hl=en-US&gl=US&ceid=US:en  (no just-published item; only older items resurfaced)
2026-09-09T18:30:36.295855+00:00  STALE    https://news.google.com/rss/search?q=Paul%20Edgerley&hl=en-US&gl=US&ceid=US:en  (no just-published item; only older items resurfaced)
2026-09-09T18:30:36.295855+00:00  STALE    https://news.google.com/rss/search?q=Patrick%20Healy&hl=en-US&gl=US&ceid=US:en  (no just-published item; only older items resurfaced)
2026-09-09T18:30:36.295855+00:00  STALE    https://news.google.com/rss/search?q=Mary%20Erdoes&hl=en-US&gl=US&ceid=US:en  (no just-published item; only older items resurfaced)
2026-09-09T18:30:36.295855+00:00  STALE    https://news.google.com/rss/search?q=*Robert%20Jain*&hl=en-US&gl=US&ceid=US:en  (no just-published item; only older items resurfaced)
2026-09-09T18:30:36.295855+00:00  STALE    https://news.google.com/rss/search?q=*Mart%C3%ADn%20Escobari*&hl=en-US&gl=US&ceid=US:en  (no just-published item; only older items resurfaced)
2026-09-09T18:30:36.295855+00:00  STALE    https://news.google.com/rss/search?q=*Ritu%20Kalra*&hl=en-US&gl=US&ceid=US:en  (no just-published item; only older items resurfaced)
2026-09-09T18:30:36.295855+00:00  STALE    https://news.google.com/rss/search?q=Paul%20Finnegan&hl=en-US&gl=US&ceid=US:en  (no just-published item; only older items resurfaced)
2026-09-09T18:30:36.295855+00:00  STALE    https://news.google.com/rss/search?q=*Raymond%20McGuire*&hl=en-US&gl=US&ceid=US:en  (no just-published item; only older items resurfaced)
2026-09-09T18:30:36.295855+00:00  STALE    https://news.google.com/rss/search?q=Joshua%20Friedman&hl=en-US&gl=US&ceid=US:en  (no just-published item; only older items resurfaced)
2026-09-09T18:30:36.295855+00:00  STALE    https://news.google.com/rss/search?q=*600%20Atlantic%20Avenue%20Boston*&hl=en-US&gl=US&ceid=US:en  (no just-published item; only older items resurfaced)
2026-09-09T18:30:36.295855+00:00  STALE    https://news.google.com/rss/search?q=Harvard%20investment&hl=en-US&gl=US&ceid=US:en  (no just-published item; only older items resurfaced)
2026-09-09T18:30:36.295855+00:00  STALE    https://news.google.com/rss/search?q=Harvard%20Singapore&hl=en-US&gl=US&ceid=US:en  (no just-published item; only older items resurfaced)
2026-09-09T18:30:36.295855+00:00  STALE    https://news.google.com/rss/search?q=HMC%20San%20Francisco&hl=en-US&gl=US&ceid=US:en  (no just-published item; only older items resurfaced)
2026-09-09T18:30:36.295855+00:00  CHANGED  https://www.thecrimson.com/  by=megan.blonigen  ch=directmessage  via=DM->megan.blonigen
2026-09-09T18:30:36.295855+00:00  STALE    https://news.google.com/rss/search?q=John%20Shue&hl=en-US&gl=US&ceid=US:en  (no just-published item; only older items resurfaced)
2026-09-09T18:30:36.295855+00:00  STALE    https://news.google.com/rss/search?q=marcus%20loveland&hl=en-US&gl=US&ceid=US:en  (no just-published item; only older items resurfaced)
2026-09-09T18:51:11.642244+00:00  CHANGED  https://www.ed.gov/about/news/press-release  by=hugo.chiasson  ch=directmessage  via=DM->hugo.chiasson
2026-09-09T19:27:53.790744+00:00  ERROR    https://www.gse.harvard.edu/ideas/news  Remote end closed connection without response
2026-09-09T19:32:55.222388+00:00  CHANGED  https://www.hks.harvard.edu  by=jen.phan  ch=directmessage  via=DM->jen.phan
2026-09-09T19:32:55.222388+00:00  BLOCKED  https://dso.college.harvard.edu/office-culture-community/about-harvard-foundation
2026-09-09T19:32:55.222388+00:00  CHANGED  https://www.justice.gov/opa/pr/justice-department-launches-investigation-determine-whether-harvards-china-based-financial  by=alexa.schmitt  ch=directmessage  via=DM->alexa.schmitt
2026-09-09T19:32:55.222388+00:00  CHANGED  https://news.google.com/rss/search?q=harvard&hl=en-US&gl=US&ceid=US:en  by=dhruv.patel  ch=directmessage  via=DM->dhruv.patel
2026-09-09T19:32:55.222388+00:00  STALE    https://news.google.com/rss/search?q=Harvard%20Management%20Company&hl=en-US&gl=US&ceid=US:en  (no just-published item; only older items resurfaced)
2026-09-09T19:32:55.222388+00:00  CHANGED  https://news.google.com/rss/search?q=Harvard&hl=en-US&gl=US&ceid=US:en  by=megan.blonigen  ch=directmessage  via=DM->megan.blonigen
2026-09-09T19:32:55.222388+00:00  STALE    https://news.google.com/rss/search?q=N.P.%20Narvekar&hl=en-US&gl=US&ceid=US:en  (no just-published item; only older items resurfaced)
2026-09-09T19:32:55.222388+00:00  STALE    https://news.google.com/rss/search?q=Rick%20Slocum&hl=en-US&gl=US&ceid=US:en  (no just-published item; only older items resurfaced)
2026-09-09T19:32:55.222388+00:00  STALE    https://news.google.com/rss/search?q=Sanjeev%20Daga&hl=en-US&gl=US&ceid=US:en  (no just-published item; only older items resurfaced)
2026-09-09T19:32:55.222388+00:00  STALE    https://news.google.com/rss/search?q=Tim%20Barakett&hl=en-US&gl=US&ceid=US:en  (no just-published item; only older items resurfaced)
2026-09-09T19:32:55.222388+00:00  STALE    https://news.google.com/rss/search?q=Alan%20Garber&hl=en-US&gl=US&ceid=US:en  (no just-published item; only older items resurfaced)
2026-09-09T19:32:55.222388+00:00  STALE    https://news.google.com/rss/search?q=Tricia%20Glynn&hl=en-US&gl=US&ceid=US:en  (no just-published item; only older items resurfaced)
2026-09-09T19:32:55.222388+00:00  STALE    https://news.google.com/rss/search?q=Paul%20Edgerley&hl=en-US&gl=US&ceid=US:en  (no just-published item; only older items resurfaced)
2026-09-09T19:32:55.222388+00:00  STALE    https://news.google.com/rss/search?q=Patrick%20Healy&hl=en-US&gl=US&ceid=US:en  (no just-published item; only older items resurfaced)
2026-09-09T19:32:55.222388+00:00  STALE    https://news.google.com/rss/search?q=Mary%20Erdoes&hl=en-US&gl=US&ceid=US:en  (no just-published item; only older items resurfaced)
2026-09-09T19:32:55.222388+00:00  STALE    https://news.google.com/rss/search?q=*Robert%20Jain*&hl=en-US&gl=US&ceid=US:en  (no just-published item; only older items resurfaced)
2026-09-09T19:32:55.222388+00:00  STALE    https://news.google.com/rss/search?q=*Mart%C3%ADn%20Escobari*&hl=en-US&gl=US&ceid=US:en  (no just-published item; only older items resurfaced)
2026-09-09T19:32:55.222388+00:00  STALE    https://news.google.com/rss/search?q=*Ritu%20Kalra*&hl=en-US&gl=US&ceid=US:en  (no just-published item; only older items resurfaced)
2026-09-09T19:32:55.222388+00:00  STALE    https://news.google.com/rss/search?q=Paul%20Finnegan&hl=en-US&gl=US&ceid=US:en  (no just-published item; only older items resurfaced)
2026-09-09T19:32:55.222388+00:00  STALE    https://news.google.com/rss/search?q=*Raymond%20McGuire*&hl=en-US&gl=US&ceid=US:en  (no just-published item; only older items resurfaced)
2026-09-09T19:32:55.222388+00:00  STALE    https://news.google.com/rss/search?q=Joshua%20Friedman&hl=en-US&gl=US&ceid=US:en  (no just-published item; only older items resurfaced)
2026-09-09T19:32:55.222388+00:00  STALE    https://news.google.com/rss/search?q=*600%20Atlantic%20Avenue%20Boston*&hl=en-US&gl=US&ceid=US:en  (no just-published item; only older items resurfaced)
2026-09-09T19:32:55.222388+00:00  STALE    https://news.google.com/rss/search?q=Harvard%20investment&hl=en-US&gl=US&ceid=US:en  (no just-published item; only older items resurfaced)
2026-09-09T19:32:55.222388+00:00  STALE    https://news.google.com/rss/search?q=Harvard%20Singapore&hl=en-US&gl=US&ceid=US:en  (no just-published item; only older items resurfaced)
2026-09-09T19:32:55.222388+00:00  STALE    https://news.google.com/rss/search?q=HMC%20San%20Francisco&hl=en-US&gl=US&ceid=US:en  (no just-published item; only older items resurfaced)
2026-09-09T19:32:55.222388+00:00  STALE    https://news.google.com/rss/search?q=John%20Shue&hl=en-US&gl=US&ceid=US:en  (no just-published item; only older items resurfaced)
2026-09-09T19:32:55.222388+00:00  STALE    https://news.google.com/rss/search?q=marcus%20loveland&hl=en-US&gl=US&ceid=US:en  (no just-published item; only older items resurfaced)
2026-09-09T19:38:03.314645+00:00  ERROR    https://www.gse.harvard.edu/ideas/news  Remote end closed connection without response
2026-09-09T20:29:51.749012+00:00  CHANGED  https://www.cambridgema.gov/news  by=shawn.boehmer  ch=directmessage  via=DM->shawn.boehmer
2026-09-09T20:34:59.806999+00:00  CHANGED  https://www.hks.harvard.edu  by=jen.phan  ch=directmessage  via=DM->jen.phan
2026-09-09T20:34:59.806999+00:00  BLOCKED  https://dso.college.harvard.edu/office-culture-community/about-harvard-foundation
2026-09-09T20:34:59.806999+00:00  BLOCKED  https://www.hupd.harvard.edu/campus-hazing-transparency-report
2026-09-09T20:34:59.806999+00:00  CHANGED  https://news.google.com/rss/search?q=harvard&hl=en-US&gl=US&ceid=US:en  by=dhruv.patel  ch=directmessage  via=DM->dhruv.patel
2026-09-09T20:34:59.806999+00:00  STALE    https://news.google.com/rss/search?q=Harvard%20Management%20Company&hl=en-US&gl=US&ceid=US:en  (no just-published item; only older items resurfaced)
2026-09-09T20:34:59.806999+00:00  CHANGED  https://news.google.com/rss/search?q=Harvard&hl=en-US&gl=US&ceid=US:en  by=megan.blonigen  ch=directmessage  via=DM->megan.blonigen
2026-09-09T20:34:59.806999+00:00  STALE    https://news.google.com/rss/search?q=N.P.%20Narvekar&hl=en-US&gl=US&ceid=US:en  (no just-published item; only older items resurfaced)
2026-09-09T20:34:59.806999+00:00  STALE    https://news.google.com/rss/search?q=Rick%20Slocum&hl=en-US&gl=US&ceid=US:en  (no just-published item; only older items resurfaced)
2026-09-09T20:34:59.806999+00:00  STALE    https://news.google.com/rss/search?q=Sanjeev%20Daga&hl=en-US&gl=US&ceid=US:en  (no just-published item; only older items resurfaced)
2026-09-09T20:34:59.806999+00:00  STALE    https://news.google.com/rss/search?q=Tim%20Barakett&hl=en-US&gl=US&ceid=US:en  (no just-published item; only older items resurfaced)
2026-09-09T20:34:59.806999+00:00  STALE    https://news.google.com/rss/search?q=Alan%20Garber&hl=en-US&gl=US&ceid=US:en  (no just-published item; only older items resurfaced)
2026-09-09T20:34:59.806999+00:00  STALE    https://news.google.com/rss/search?q=Tricia%20Glynn&hl=en-US&gl=US&ceid=US:en  (no just-published item; only older items resurfaced)
2026-09-09T20:34:59.806999+00:00  STALE    https://news.google.com/rss/search?q=Paul%20Edgerley&hl=en-US&gl=US&ceid=US:en  (no just-published item; only older items resurfaced)
2026-09-09T20:34:59.806999+00:00  STALE    https://news.google.com/rss/search?q=Patrick%20Healy&hl=en-US&gl=US&ceid=US:en  (no just-published item; only older items resurfaced)
2026-09-09T20:34:59.806999+00:00  STALE    https://news.google.com/rss/search?q=Mary%20Erdoes&hl=en-US&gl=US&ceid=US:en  (no just-published item; only older items resurfaced)
2026-09-09T20:34:59.806999+00:00  STALE    https://news.google.com/rss/search?q=*Robert%20Jain*&hl=en-US&gl=US&ceid=US:en  (no just-published item; only older items resurfaced)
2026-09-09T20:34:59.806999+00:00  STALE    https://news.google.com/rss/search?q=*Mart%C3%ADn%20Escobari*&hl=en-US&gl=US&ceid=US:en  (no just-published item; only older items resurfaced)
2026-09-09T20:34:59.806999+00:00  STALE    https://news.google.com/rss/search?q=*Ritu%20Kalra*&hl=en-US&gl=US&ceid=US:en  (no just-published item; only older items resurfaced)
2026-09-09T20:34:59.806999+00:00  STALE    https://news.google.com/rss/search?q=Paul%20Finnegan&hl=en-US&gl=US&ceid=US:en  (no just-published item; only older items resurfaced)
2026-09-09T20:34:59.806999+00:00  STALE    https://news.google.com/rss/search?q=*Raymond%20McGuire*&hl=en-US&gl=US&ceid=US:en  (no just-published item; only older items resurfaced)
2026-09-09T20:34:59.806999+00:00  STALE    https://news.google.com/rss/search?q=Joshua%20Friedman&hl=en-US&gl=US&ceid=US:en  (no just-published item; only older items resurfaced)
2026-09-09T20:34:59.806999+00:00  STALE    https://news.google.com/rss/search?q=*600%20Atlantic%20Avenue%20Boston*&hl=en-US&gl=US&ceid=US:en  (no just-published item; only older items resurfaced)
2026-09-09T20:34:59.806999+00:00  STALE    https://news.google.com/rss/search?q=Harvard%20investment&hl=en-US&gl=US&ceid=US:en  (no just-published item; only older items resurfaced)
2026-09-09T20:34:59.806999+00:00  STALE    https://news.google.com/rss/search?q=Harvard%20Singapore&hl=en-US&gl=US&ceid=US:en  (no just-published item; only older items resurfaced)
2026-09-09T20:34:59.806999+00:00  STALE    https://news.google.com/rss/search?q=HMC%20San%20Francisco&hl=en-US&gl=US&ceid=US:en  (no just-published item; only older items resurfaced)
2026-09-09T20:34:59.806999+00:00  FLAPPED  https://news.google.com/rss/search?q=John%20Shue&hl=en-US&gl=US&ceid=US:en
2026-09-09T20:34:59.806999+00:00  STALE    https://news.google.com/rss/search?q=marcus%20loveland&hl=en-US&gl=US&ceid=US:en  (no just-published item; only older items resurfaced)
